effect_id,side,kind,sub_id,value,name,description
80,4,1,1,80.0,【敌方】大家体力上升,敌方单位的最大体力上升80% (永久)
81,4,1,2,500.0,【敌方】大家速度上升,敌方单位的速度上升500% (永久)
82,4,1,3,500.0,【敌方】大家阳攻上升,敌方单位的阳攻上升500% (永久)
83,4,1,4,500.0,【敌方】大家阳防上升,敌方单位的阳防上升500% (永久)
84,4,1,5,500.0,【敌方】大家阴攻上升,敌方单位的阴攻上升500% (永久)
85,4,1,6,500.0,【敌方】大家阴防上升,敌方单位的阴防上升500% (永久)
86,4,1,7,500.0,【敌方】大家命中上升,敌方单位的全攻击的命中率上升500% (永久)
87,4,1,8,500.0,【敌方】大家回避上升,敌方单位的全攻击的回避率上升500% (永久)
88,4,2,0,-80.0,【敌方】种族特攻受伤倍率轻减,敌方的种族特攻受伤倍率下降80% (永久)
89,2,3,0,-2.0,【己方】结界最大数减少,己方的结界的最大数减少2枚 (永久)
90,4,1,8,80.0,【敌方】大家基础回避率上升,敌方的基础回避率上升80% (永久)
91,2,4,1,-30.0,【己方】防御式弱化,己方的防御式单位的综合强度下降30% (永久)
92,2,4,2,-30.0,【己方】支援式弱化,己方的支援式单位的综合强度下降30% (永久)
93,2,4,3,-30.0,【己方】回复式弱化,己方的回复式单位的综合强度下降30% (永久)
94,2,4,4,-30.0,【己方】干扰式弱化,己方的干扰式单位的综合强度下降30% (永久)
95,2,4,5,-30.0,【己方】攻击式弱化,己方的攻击式单位的综合强度下降30% (永久)
96,2,4,6,-30.0,【己方】技巧式弱化,己方的技巧式单位的综合强度下降30% (永久)
97,2,4,7,-30.0,【己方】速攻式弱化,己方的速攻式单位的综合强度下降30% (永久)
98,2,4,8,-30.0,【己方】破坏式弱化,己方的破坏式单位的综合强度下降30% (永久)
99,2,5,0,1.0,【己方】击破回数制限,每个单位，每回合只能击破结界1次(永久)
100,2,7,1,0.0,【己方】日属性无法击破,己方日属性无法击破 (永久)
101,2,7,2,0.0,【己方】月属性无法击破,己方月属性无法击破 (永久)
102,2,7,3,0.0,【己方】火属性无法击破,己方火属性无法击破 (永久)
103,2,7,4,0.0,【己方】水属性无法击破,己方水属性无法击破 (永久)
104,2,7,5,0.0,【己方】木属性无法击破,己方木属性无法击破 (永久)
105,2,7,6,0.0,【己方】金属性无法击破,己方金属性无法击破 (永久)
106,2,7,7,0.0,【己方】土属性无法击破,己方土属性无法击破 (永久)
107,2,7,8,0.0,【己方】星属性无法击破,己方星属性无法击破 (永久)
108,2,8,1,0.0,【己方】无法击破结界异常(燃烧),己方无法击破结界异常(燃烧) (永久)
109,2,8,2,0.0,【己方】无法击破结界异常(冻结),己方无法击破结界异常(冻结) (永久)
110,2,8,3,0.0,【己方】无法击破结界异常(感电),己方无法击破结界异常(感电) (永久)
111,2,8,4,0.0,【己方】无法击破结界异常(毒雾),己方无法击破结界异常(毒雾) (永久)
112,2,8,5,0.0,【己方】无法击破结界异常(黑暗),己方无法击破结界异常(黑暗) (永久)
113,2,9,1,-80.0,【己方】日属性子弹威力下降,己方的日属性子弹伤害下降80% (永久)
114,2,9,2,-80.0,【己方】月属性子弹威力下降,己方的月属性子弹伤害下降80% (永久)
115,2,9,3,-80.0,【己方】火属性子弹威力下降,己方的火属性子弹伤害下降80% (永久)
116,2,9,4,-80.0,【己方】水属性子弹威力下降,己方的水属性子弹伤害下降80% (永久)
117,2,9,5,-80.0,【己方】木属性子弹威力下降,己方的木属性子弹伤害下降80% (永久)
118,2,9,6,-80.0,【己方】金属性子弹威力下降,己方的金属性子弹伤害下降80% (永久)
119,2,9,7,-80.0,【己方】土属性子弹威力下降,己方的土属性子弹伤害下降80% (永久)
120,2,9,8,-80.0,【己方】星属性子弹威力下降,己方的星属性子弹伤害下降80% (永久)
121,2,10,1,-80.0,【己方】通常弹威力下降,己方的通常弹伤害下降80% (永久)
122,2,10,2,-80.0,【己方】镭射弹威力下降,己方的镭射弹伤害下降80% (永久)
123,2,10,3,-80.0,【己方】体术弹威力下降,己方的体术弹伤害下降80% (永久)
124,2,10,4,-80.0,【己方】斩击弹威力下降,己方的斩击弹伤害下降80% (永久)
125,2,10,5,-80.0,【己方】动能弹威力下降,己方的动能弹伤害下降80% (永久)
126,2,10,6,-80.0,【己方】流体弹威力下降,己方的流体弹伤害下降80% (永久)
127,2,10,7,-80.0,【己方】能量弹威力下降,己方的能量弹伤害下降80% (永久)
128,2,10,8,-80.0,【己方】御符弹威力下降,己方的御符弹伤害下降80% (永久)
129,2,10,9,-80.0,【己方】光弹威力下降,己方的光弹伤害下降80% (永久)
130,2,10,10,-80.0,【己方】尖头弹威力下降,己方的尖头弹伤害下降80% (永久)
131,2,10,11,-80.0,【己方】追踪弹威力下降,己方的追踪弹伤害下降80% (永久)
132,2,11,0,-50.0,【己方】升格上升状态弱化,己方关乎升格上升状态增益的效果量下降50% (永久)
133,4,11,0,-50.0,【敌方】升格下降状态弱化,敌方关乎升格下降状态减益的效果量下降50% (永久)
134,2,12,0,-50.0,【己方】灵力回收效率下降,己方的灵力回收效率下降100% (永久)
135,2,13,0,-50.0,【己方】灵力增加效果量下降,己方的所有灵力增加效果下降50% (永久)
136,2,14,1,0.0,【己方】能力封印,己方的能力无法发动 (永久)
137,2,14,2,0.0,【己方】特性封印,己方的特性无法发动 (永久)
138,2,16,0,0.0,【己方】仇恨值无效,己方的仇恨值不会变动 (永久)
139,4,9,1,80.0,【敌方】日属性子弹威力上升,敌方的日属性子弹伤害上升80% (永久)
140,4,9,2,80.0,【敌方】月属性子弹威力上升,敌方的月属性子弹伤害上升80% (永久)
141,4,9,3,80.0,【敌方】火属性子弹威力上升,敌方的火属性子弹伤害上升80% (永久)
142,4,9,4,80.0,【敌方】水属性子弹威力上升,敌方的水属性子弹伤害上升80% (永久)
143,4,9,5,80.0,【敌方】木属性子弹威力上升,敌方的木属性子弹伤害上升80% (永久)
144,4,9,6,80.0,【敌方】金属性子弹威力上升,敌方的金属性子弹伤害上升80% (永久)
145,4,9,7,80.0,【敌方】土属性子弹威力上升,敌方的土属性子弹伤害上升80% (永久)
146,4,9,8,80.0,【敌方】星属性子弹威力上升,敌方的星属性子弹伤害上升80% (永久)
147,2,17,1,0.0,【己方】子弹效果封印(必中),己方的子弹追加效果，必中无法发动 (永久)
148,2,17,2,0.0,【己方】子弹效果封印(贯通),己方的子弹追加效果，贯通无法发动 (永久)
149,2,17,3,0.0,【己方】子弹效果封印(镜面),己方的子弹追加效果，镜面无法发动 (永久)
150,2,17,4,0.0,【己方】子弹效果封印(硬质),己方的子弹追加效果，硬质无法发动 (永久)
151,2,17,5,0.0,【己方】子弹效果封印(斩裂),己方的子弹追加效果，斩裂无法发动 (永久)
152,2,17,6,0.0,【己方】子弹效果封印(速射),己方的子弹追加效果，速射无法发动 (永久)
153,2,17,7,0.0,【己方】子弹效果封印(爆破),己方的子弹追加效果，爆破无法发动 (永久)
154,2,17,8,0.0,【己方】子弹效果封印(弹性),己方的子弹追加效果，弹性无法发动 (永久)
155,2,17,9,0.0,【己方】子弹效果封印(精密),己方的子弹追加效果，精密无法发动 (永久)
156,2,17,10,0.0,【己方】子弹效果封印(反冲),己方的子弹追加效果，反冲无法发动 (永久)
157,2,17,11,0.0,【己方】子弹效果封印(吸收),己方的子弹追加效果，吸收无法发动 (永久)
158,2,17,12,0.0,【己方】子弹效果封印(烧却),己方的子弹追加效果，烧却无法发动 (永久)
159,2,17,13,0.0,【己方】子弹效果封印(冰解),己方的子弹追加效果，冰解无法发动 (永久)
160,2,17,14,0.0,【己方】子弹效果封印(放电),己方的子弹追加效果，放电无法发动 (永久)
161,2,17,15,0.0,【己方】子弹效果封印(过毒),己方的子弹追加效果，过毒无法发动 (永久)
162,2,17,16,0.0,【己方】子弹效果封印(闪光),己方的子弹追加效果，闪光无法发动 (永久)
1001011,4,1,1,5.0,【敌方侧】大家最大体力上升,敌方全体最大体力上升5% (永久)
1001012,2,10,1,-95.0,【己方侧】通常弹威力下降,己方全体通常弹的伤害下降95% (永久)
1001021,4,1,8,10.0,【敌方侧】大家回避上升,敌方全体回避率上升10% (永久)
1001022,2,10,3,-95.0,【己方侧】体术弹威力下降,己方全体体术弹的伤害下降95% (永久)
1001031,4,1,1,5.0,【敌方侧】大家最大体力上升,敌方全体最大体力上升5% (永久)
1001032,2,10,7,-95.0,【己方侧】能量弹威力下降,己方全体能量弹的伤害下降95% (永久)
1001041,4,1,8,10.0,【敌方侧】大家回避上升,敌方全体回避率上升10% (永久)
1001042,2,10,9,-95.0,【己方侧】光弹威力下降,己方全体光弹的伤害下降95% (永久)
1001051,4,1,1,5.0,【敌方侧】大家最大体力上升,敌方全体最大体力上升5% (永久)
1001052,2,10,10,-95.0,【己方侧】尖头弹威力下降,己方全体尖头弹的伤害下降95% (永久)
1001061,4,1,8,10.0,【敌方侧】大家回避上升,敌方全体回避率上升10% (永久)
1001062,2,10,11,-95.0,【己方侧】追踪弹威力下降,己方全体追踪弹的伤害下降95% (永久)
1001071,2,4,5,-65.0,【己方侧】攻击式弱化,己方全体攻击式综合强度下降65% (永久)
1001072,4,1,1,5.0,【敌方侧】大家最大体力上升,敌方全体最大体力上升5% (永久)
1001081,2,4,1,-65.0,【己方侧】防御式弱化,己方全体防御式综合强度下降65% (永久)
1001082,4,1,8,10.0,【敌方侧】大家回避上升,敌方全体回避率上升10% (永久)
1001091,2,4,2,-65.0,【己方侧】支援式弱化,己方全体支援式综合强度下降65% (永久)
1001092,4,1,1,5.0,【敌方侧】大家最大体力上升,敌方全体最大体力上升5% (永久)
1001101,2,12,0,-80.0,【己方侧】灵力回收效率下降,己方全体灵力回收效率下降80% (永久)
1001102,4,2,0,-80.0,【敌方侧】种族特攻受伤倍率轻减,敌方全体对种族特攻受伤倍率轻减下降80% (永久)
1003011,4,1,6,10.0,【敌方侧】大家阴防上升,敌方全体阴防上升10% (永久)
1003012,2,10,10,-95.0,【己方侧】尖头弹威力下降,己方全体尖头弹造成的伤害下降95% (永久)
1003021,4,1,4,10.0,【敌方侧】大家阳防上升,敌方全体阳防上升10% (永久)
1003022,2,10,11,-95.0,【己方侧】追踪弹威力下降,己方全体追踪弹造成的伤害下降95% (永久)
1003031,4,1,6,10.0,【敌方侧】大家阴防上升,敌方全体阴防上升10% (永久)
1003032,2,4,1,-65.0,【己方侧】防御式弱化,己方全体防御式综合强度下降65% (永久)
1003041,4,1,4,10.0,【敌方侧】大家阳防上升,敌方全体阳防上升10% (永久)
1003042,2,4,6,-65.0,【己方侧】技巧式弱化,己方全体技巧式综合强度下降65% (永久)
1003051,4,1,5,10.0,【敌方侧】大家阴攻上升,敌方全体阴攻上升10% (永久)
1003052,2,4,3,-65.0,【己方侧】回复式弱化,己方全体回复式综合强度下降65% (永久)
1003061,4,1,3,10.0,【敌方侧】大家阳攻上升,敌方全体阳攻上升10% (永久)
1003062,4,1,8,20.0,【敌方侧】大家回避上升,敌方全体回避率上升20% (永久)
1003071,4,1,5,10.0,【敌方侧】大家阴攻上升,敌方全体阴攻上升10% (永久)
1003072,4,1,1,10.0,【敌方侧】大家最大体力上升,敌方全体最大体力上升10% (永久)
1003081,4,1,3,10.0,【敌方侧】大家阳攻上升,敌方全体阳攻上升10% (永久)
1003082,4,1,1,10.0,【敌方侧】大家最大体力上升,敌方全体最大体力上升10% (永久)
1003091,2,14,2,0.0,【己方侧】特性封印,己方全体特性无法发动 (永久)
1003092,2,3,0,-2.0,【己方侧】结界最大数减少,己方全体结界的最大持有数减少2枚 (永久)
1003101,2,13,0,-50.0,【己方侧】灵力上升效果下降,己方全体绘卷/技能/符卡效果效果/换位连携/特性的灵力上升的效果量下降50% (永久)
1003102,2,12,0,-50.0,【己方侧】灵力回收效率下降,己方全体灵力回收效率下降50% (永久)
1005011,4,1,1,10.0,【敌方侧】大家最大体力上升,敌方全体最大体力上升10% (永久)
1005012,2,10,1,-95.0,【己方侧】通常弹威力下降,己方全体通常弹的伤害下降95% (永久)
1005021,4,1,1,10.0,【敌方侧】大家最大体力上升,敌方全体最大体力上升10% (永久)
1005022,2,10,8,-95.0,【己方侧】御符弹威力下降,己方全体御符弹的伤害下降95% (永久)
1005031,4,1,8,20.0,【敌方侧】大家回避上升,敌方全体回避率上升20% (永久)
1005032,2,10,5,-95.0,【己方侧】动能弹威力下降,己方全体动能弹的伤害下降95% (永久)
1005041,4,1,5,10.0,【敌方侧】大家阴攻上升,敌方全体阴攻10%上升 (永久)
1005042,4,1,6,10.0,【敌方侧】大家阴防上升,敌方全体阴防10%上升 (永久)
1005051,4,1,3,10.0,【敌方侧】大家阳攻上升,敌方全体阳攻10%上升 (永久)
1005052,4,1,4,10.0,【敌方侧】大家阳防上升,敌方全体阳防10%上升 (永久)
1005061,2,4,5,-65.0,【己方侧】攻击式弱化,己方全体攻击式综合强度下降65% (永久)
1005062,2,4,1,-65.0,【己方侧】防御式弱化,己方全体防御式综合强度下降65% (永久)
1005071,2,4,2,-65.0,【己方侧】支援式弱化,己方全体支援式综合强度下降65% (永久)
1005072,2,4,6,-65.0,【己方侧】技巧式弱化,己方全体技巧式综合强度下降65% (永久)
1005081,2,14,2,0.0,【己方侧】特性封印,己方全体特性永久封印
1005082,2,7,8,0.0,【己方侧】星属性无法击破,己方全体不会被星属性击破 (永久)
1005091,2,3,0,-2.0,【己方侧】结界最大数減少,己方全体结界最大保有枚数减少2枚 (永久)
1005092,4,2,0,-30.0,【敌方侧】种族特攻受伤倍率轻减,敌方全体对种族特攻受伤倍率轻减下降30% (永久)
1005101,2,13,0,-30.0,【己方侧】灵力上升效果下降,己方全体绘卷/技能/符卡效果/换位连携/特性的灵力上升效果下降30% (永久)
1005102,2,12,0,-30.0,【己方侧】灵力回收效率下降,己方全体灵力回收效率下降30% (永久)
1018011,4,1,1,10.0,【敌方侧】大家最大体力上升,敌方全体最大体力上升10% (永久)
1018012,4,1,1,10.0,【敌方侧】大家最大体力上升,敌方全体最大体力上升10% (永久)
1018021,4,1,3,10.0,【敌方侧】大家阳攻上升,敌方全体阳攻上升10% (永久)
1018022,4,1,4,10.0,【敌方侧】大家阳防上升,敌方全体阳防上升10% (永久)
1018031,4,1,5,5.0,【敌方侧】大家阴攻上升,敌方全体阴攻上升5% (永久)
1018032,4,1,6,5.0,【敌方侧】大家阴防上升,敌方全体阴防上升5% (永久)
1018041,4,1,3,10.0,【敌方侧】大家阳攻上升,敌方全体阳攻上升10% (永久)
1018042,4,1,4,15.0,【敌方侧】大家阳防上升,敌方全体阳防上升15% (永久)
1018051,4,1,5,10.0,【敌方侧】大家阴攻上升,敌方全体阴攻上升10% (永久)
1018052,4,1,6,10.0,【敌方侧】大家阴防上升,敌方全体阴防上升10% (永久)
1018061,4,1,8,20.0,【敌方侧】大家回避上升,敌方全体回避率上升20% (永久)
1018062,2,10,1,-95.0,【己方侧】通常弹威力下降,己方全体通常弹造成的伤害下降95% (永久)
1018071,2,4,2,-65.0,【己方侧】支援式弱化,己方全体支援式综合强度下降65% (永久)
1018072,2,4,8,-65.0,【己方侧】破坏式弱化,己方全体破坏式综合强度下降65% (永久)
1018081,2,4,4,-65.0,【己方侧】干扰式弱化,己方全体干扰式综合强度下降65% (永久)
1018082,2,4,7,-65.0,【己方侧】速攻式弱化,己方全体速攻式综合强度下降65% (永久)
1018091,2,3,0,-2.0,【己方侧】结界最大数减少,己方全体结界最大持有枚数减少2枚 (永久)
1018092,4,2,0,-30.0,【敌方侧】种族特攻受伤倍率轻减,敌方全体种族特攻的受伤倍率下降30% (永久)
1018101,2,13,0,-30.0,【己方侧】灵力上升效果下降,己方全体绘卷/技能/符卡效果/换位连携/特性的灵力上升的效果量下降30% (永久)
1018102,2,12,0,-30.0,【己方侧】灵力回收效率下降,己方全体灵力回收效率下降30% (永久)
1019011,4,1,5,10.0,【敌方侧】大家阴攻上升,敌方全体阴攻上升10% (永久)
1019012,2,10,11,-95.0,【己方侧】追踪弹威力下降,己方全体追踪弹造成的伤害下降95% (永久)
1019021,4,1,3,10.0,【敌方侧】大家阳攻上升,敌方全体阳攻上升10% (永久)
1019022,2,10,10,-95.0,【己方侧】尖头弹威力下降,己方全体尖头弹造成的伤害下降95% (永久)
1019031,4,1,6,10.0,【敌方侧】大家阴防上升,敌方全体阴防上升10% (永久)
1019032,2,10,8,-95.0,【己方侧】御符弹威力下降,己方全体御符弹造成的伤害下降95% (永久)
1019041,4,1,4,10.0,【敌方侧】大家阳防上升,敌方全体阳防上升10% (永久)
1019042,2,10,1,-95.0,【己方侧】通常弹威力下降,己方全体通常弹造成的伤害下降95% (永久)
1019051,4,1,5,10.0,【敌方侧】大家阴攻上升,敌方全体阴攻上升10% (永久)
1019052,2,4,1,-65.0,【己方侧】防御式弱化,己方全体防御式综合强度下降65% (永久)
1019061,4,1,3,10.0,【敌方侧】大家阳攻上升,敌方全体阳攻上升10% (永久)
1019062,2,4,3,-65.0,【己方侧】回复式弱化,己方全体回复式综合强度下降65% (永久)
1019071,4,1,6,10.0,【敌方侧】大家阴防上升,敌方全体阴防上升10% (永久)
1019072,2,4,5,-65.0,【己方侧】攻击式弱化,己方全体攻击式综合强度下降65% (永久)
1019081,4,1,4,10.0,【敌方侧】大家阳防上升,敌方全体阳防上升10% (永久)
1019082,2,4,7,-65.0,【己方侧】速攻式弱化,己方全体速攻式综合强度下降65% (永久)
1019091,2,3,0,-2.0,【己方侧】结界最大数减少,己方全体结界的最大持有枚数减少2枚 (永久)
1019092,4,1,8,30.0,【敌方侧】大家回避上升,敌方全体回避率上升30% (永久)
1019101,2,14,1,0.0,【己方侧】能力封印,己方全体能力不发动 (永久)
1019102,4,1,7,20.0,【敌方侧】大家命中上升,敌方全体命中率上升20% (永久)
1055011,4,1,6,10.0,【敌方侧】大家阴防上升,敌方全体阴防上升10% (永久)
1055012,2,10,11,-95.0,【己方侧】追踪弹威力下降,己方全体追踪弹造成的伤害下降95% (永久)
1055021,4,1,4,10.0,【敌方侧】大家阳防上升,敌方全体阳防上升10% (永久)
1055022,2,10,8,-95.0,【己方侧】御符弹威力下降,己方全体御符弹造成的伤害下降95% (永久)
1055031,4,1,5,20.0,【敌方侧】大家阴攻上升,敌方全体阴攻上升20% (永久)
1055032,4,1,6,10.0,【敌方侧】大家阴防上升,敌方全体阴防上升10% (永久)
1055041,4,1,3,20.0,【敌方侧】大家阳攻上升,敌方全体阳攻上升20% (永久)
1055042,4,1,4,10.0,【敌方侧】大家阳防上升,敌方全体阳防上升10% (永久)
1055051,4,1,1,10.0,【敌方侧】大家最大体力上升,敌方全体最大体力上升10% (永久)
1055052,2,4,1,-65.0,【己方侧】防御式弱化,己方全体防御式的综合强度下降65% (永久)
1055061,4,1,1,10.0,【敌方侧】大家最大体力上升,敌方全体最大体力上升10% (永久)
1055062,2,4,4,-65.0,【己方侧】干扰式弱化,己方全体干扰式的综合强度下降65% (永久)
1055071,4,1,8,60.0,【敌方侧】大家回避上升,敌方全体回避率上升60% (永久)
1055072,2,4,7,-65.0,【己方侧】速攻式弱化,己方全体速攻式的综合强度下降65% (永久)
1055081,2,7,4,0.0,【己方侧】水属性无法击破,己方全体水属性无法造成击破 (永久)
1055082,2,7,5,0.0,【己方侧】木属性无法击破,己方全体木属性无法造成击破 (永久)
1055091,2,3,0,-2.0,【己方侧】结界最大数减少,己方全体结界的最大持有枚数减少2枚 (永久)
1055092,4,2,0,-30.0,【敌方侧】种族特攻受伤倍率轻减,敌方全体种族特攻的受伤倍率下降30% (永久)
1055101,2,13,0,-30.0,【己方侧】灵力上升效果下降,己方全体的绘卷/技能/符卡效果/换位连携/特性的灵力上升的效果量下降30% (永久)
1055102,2,12,0,-30.0,【己方侧】灵力回收效率下降,己方全体灵力回收效率下降30% (永久)
1057011,4,1,1,10.0,【敌方侧】大家最大体力上升,敌方全体最大体力上升10% (永久)
1057012,4,1,1,10.0,【敌方侧】大家最大体力上升,敌方全体最大体力上升10% (永久)
1057021,4,1,3,10.0,【敌方侧】大家阳攻上升,敌方全体阳攻上升10% (永久)
1057022,4,1,4,10.0,【敌方侧】大家阳防上升,敌方全体阳防上升10% (永久)
1057031,4,1,5,5.0,【敌方侧】大家阴攻上升,敌方全体阴攻上升5% (永久)
1057032,4,1,6,5.0,【敌方侧】大家阴防上升,敌方全体阴防上升5% (永久)
1057041,4,1,3,10.0,【敌方侧】大家阳攻上升,敌方全体阳攻上升10% (永久)
1057042,4,1,4,10.0,【敌方侧】大家阳防上升,敌方全体阳防上升10% (永久)
1057051,4,1,5,10.0,【敌方侧】大家阴攻上升,敌方全体阴攻上升10% (永久)
1057052,4,1,6,10.0,【敌方侧】大家阴防上升,敌方全体阴防上升10% (永久)
1057061,4,1,8,20.0,【敌方侧】大家回避上升,敌方全体回避率上升20% (永久)
1057062,2,10,1,-95.0,【己方侧】通常弹威力下降,己方全体通常弹造成的伤害下降95% (永久)
1057071,2,10,8,-95.0,【己方侧】御符弹威力下降,己方全体御符弹造成的伤害下降95% (永久)
1057072,2,10,4,-95.0,【己方侧】斩击弹威力下降,己方全体斩击弹造成的伤害下降95% (永久)
1057081,2,4,2,-65.0,【己方侧】支援式弱化,己方全体支援式的综合强度下降65% (永久)
1057082,2,4,1,-65.0,【己方侧】防御式弱化,己方全体防御式的综合强度下降65% (永久)
1057091,2,3,0,-2.0,【己方侧】结界最大数减少,己方全体结界的最大持有枚数减少2枚 (永久)
1057092,4,2,0,-30.0,【敌方侧】种族特攻的受伤倍率轻减,敌方全体种族特攻的受伤倍率下降30% (永久)
1057101,2,13,0,-30.0,【己方侧】灵力上升效果下降,己方全体绘卷/技能/符卡效果/换位连携/特性的灵力上升效果量下降30% (永久)
1057102,2,12,0,-30.0,【己方侧】灵力回收效率下降,己方全体灵力回收效率下降30% (永久)
1069011,4,1,1,10.0,【敌方侧】大家最大体力上升,敌方全体最大体力上升10% (永久)
1069012,4,1,6,10.0,【敌方侧】大家阴防上升,敌方全体阴防上升10% (永久)
1069021,4,1,1,10.0,【敌方侧】大家最大体力上升,敌方全体最大体力上升10% (永久)
1069022,4,1,4,10.0,【敌方侧】大家阳防上升,敌方全体阳防上升10% (永久)
1069031,4,1,6,10.0,【敌方侧】大家阴防上升,敌方全体阴防上升10% (永久)
1069032,4,1,5,20.0,【敌方侧】大家阴攻上升,敌方全体阴攻上升20% (永久)
1069041,4,1,4,10.0,【敌方侧】大家阳防上升,敌方全体阳防上升10% (永久)
1069042,4,1,3,10.0,【敌方侧】大家阳攻上升,敌方全体阳攻上升10% (永久)
1069051,4,1,6,10.0,【敌方侧】大家阴防上升,敌方全体阴防上升10% (永久)
1069052,2,7,6,0.0,【己方侧】金属性无法击破,己方全体金属性无法造成击破 (永久)
1069061,2,10,10,-95.0,【己方侧】尖头弹威力下降,己方全体尖头弹造成的伤害下降95% (永久)
1069062,2,10,7,-95.0,【己方侧】能量弹威力下降,己方全体能量弹造成的伤害下降95% (永久)
1069071,2,4,5,-65.0,【己方侧】攻击式弱化,己方全体攻击式的综合强度下降65% (永久)
1069072,2,4,1,-65.0,【己方侧】防御式弱化,己方全体防御式的综合强度下降65% (永久)
1069081,2,4,3,-65.0,【己方侧】回复式弱化,己方全体回复式的综合强度下降65% (永久)
1069082,2,4,4,-65.0,【己方侧】干扰式弱化,己方全体干扰式的综合强度下降65% (永久)
1069091,2,3,0,-2.0,【己方侧】结界最大数减少,己方全体结界最大持有枚数减少2枚 (永久)
1069092,4,2,0,-50.0,【敌方侧】种族特攻受伤倍率轻减,敌方全体的种族特攻受伤害倍率下降50% (永久)
1069101,2,13,0,-30.0,【己方侧】灵力上升效果下降,己方全体绘卷/技能/符卡效果/换位连携/特性的灵力上升的效果量下降30% (永久)
1069102,2,12,0,-50.0,【己方侧】灵力回收效率下降,己方全体灵力回收效率下降50% (永久)
1075011,4,1,1,10.0,【敌方侧】大家最大体力上升,敌方全体最大体力上升10% (永久)
1075012,4,1,6,10.0,【敌方侧】大家阴防上升,敌方全体阴防上升10% (永久)
1075021,4,1,1,10.0,【敌方侧】大家最大体力上升,敌方全体最大体力上升10% (永久)
1075022,4,1,4,5.0,【敌方侧】大家阳防上升,敌方全体阳防上升5% (永久)
1075031,4,1,6,10.0,【敌方侧】大家阴防上升,敌方全体阴防上升10% (永久)
1075032,4,1,5,10.0,【敌方侧】大家阴攻上升,敌方全体阴攻上升10% (永久)
1075041,4,1,4,5.0,【敌方侧】大家阳防上升,敌方全体阳防上升5% (永久)
1075042,4,1,3,10.0,【敌方侧】大家阳攻上升,敌方全体阳攻上升10% (永久)
1075051,4,1,6,10.0,【敌方侧】大家阴防上升,敌方全体阴防上升10% (永久)
1075052,4,1,4,10.0,【敌方侧】大家阳防上升,敌方全体阳防上升10% (永久)
1075061,4,1,8,30.0,【敌方侧】大家回避上升,敌方全体回避率上升30% (永久)
1075062,2,7,4,0.0,【己方侧】水属性无法击破,己方全体无法进行水属性击破 (永久)
1075071,2,10,10,-95.0,【己方侧】尖头弹威力下降,己方全体尖头弹造成的伤害下降95% (永久)
1075072,2,10,11,-95.0,【己方侧】追踪弹威力下降,己方全体追踪弹造成的伤害下降95% (永久)
1075081,2,4,3,-65.0,【己方侧】回复式弱化,己方全体回复式综合强度下降65% (永久)
1075082,2,4,1,-65.0,【己方侧】防御式弱化,己方全体防御式综合强度下降65% (永久)
1075091,2,3,0,-2.0,【己方侧】最大结界数减少,己方全体结界的最大持有数减少2枚 (永久)
1075092,4,2,0,-30.0,【敌方侧】种族特攻的受伤倍率轻减,对敌方全体造成的种族特攻伤害倍率下降30% (永久)
1075101,2,13,0,-30.0,【己方侧】灵力上升效果下降,己方全体绘卷/技能/符卡效果/换位连携/特性的灵力上升效果量下降30% (永久)
1075102,2,12,0,-30.0,【己方侧】灵力回收效率下降,己方全体灵力回收效率下降30% (永久)
1084011,4,1,1,8.0,【敌方侧】大家最大体力上升,敌方全体最大体力上升8% (永久)
1084012,2,10,1,-95.0,【己方侧】通常弹威力下降,己方全体通常弹造成的伤害下降95% (永久)
1084021,4,1,6,5.0,【敌方侧】大家阴防上升,敌方全体阴防上升5% (永久)
1084022,2,10,3,-95.0,【己方侧】体术弹威力下降,己方全体体术弹造成的伤害下降95% (永久)
1084031,4,1,1,8.0,【敌方侧】大家最大体力上升,敌方全体最大体力上升8% (永久)
1084032,2,10,5,-95.0,【己方侧】动能弹威力下降,己方全体动能弹造成的伤害下降95% (永久)
1084041,4,1,4,15.0,【敌方侧】大家阳防上升,敌方全体阳防上升15% (永久)
1084042,2,10,6,-95.0,【己方侧】流体弹威力下降,己方全体流体弹造成的伤害下降95% (永久)
1084051,4,1,1,8.0,【敌方侧】大家最大体力上升,敌方全体最大体力上升8% (永久)
1084052,2,10,8,-95.0,【己方侧】御符弹威力下降,己方全体御符弹造成的伤害下降95% (永久)
1084061,4,1,6,5.0,【敌方侧】大家阴防上升,敌方全体阴防上升5% (永久)
1084062,2,10,9,-95.0,【己方侧】光弹威力下降,己方全体光弹造成的伤害下降95% (永久)
1084071,2,4,3,-35.0,【己方侧】回复式弱化,己方全体回复式的综合强度下降35% (永久)
1084072,4,1,4,15.0,【敌方侧】大家阳防上升,敌方全体阳防上升15% (永久)
1084081,2,4,2,-35.0,【己方侧】支援式弱化,己方全体支援式的综合强度下降35% (永久)
1084082,4,1,6,5.0,【敌方侧】大家阴防上升,敌方全体阴防上升5% (永久)
1084091,2,4,7,-35.0,【己方侧】速攻式弱化,己方全体速攻式的综合强度下降35% (永久)
1084092,4,1,1,8.0,【敌方侧】大家最大体力上升,敌方全体最大体力上升8% (永久)
1084101,2,13,0,-30.0,【己方侧】灵力上升效果下降,己方全体绘卷/技能/符卡效果/交换连携/特性的灵力上升效果量下降30% (永久)
1084102,2,12,0,-50.0,【己方侧】灵力回收效率下降,己方全体灵力回收效率下降50% (永久)
1088011,4,1,5,6.0,【敌方】大家阴攻上升,敌方全体的阴攻上升6% (永久)
1088012,2,10,1,-95.0,【己方】通常弹威力下降,己方全体的通常弹伤害下降95% (永久)
1088021,4,1,1,6.0,【敌方】大家最大体力上升,敌方全体的最大体力上升6% (永久)
1088022,2,10,3,-95.0,【己方】体术弹威力下降,己方全体的体术弹伤害下降95% (永久)
1088031,4,1,5,6.0,【敌方】大家阴攻上升,敌方全体的阴攻上升6% (永久)
1088032,2,10,4,-95.0,【己方】斩击弹威力下降,己方全体的斩击弹伤害下降95% (永久)
1088041,4,1,1,6.0,【敌方】大家最大体力上升,敌方全体的最大体力上升6% (永久)
1088042,2,10,5,-95.0,【己方】动能弹威力下降,己方全体的动能弹伤害下降95% (永久)
1088051,4,1,5,6.0,【敌方】大家阴攻上升,敌方全体的阴攻上升6% (永久)
1088052,2,10,6,-95.0,【己方】流体弹威力下降,己方全体的流体弹伤害下降95% (永久)
1088061,4,1,1,6.0,【敌方】大家最大体力上升,敌方全体的最大体力上升6% (永久)
1088062,2,10,8,-95.0,【己方】御符弹威力下降,己方全体的御符弹伤害下降95% (永久)
1088071,2,4,3,-65.0,【己方】回复式弱化,己方全体的回复式的综合强度下降65% (永久)
1088072,4,1,5,6.0,【敌方】大家阴攻上升,敌方全体的阴攻上升6% (永久)
1088081,2,4,2,-65.0,【己方】支援式弱化,己方全体的支援式的综合强度下降65% (永久)
1088082,4,1,1,6.0,【敌方】大家最大体力上升,敌方全体的最大体力上升6% (永久)
1088091,2,4,4,-65.0,【己方】干扰式弱化,己方全体的干扰式的综合强度下降65% (永久)
1088092,4,1,5,6.0,【敌方】大家阴攻上升,敌方全体的阴攻上升6% (永久)
1088101,2,14,2,0.0,【己方】大家特性封印,己方全体的特性无法发动 (永久)
1088102,4,1,4,60.0,【敌方】大家阳防上升,敌方全体的阳防上升60% (永久)
2003011,4,1,6,35.0,【敌方侧】大家阴防上升,敌方全体阴防上升35% (永久)
2003012,2,10,2,-95.0,【己方侧】镭射弹威力下降,己方全体镭射弹造成的伤害下降95% (永久)
2003021,4,9,2,10.0,【敌方侧】月属性攻击威力上升,敌方全体月属性攻击造成的伤害上升10% (永久)
2003022,2,10,5,-95.0,【己方侧】动能弹威力下降,己方全体动能弹造成的伤害下降95% (永久)
2003031,4,1,1,30.0,【敌方侧】大家最大体力上升,敌方全体最大体力上升30% (永久)
2003032,2,10,7,-95.0,【己方侧】能量弹威力下降,己方全体能量弹造成的伤害下降95% (永久)
2003041,4,9,2,10.0,【敌方侧】月属性攻击威力上升,敌方全体月属性攻击造成的伤害上升10% (永久)
2003042,2,10,10,-95.0,【己方侧】尖头弹威力下降,己方全体尖头弹造成的伤害下降95% (永久)
2003051,4,1,6,35.0,【敌方侧】大家阴防上升,敌方全体阴防上升35% (永久)
2003052,2,10,11,-95.0,【己方侧】追踪弹威力下降,己方全体追踪弹造成的伤害下降95% (永久)
2003061,2,4,3,-35.0,【己方侧】回复式弱化,己方全体回复式的综合强度下降35% (永久)
2003062,4,9,2,10.0,【敌方侧】月属性攻击威力上升,敌方全体月属性攻击造成的伤害上升10% (永久)
2003071,2,4,1,-35.0,【己方侧】防御式弱化,己方全体防御式的综合强度下降35% (永久)
2003072,4,1,1,30.0,【敌方侧】大家最大体力上升,敌方全体最大体力上升30% (永久)
2003081,2,4,4,-35.0,【己方侧】干扰式弱化,己方全体干扰式的综合强度下降35% (永久)
2003082,4,9,2,10.0,【敌方侧】月属性攻击威力上升,敌方全体月属性攻击造成的伤害上升10% (永久)
2003091,2,4,5,-35.0,【己方侧】攻击式弱化,己方全体攻击式的综合强度下降35% (永久)
2003092,4,1,1,30.0,【敌方侧】大家最大体力上升,敌方全体最大体力上升30% (永久)
2003101,2,7,1,0.0,【己方侧】日属性无法击破,己方全体的日属性无法造成击破效果 (永久)
2003102,2,7,6,0.0,【己方侧】金属性无法击破,己方全体的金属性无法造成击破效果 (永久)
2006011,4,1,5,10.0,【敌方侧】大家阴攻上升,敌方全体阴攻10%上升 (永久)
2006012,2,10,8,-95.0,【己方侧】御符弹威力下降,己方全体御符弹造成的伤害下降95% (永久)
2006021,4,1,3,10.0,【敌方侧】大家阳攻上升,敌方全体阳攻10%上升 (永久)
2006022,2,10,1,-95.0,【己方侧】通常弹威力下降,己方全体通常弹造成的伤害下降95% (永久)
2006031,4,1,5,10.0,【敌方侧】大家阴攻上升,敌方全体阴攻10%上升 (永久)
2006032,2,10,5,-95.0,【己方侧】动能弹威力下降,己方全体动能弹造成的伤害下降95% (永久)
2006041,4,1,3,10.0,【敌方侧】大家阳攻上升,敌方全体阳攻10%上升 (永久)
2006042,2,4,5,-65.0,【己方侧】攻击式弱化,己方全体攻击式的综合强度下降65% (永久)
2006051,4,1,5,10.0,【敌方侧】大家阴攻上升,敌方全体阴攻10%上升 (永久)
2006052,2,4,6,-65.0,【己方侧】技巧式弱化,己方全体技巧式的综合强度下降65% (永久)
2006061,4,1,1,10.0,【敌方侧】大家最大体力上升,敌方全体最大体力上升10% (永久)
2006062,2,4,7,-65.0,【己方侧】速攻式弱化,己方全体速攻式的综合强度下降65% (永久)
2006071,4,1,1,10.0,【敌方侧】大家最大体力上升,敌方全体最大体力上升10% (永久)
2006072,2,4,2,-65.0,【己方侧】支援式弱化,己方全体支援式的综合强度下降65% (永久)
2006081,4,1,8,20.0,【敌方侧】大家回避上升,敌方全体回避率上升20% (永久)
2006082,2,3,0,-2.0,【己方侧】结界最大数减少,己方全体结界的最大持有枚数减少2枚 (永久)
2006091,2,13,0,-30.0,【己方侧】灵力上升效果下降,己方全体绘卷/技能/符卡效果/换位连携/特性的灵力上升的效果量下降30% (永久)
2006092,2,12,0,-30.0,【己方侧】灵力回收效率下降,己方全体灵力回收效率下降30% (永久)
2006101,4,2,0,-30.0,【敌方侧】种族特攻受伤倍率轻减,敌方全体的种族特攻受伤倍率下降30% (永久)
2006102,2,7,3,0.0,【己方侧】无法火属性击破,己方全体无法进行火属性击破 (永久)
2007011,4,1,6,10.0,【敌方侧】大家阴防上升,敌方全体阴防上升10% (永久)
2007012,2,10,1,-95.0,【己方侧】通常弹威力下降,己方全体通常弹造成的伤害下降95% (永久)
2007021,4,1,6,10.0,【敌方侧】大家阴防上升,敌方全体阴防上升10% (永久)
2007022,2,4,5,-65.0,【己方侧】攻击式弱化,己方全体攻击式的综合强度下降65% (永久)
2007031,4,1,4,10.0,【敌方侧】大家阳防上升,敌方全体阳防上升10% (永久)
2007032,2,4,7,-65.0,【己方侧】速攻式弱化,己方全体速攻式的综合强度下降65% (永久)
2007041,4,1,4,10.0,【敌方侧】大家阳防上升,敌方全体阳防上升10% (永久)
2007042,2,4,2,-65.0,【己方侧】支援式弱化,己方全体支援式的综合强度下降65% (永久)
2007051,4,1,5,10.0,【敌方侧】大家阴攻上升,敌方全体阴攻上升10% (永久)
2007052,2,4,4,-65.0,【己方侧】干扰式弱化,己方全体干扰式的综合强度下降65% (永久)
2007061,4,1,3,10.0,【敌方侧】大家阳攻上升,敌方全体阳攻上升10% (永久)
2007062,4,1,8,20.0,【敌方侧】大家回避上升,敌方全体回避率上升20% (永久)
2007071,4,1,5,10.0,【敌方侧】大家阴攻上升,敌方全体阴攻上升10% (永久)
2007072,4,1,1,10.0,【敌方侧】大家最大体力上升,敌方全体最大体力上升10% (永久)
2007081,4,1,3,10.0,【敌方侧】大家阳攻上升,敌方全体阳攻上升10% (永久)
2007082,4,1,1,10.0,【敌方侧】大家最大体力上升,敌方全体最大体力上升10% (永久)
2007091,2,14,2,0.0,【己方侧】特性封印,己方全体特性将不会发动 (永久)
2007092,2,3,0,-3.0,【己方侧】结界最大数减少,己方全体结界的最大持有枚数减少3枚 (永久)
2007101,2,13,0,-30.0,【己方侧】灵力上升效果下降,己方全体绘卷/技能/符卡效果/换位连携/特性的灵力上升的效果量下降30% (永久)
2007102,2,12,0,-30.0,【己方侧】灵力回收效率下降,己方全体灵力回收效率下降30% (永久)
2050011,4,1,6,5.0,【敌方侧】大家阴防上升,敌方全体阴防上升5% (永久)
2050012,2,10,3,-95.0,【己方侧】体术弹威力下降,己方全体体术弹造成的伤害下降95% (永久)
2050021,4,1,4,5.0,【敌方侧】大家阳防上升,敌方全体阳防上升5% (永久)
2050022,2,10,6,-95.0,【己方侧】流体弹威力下降,己方全体流体弹造成的伤害下降95% (永久)
2050031,4,1,6,5.0,【敌方侧】大家阴防上升,敌方全体阴防上升5% (永久)
2050032,2,10,11,-95.0,【己方侧】追踪弹威力下降,己方全体追踪弹造成的伤害下降95% (永久)
2050041,4,1,4,5.0,【敌方侧】大家阳防上升,敌方全体阳防上升5% (永久)
2050042,2,3,0,-1.0,【己方侧】结界最大数減少,己方全体结界最大持有枚数减少1枚 (永久)
2050051,4,1,1,5.0,【敌方侧】大家最大体力上升,敌方全体最大体力上升5% (永久)
2050052,2,3,0,-1.0,【己方侧】结界最大数減少,己方全体结界最大持有枚数减少1枚 (永久)
2050061,4,1,6,10.0,【敌方侧】大家阴防上升,敌方全体阴防上升10% (永久)
2050062,4,9,2,25.0,【敌方侧】月属性攻击威力上升,敌方全体月属性攻击造成的伤害上升25% (永久)
2050071,4,1,1,5.0,【敌方侧】大家最大体力上升,敌方全体最大体力上升5% (永久)
2050072,4,9,2,25.0,【敌方侧】月属性攻击威力上升,敌方全体月属性攻击造成的伤害上升25% (永久)
2050081,2,4,5,-65.0,【己方侧】攻击式弱化,己方全体攻击式的综合强度下降65% (永久)
2050082,2,4,1,-65.0,【己方侧】防御式弱化,己方全体防御式的综合强度下降65% (永久)
2050091,2,4,2,-65.0,【己方侧】支援式弱化,己方全体支援式的综合强度下降65% (永久)
2050092,2,4,4,-65.0,【己方侧】干扰式弱化,己方全体干扰式的综合强度下降65% (永久)
2050101,2,16,0,0.0,【己方侧】仇恨值无效,己方全体仇恨值不会变动 (永久)
2050102,2,12,0,-50.0,【己方侧】灵力回收效率下降,己方全体灵力回收效率下降50% (永久)
2051011,4,1,6,10.0,【敌方侧】大家阴防上升,敌方全体阴防10%上升 (永久)
2051012,2,10,1,-95.0,【己方侧】通常弹威力下降,己方全体通常弹造成的伤害下降95% (永久)
2051021,4,1,4,10.0,【敌方侧】大家阳防上升,敌方全体阳防10%上升 (永久)
2051022,2,10,11,-95.0,【己方侧】追踪弹威力下降,己方全体追踪弹造成的伤害下降95% (永久)
2051031,4,1,6,10.0,【敌方侧】大家阴防上升,敌方全体阴防10%上升 (永久)
2051032,2,10,8,-95.0,【己方侧】御符弹威力下降,己方全体御符弹造成的伤害下降95% (永久)
2051041,4,1,4,10.0,【敌方侧】大家阳防上升,敌方全体阳防10%上升 (永久)
2051042,2,10,10,-95.0,【己方侧】尖头弹威力下降,己方全体尖头弹造成的伤害下降95% (永久)
2051051,4,1,8,20.0,【敌方侧】大家回避上升,敌方全体回避率上升20% (永久)
2051052,2,4,6,-65.0,【己方侧】技巧式弱化,己方全体技巧式的综合强度下降65% (永久)
2051061,4,1,1,15.0,【敌方侧】大家最大体力上升,敌方全体最大体力上升15% (永久)
2051062,2,4,1,-65.0,【己方侧】防御式弱化,己方全体防御式的综合强度下降65% (永久)
2051071,4,1,1,15.0,【敌方侧】大家最大体力上升,敌方全体最大体力上升15% (永久)
2051072,2,14,2,0.0,【己方侧】特性封印,己方全体特性永久封印
2051081,4,2,0,-50.0,【敌方侧】种族特攻受击倍率轻减,敌方全体种族特攻受击伤害倍率下降50% (永久)
2051082,2,13,0,-30.0,【己方侧】灵力上升效果下降,己方全体绘卷/技能/符卡效果/交换连携/特性的灵力上升效果量下降30% (永久)
2051091,2,12,0,-30.0,【己方侧】灵力回收效率下降,己方全体灵力回收效率下降30% (永久)
2051092,2,3,0,-2.0,【己方侧】结界最大数減少,己方全体结界最大持有枚数减少2枚 (永久)
2051101,2,7,3,0.0,【己方侧】火属性击破不可,己方全体无法击破火属性 (永久)
2051102,2,7,7,0.0,【己方侧】土属性击破不可,己方全体无法击破土属性 (永久)
2084011,4,1,1,10.0,【敌方侧】大家最大体力上升,敌方全体最大体力上升10% (永久)
2084012,2,10,10,-95.0,【己方侧】尖头弹威力下降,己方全体尖头弹造成的伤害下降95% (永久)
2084021,4,1,1,10.0,【敌方侧】大家最大体力上升,敌方全体最大体力上升10% (永久)
2084022,2,10,8,-95.0,【己方侧】御符弹威力下降,己方全体御符弹造成的伤害下降95% (永久)
2084031,4,1,5,10.0,【敌方侧】大家阴攻上升,敌方全体阴攻上升10% (永久)
2084032,4,1,3,10.0,【敌方侧】大家阳攻上升,敌方全体阳攻上升10% (永久)
2084041,4,1,5,10.0,【敌方侧】大家阴攻上升,敌方全体阴攻上升10% (永久)
2084042,4,1,6,10.0,【敌方侧】大家阴防上升,敌方全体阴防上升10% (永久)
2084051,4,1,3,10.0,【敌方侧】大家阳攻上升,敌方全体阳攻上升10% (永久)
2084052,4,1,4,10.0,【敌方侧】大家阳防上升,敌方全体阳防上升10% (永久)
2084061,4,1,8,20.0,【敌方侧】大家回避上升,敌方全体回避率上升20% (永久)
2084062,2,7,3,0.0,【己方侧】无法火属性擦弹,己方全体无法使用火属性的擦弹 (永久)
2084071,2,4,5,-65.0,【己方侧】攻击式弱化,己方全体攻击式的综合强度下降65% (永久)
2084072,2,4,1,-65.0,【己方侧】防御式弱化,己方全体防御式的综合强度下降65% (永久)
2084081,2,4,2,-65.0,【己方侧】支援式弱化,己方全体支援式的综合强度下降65% (永久)
2084082,2,4,4,-65.0,【己方侧】干扰式弱化,己方全体干扰式的综合强度下降65% (永久)
2084091,2,3,0,-2.0,【己方侧】结界最大数减少,己方全体结界最大持有枚数减少2枚 (永久)
2084092,4,2,0,-30.0,【敌方侧】种族特攻的伤害倍率轻减,敌方全体的种族特攻受伤倍率下降30% (永久)
2084101,2,13,0,-30.0,【己方侧】灵力上升效果下降,己方全体绘卷/技能/符卡效果/换位连携/特性灵力上升效果量下降30% (永久)
2084102,2,12,0,-50.0,【己方侧】灵力回收效率下降,己方全体灵力回收效率下降50% (永久)
4002011,4,1,3,4.0,【敌方侧】大家阳攻上升,敌方全体阳攻上升4% (永久)
4002012,2,10,2,-95.0,【己方侧】镭射弹威力下降,己方全体镭射弹造成的伤害下降95% (永久)
4002021,4,1,6,35.0,【敌方侧】大家阴防上升,敌方全体阴防上升35% (永久)
4002022,2,10,1,-95.0,【己方侧】通常弹威力下降,己方全体通常弹造成的伤害下降95% (永久)
4002031,4,1,5,8.0,【敌方侧】大家阴攻上升,敌方全体阴攻上升8% (永久)
4002032,2,10,7,-95.0,【己方侧】能量弹威力下降,己方全体能量弹造成的伤害下降95% (永久)
4002041,4,1,4,25.0,【敌方侧】大家阳防上升,敌方全体阳防上升25% (永久)
4002042,2,10,11,-95.0,【己方侧】追踪弹威力下降,己方全体追踪弹造成的伤害下降95% (永久)
4002051,4,1,3,4.0,【敌方侧】大家阳攻上升,敌方全体阳攻上升4% (永久)
4002052,2,10,3,-95.0,【己方侧】体术弹威力下降,己方全体体术弹造成的伤害下降95% (永久)
4002061,4,1,6,35.0,【敌方侧】大家阴防上升,敌方全体阴防上升35% (永久)
4002062,2,10,6,-95.0,【己方侧】流体弹威力下降,己方全体流体弹造成的伤害下降95% (永久)
4002071,2,4,8,-35.0,【己方侧】破坏式弱化,己方全体破坏式的综合强度下降35% (永久)
4002072,4,1,5,8.0,【敌方侧】大家阴攻上升,敌方全体阴攻上升8% (永久)
4002081,2,4,7,-35.0,【己方侧】速攻式弱化,己方全体速攻式的综合强度下降35% (永久)
4002082,4,1,4,25.0,【敌方侧】大家阳防上升,敌方全体阳防上升25% (永久)
4002091,2,4,3,-35.0,【己方侧】回复式弱化,己方全体回复式的综合强度下降35% (永久)
4002092,4,1,6,35.0,【敌方侧】大家阴防上升,敌方全体阴防上升35% (永久)
4002101,2,3,0,-2.0,【己方侧】结界最大数減少,己方全体结界最大持有枚数减少2枚 (永久)
4002102,4,1,1,35.0,【敌方侧】大家最大体力上升,敌方全体最大体力上升35% (永久)
4003011,4,1,1,10.0,【敌方侧】大家最大体力上升,敌方全体最大体力上升10% (永久)
4003012,4,1,1,10.0,【敌方侧】大家最大体力上升,敌方全体最大体力上升10% (永久)
4003021,4,1,6,5.0,【敌方侧】大家阴防上升,敌方全体阴防上升5% (永久)
4003022,4,1,4,10.0,【敌方侧】大家阳防上升,敌方全体阳防上升10% (永久)
4003031,4,1,5,10.0,【敌方侧】大家阴攻上升,敌方全体阴攻上升10% (永久)
4003032,4,1,6,10.0,【敌方侧】大家阴防上升,敌方全体阴防上升10% (永久)
4003041,4,1,3,10.0,【敌方侧】大家阳攻上升,敌方全体阳攻上升10% (永久)
4003042,4,1,4,15.0,【敌方侧】大家阳防上升,敌方全体阳防上升15% (永久)
4003051,4,1,8,20.0,【敌方侧】大家回避上升,敌方全体回避率上升20% (永久)
4003052,4,1,7,30.0,【敌方侧】大家命中上升,敌方全体命中率上升30% (永久)
4003061,2,10,1,-95.0,【己方侧】通常弹威力下降,己方全体通常弹造成的伤害下降95% (永久)
4003062,2,10,8,-95.0,【己方侧】御符弹威力下降,己方全体御符弹造成的伤害下降95% (永久)
4003071,2,4,7,-65.0,【己方侧】速攻式弱化,己方全体速攻式的综合强度下降65% (永久)
4003072,2,4,1,-65.0,【己方侧】防御式弱化,己方全体防御式的综合强度下降65% (永久)
4003081,2,4,6,-65.0,【己方侧】技巧式弱化,己方全体技巧式的综合强度下降65% (永久)
4003082,2,4,2,-65.0,【己方侧】支援式弱化,己方全体支援式的综合强度下降65% (永久)
4003091,2,3,0,-2.0,【己方侧】结界最大数减少,己方全体结界的最大持有枚数减少2枚 (永久)
4003092,4,2,0,-30.0,【敌方侧】种族特攻受伤倍率轻减,敌方全体种族特攻的受伤倍率下降30% (永久)
4003101,2,13,0,-30.0,【己方侧】灵力上升效果下降,己方全体的绘卷/技能/符卡效果/换位连携/特性的灵力上升的效果量下降30% (永久)
4003102,2,12,0,-50.0,【己方侧】灵力回收效率下降,己方全体灵力回收效率下降50% (永久)
4009011,4,1,5,15.0,【敌方侧】大家阴攻上升,敌方全体阴攻上升15% (永久)
4009012,2,10,8,-95.0,【己方侧】御符弹威力下降,己方全体御符弹造成的伤害下降95% (永久)
4009021,4,1,3,15.0,【敌方侧】大家阳攻上升,敌方全体阳攻上升15% (永久)
4009022,2,10,10,-95.0,【己方侧】尖头弹威力下降,己方全体尖头弹造成的伤害下降95% (永久)
4009031,4,1,5,15.0,【敌方侧】大家阴攻上升,敌方全体阴攻上升15% (永久)
4009032,2,4,5,-65.0,【己方侧】攻击式弱化,己方全体攻击式的综合强度下降65% (永久)
4009041,4,1,3,15.0,【敌方侧】大家阳攻上升,敌方全体阳攻上升15% (永久)
4009042,2,4,1,-65.0,【己方侧】防御式弱化,己方全体防御式的综合强度下降65% (永久)
4009051,4,1,1,5.0,【敌方侧】大家最大体力上升,敌方全体最大体力上升5% (永久)
4009052,2,4,2,-65.0,【己方侧】支援式弱化,己方全体支援式的综合强度下降65% (永久)
4009061,4,1,1,5.0,【敌方侧】大家最大体力上升,敌方全体最大体力上升5% (永久)
4009062,2,4,3,-65.0,【己方侧】回复式弱化,己方全体回复式的综合强度下降65% (永久)
4009071,4,1,8,20.0,【敌方侧】大家回避上升,敌方全体回避率上升20% (永久)
4009072,2,4,8,-65.0,【己方侧】破坏式弱化,己方全体破坏式的综合强度下降65% (永久)
4009081,4,2,0,-20.0,【敌方侧】种族特攻受伤倍率轻减,敌方全体的种族特攻受伤倍率下降20% (永久)
4009082,2,3,0,-2.0,【己方侧】结界最大数减少,己方全体结界的最大持有枚数减少2枚 (永久)
4009091,2,13,0,-25.0,【己方侧】灵力上升效果下降,己方全体绘卷/技能/符卡效果/换位连携/特性的灵力上升的效果量下降25% (永久)
4009092,2,12,0,-25.0,【己方侧】灵力回收效率下降,己方全体灵力回收效率下降25% (永久)
4009101,2,7,4,0.0,【己方侧】水属性无法击破,己方全体的水属性无法造成击破效果 (永久)
4009102,2,7,7,0.0,【己方侧】土属性无法击破,己方全体的土属性无法造成击破效果 (永久)
4037011,4,1,6,10.0,【敌方侧】大家阴防上升,敌方全体阴防上升10% (永久)
4037012,2,10,1,-95.0,【己方侧】通常弹威力下降,己方全体通常弹造成的伤害下降95% (永久)
4037021,4,1,4,15.0,【敌方侧】大家阳防上升,敌方全体阳防上升15% (永久)
4037022,2,10,11,-95.0,【己方侧】追踪弹威力下降,己方全体追踪弹造成的伤害下降95% (永久)
4037031,4,1,6,10.0,【敌方侧】大家阴防上升,敌方全体阴防上升10% (永久)
4037032,2,10,8,-95.0,【己方侧】御符弹威力下降,己方全体御符弹造成的伤害下降95% (永久)
4037041,4,1,4,15.0,【敌方侧】大家阳防上升,敌方全体阳防上升15% (永久)
4037042,2,10,6,-95.0,【己方侧】流体弹威力下降,己方全体流体弹造成的伤害下降95% (永久)
4037051,4,1,1,15.0,【敌方侧】大家最大体力上升,敌方全体最大体力上升15% (永久)
4037052,2,10,3,-95.0,【己方侧】体术弹威力下降,己方全体体术弹造成的伤害下降95% (永久)
4037061,4,1,6,10.0,【敌方侧】大家阴防上升,敌方全体阴防上升10% (永久)
4037062,2,4,3,-65.0,【己方侧】回复式弱化,己方全体回复式的综合强度下降65% (永久)
4037071,4,1,4,15.0,【敌方侧】大家阳防上升,敌方全体阳防上升15% (永久)
4037072,2,4,1,-65.0,【己方侧】防御式弱化,己方全体防御式的综合强度下降65% (永久)
4037081,4,1,1,15.0,【敌方侧】大家最大体力上升,敌方全体最大体力上升15% (永久)
4037082,2,4,7,-65.0,【己方侧】速攻式弱化,己方全体速攻式的综合强度下降65% (永久)
4037091,2,3,0,-2.0,【己方侧】结界最大数減少,己方全体结界最大持有数减少2枚 (永久)
4037092,4,9,2,30.0,【敌方侧】月属性攻击威力上升,敌方全体月属性攻击造成的伤害上升30% (永久)
4037101,2,16,0,0.0,【己方侧】仇恨值无效,己方全体仇恨值不会变动 (永久)
4037102,4,9,2,30.0,【敌方侧】月属性攻击威力上升,敌方全体月属性攻击造成的伤害上升30% (永久)
5056011,4,1,1,10.0,【敌方侧】大家最大体力上升,敌方全体最大体力上升10% (永久)
5056012,4,1,6,10.0,【敌方侧】大家阴防上升,敌方全体阴防上升10% (永久)
5056021,4,1,1,10.0,【敌方侧】大家最大体力上升,敌方全体最大体力上升10% (永久)
5056022,4,1,4,10.0,【敌方侧】大家阳防上升,敌方全体阳防上升10% (永久)
5056031,4,1,5,20.0,【敌方侧】大家阴攻上升,敌方全体阴攻上升20% (永久)
5056032,4,1,6,15.0,【敌方侧】大家阴防上升,敌方全体阴防上升15% (永久)
5056041,4,1,3,20.0,【敌方侧】大家阳攻上升,敌方全体阳攻上升20% (永久)
5056042,4,1,4,15.0,【敌方侧】大家阳防上升,敌方全体阳防上升15% (永久)
5056051,4,1,7,30.0,【敌方侧】大家命中上升,敌方全体命中率上升30% (永久)
5056052,4,1,8,30.0,【敌方侧】大家回避上升,敌方全体回避率上升30% (永久)
5056061,2,10,11,-95.0,【己方侧】追踪弹威力下降,己方全体追踪弹造成的伤害下降95% (永久)
5056062,2,10,8,-95.0,【己方侧】御符弹威力下降,己方全体御符弹造成的伤害下降95% (永久)
5056071,2,4,5,-65.0,【己方侧】攻击式弱化,己方全体攻击式的综合强度下降65% (永久)
5056072,2,4,7,-65.0,【己方侧】速攻式弱化,己方全体速攻式的综合强度下降65% (永久)
5056081,2,4,6,-65.0,【己方侧】技巧式弱化,己方全体技巧式的综合强度下降65% (永久)
5056082,2,4,3,-65.0,【己方侧】回复式弱化,己方全体回复式的综合强度下降65% (永久)
5056091,2,3,0,-2.0,【己方侧】结界最大数减少,己方全体结界最大持有枚数减少2枚 (永久)
5056092,4,2,0,-30.0,【敌方侧】种族特攻的伤害倍率轻减,敌方全体的种族特攻受伤倍率下降30% (永久)
5056101,2,13,0,-30.0,【己方侧】灵力上升效果下降,己方全体绘卷/技能/符卡效果/换位连携/特性灵力上升效果量下降30% (永久)
5056102,2,12,0,-50.0,【己方侧】灵力回收效率下降,己方全体灵力回收效率下降50% (永久)
6001011,4,1,1,10.0,【敌方侧】大家最大体力上升,敌方全体最大体力上升10% (永久)
6001012,4,1,6,10.0,【敌方侧】大家阴防上升,敌方全体阴防上升10% (永久)
6001021,4,1,1,10.0,【敌方侧】大家最大体力上升,敌方全体最大体力上升10% (永久)
6001022,4,1,4,10.0,【敌方侧】大家阳防上升,敌方全体阳防上升10% (永久)
6001031,4,1,5,20.0,【敌方侧】大家阴攻上升,敌方全体阴攻上升20% (永久)
6001032,4,1,6,10.0,【敌方侧】大家阴防上升,敌方全体阴防上升10% (永久)
6001041,4,1,3,20.0,【敌方侧】大家阳攻上升,敌方全体阳攻上升20% (永久)
6001042,4,1,4,10.0,【敌方侧】大家阳防上升,敌方全体阳防上升10% (永久)
6001051,4,1,7,50.0,【敌方侧】大家命中上升,敌方全体命中率上升50% (永久)
6001052,4,1,8,30.0,【敌方侧】大家回避上升,敌方全体回避率上升30% (永久)
6001061,2,14,2,0.0,【己方侧】特性封印,己方全体特性无法发动 (永久)
6001062,2,10,1,-95.0,【己方侧】通常弹威力下降,己方全体通常弹造成的伤害下降95% (永久)
6001071,2,4,5,-65.0,【己方侧】攻击式弱化,己方全体攻击式的综合强度下降65% (永久)
6001072,2,4,1,-65.0,【己方侧】防御式弱化,己方全体防御式的综合强度下降65% (永久)
6001081,2,4,6,-65.0,【己方侧】技巧式弱化,己方全体技巧式的综合强度下降65% (永久)
6001082,2,4,4,-65.0,【己方侧】干扰式弱化,己方全体干扰式的综合强度下降65% (永久)
6001091,2,3,0,-2.0,【己方侧】结界最大数减少,己方全体结界最大持有枚数减少2枚 (永久)
6001092,4,2,0,-50.0,【敌方侧】种族特攻受伤倍率轻减,敌方全体的种族特攻受伤倍率下降50% (永久)
6001101,2,13,0,-30.0,【己方侧】灵力上升效果下降,己方全体绘卷/技能/符卡效果/换位连携/特性的灵力上升的效果量下降30% (永久)
6001102,2,12,0,-50.0,【己方侧】灵力回收效率下降,己方全体灵力回收效率下降50% (永久)
6056011,4,1,5,10.0,【敌方侧】大家阴攻上升,敌方全体阴攻10%上升 (永久)
6056012,2,10,10,-95.0,【己方侧】尖头弹威力下降,己方全体尖头弹造成的伤害下降95% (永久)
6056021,4,1,3,10.0,【敌方侧】大家阳攻上升,敌方全体阳攻10%上升 (永久)
6056022,2,10,8,-95.0,【己方侧】御符弹威力下降,己方全体御符弹造成的伤害下降95% (永久)
6056031,4,1,6,10.0,【敌方侧】大家阴防上升,敌方全体阴防10%上升 (永久)
6056032,2,10,1,-95.0,【己方侧】通常弹威力下降,己方全体通常弹造成的伤害下降95% (永久)
6056041,4,1,4,10.0,【敌方侧】大家阳防上升,敌方全体阳防10%上升 (永久)
6056042,2,10,11,-95.0,【己方侧】追踪弹威力下降,己方全体追踪弹造成的伤害下降95% (永久)
6056051,4,1,1,10.0,【敌方侧】大家最大体力上升,敌方全体最大体力上升10% (永久)
6056052,2,4,5,-65.0,【己方侧】攻击式弱化,己方全体攻击式的综合强度下降65% (永久)
6056061,4,1,1,10.0,【敌方侧】大家最大体力上升,敌方全体最大体力上升10% (永久)
6056062,2,4,1,-65.0,【己方侧】防御式弱化,己方全体防御式的综合强度下降65% (永久)
6056071,4,9,1,30.0,【敌方侧】日属性攻击威力上升,敌方全体日属性子弹造成的伤害上升30% (永久)
6056072,2,4,6,-65.0,【己方侧】技巧式弱化,己方全体技巧式的综合强度下降65% (永久)
6056081,4,9,8,30.0,【敌方侧】星属性攻击威力上升,敌方全体星属性子弹造成的伤害上升30% (永久)
6056082,2,14,1,0.0,【己方侧】能力封印,己方全体能力无法发动 (永久)
6056091,2,3,0,-2.0,【己方侧】结界最大数減少,己方全体结界的最大持有数减少2枚 (永久)
6056092,4,2,0,-50.0,【敌方侧】种族特攻受伤倍率轻减,敌方全体受到种族特攻的伤害倍率下降50% (永久)
6056101,2,13,0,-30.0,【己方侧】灵力上升效果下降,己方全体绘卷/技能/符卡效果/交换连携/特性的灵力上升效果量下降30% (永久)
6056102,2,12,0,-30.0,【己方侧】灵力回收效率下降,己方全体灵力回收效率下降30% (永久)
10001011,4,1,3,10.0,【敌方侧】大家阳攻上升,敌方全体阳攻上升10% (永久)
10001012,4,1,1,10.0,【敌方侧】大家最大体力上升,敌方全体最大体力上升10% (永久)
10001021,4,1,3,10.0,【敌方侧】大家阳攻上升,敌方全体阳攻上升10% (永久)
10001022,2,4,4,-65.0,【己方侧】干扰式弱化,己方全体干扰式的综合强度下降65% (永久)
10001031,4,1,4,10.0,【敌方侧】大家阳防上升,敌方全体阳防上升10% (永久)
10001032,4,1,1,10.0,【敌方侧】大家最大体力上升,敌方全体最大体力上升10% (永久)
10001041,4,1,4,20.0,【敌方侧】大家阳防上升,敌方全体阳防上升20% (永久)
10001042,4,1,1,10.0,【敌方侧】大家最大体力上升,敌方全体最大体力上升10% (永久)
10001051,4,1,6,5.0,【敌方侧】大家阴防上升,敌方全体阴防上升5% (永久)
10001052,4,1,5,5.0,【敌方侧】大家阴攻上升,敌方全体阴攻上升5% (永久)
10001061,4,1,6,10.0,【敌方侧】大家阴防上升,敌方全体阴防上升10% (永久)
10001062,4,1,5,10.0,【敌方侧】大家阴攻上升,敌方全体阴攻上升10% (永久)
10001071,2,10,8,-95.0,【己方侧】御符弹威力下降,己方全体御符弹造成的伤害下降95% (永久)
10001072,4,1,8,20.0,【敌方侧】大家回避上升,敌方全体回避率上升20% (永久)
10001081,2,10,3,-95.0,【己方侧】体术弹威力下降,己方全体体术弹造成的伤害下降95% (永久)
10001082,2,10,11,-95.0,【己方侧】追踪弹威力下降,己方全体追踪弹造成的伤害下降95% (永久)
10001091,2,3,0,-2.0,【己方侧】结界最大数减少,己方全体结界的最大持有枚数减少2枚 (永久)
10001092,4,2,0,-30.0,【敌方侧】种族特攻受伤倍率轻减,敌方全体从种族特攻受到的伤害倍率下降30% (永久)
10001101,2,13,0,-30.0,【己方侧】灵力上升效果下降,己方全体绘卷/技能/符卡效果/换位连携/特性的灵力上升效果量下降30% (永久)
10001102,2,12,0,-30.0,【己方侧】灵力回收效率下降,己方全体灵力回收效率下降30% (永久)
10002011,4,1,1,10.0,【敌方侧】大家最大体力上升,敌方全体最大体力上升10% (永久)
10002012,4,1,1,10.0,【敌方侧】大家最大体力上升,敌方全体最大体力上升10% (永久)
10002021,4,1,3,10.0,【敌方侧】大家阳攻上升,敌方全体阳攻上升10% (永久)
10002022,4,1,4,10.0,【敌方侧】大家阳防上升,敌方全体阳防上升10% (永久)
10002031,4,1,5,5.0,【敌方侧】大家阴攻上升,敌方全体阴攻上升5% (永久)
10002032,4,1,6,5.0,【敌方侧】大家阴防上升,敌方全体阴防上升5% (永久)
10002041,4,1,3,10.0,【敌方侧】大家阳攻上升,敌方全体阳攻上升10% (永久)
10002042,4,1,4,10.0,【敌方侧】大家阳防上升,敌方全体阳防上升10% (永久)
10002051,4,1,6,10.0,【敌方侧】大家阴防上升,敌方全体阴防上升10% (永久)
10002052,2,4,7,-65.0,【己方侧】速攻式弱化,己方全体速攻式的综合强度下降65% (永久)
10002061,4,1,8,20.0,【敌方侧】大家回避上升,敌方全体回避率上升20% (永久)
10002062,2,10,1,-95.0,【己方侧】通常弹威力下降,己方全体通常弹造成的伤害下降95% (永久)
10002071,2,10,6,-95.0,【己方侧】流体弹威力下降,己方全体流体弹造成的伤害下降95% (永久)
10002072,2,4,1,-65.0,【己方侧】防御式弱化,己方全体防御式的综合强度下降65% (永久)
10002081,2,4,4,-65.0,【己方侧】干扰式弱化,己方全体干扰式的综合强度下降65% (永久)
10002082,2,4,6,-65.0,【己方侧】技巧式弱化,己方全体技巧式的综合强度下降65% (永久)
10002091,2,3,0,-2.0,【己方侧】结界最大数减少,己方全体结界的最大持有枚数减少2枚 (永久)
10002092,4,2,0,-30.0,【敌方侧】受到种族特攻的伤害倍率轻减,敌方全体受到种族特攻的伤害倍率下降30% (永久)
10002101,2,13,0,-30.0,【己方侧】灵力上升效果下降,己方全体绘卷/技能/符卡效果/换位连携/特性的灵力上升的效果量下降30% (永久)
10002102,2,12,0,-30.0,【己方侧】灵力回收效率下降,己方全体灵力回收效率下降30% (永久)
10003011,4,1,6,10.0,【敌方侧】大家阴防上升,敌方全体阴防上升10% (永久)
10003012,4,1,1,10.0,【敌方侧】大家最大体力上升,敌方全体最大体力上升10% (永久)
10003021,4,1,3,20.0,【敌方侧】大家阳攻上升,敌方全体阳攻上升20% (永久)
10003022,4,1,4,10.0,【敌方侧】大家阳防上升,敌方全体阳防上升10% (永久)
10003031,4,1,5,20.0,【敌方侧】大家阴攻上升,敌方全体阴攻上升20% (永久)
10003032,4,1,6,10.0,【敌方侧】大家阴防上升,敌方全体阴防上升10% (永久)
10003041,4,1,8,50.0,【敌方侧】大家回避上升,敌方全体回避率上升50% (永久)
10003042,4,1,7,50.0,【敌方侧】大家命中上升,敌方全体命中率上升50% (永久)
10003051,4,1,1,10.0,【敌方侧】大家最大体力上升,敌方全体最大体力上升10% (永久)
10003052,2,10,1,-95.0,【己方侧】通常弹威力下降,己方全体通常弹造成的伤害下降95% (永久)
10003061,2,10,11,-95.0,【己方侧】追踪弹威力下降,己方全体追踪弹造成的伤害下降95% (永久)
10003062,2,10,8,-95.0,【己方侧】御符弹威力下降,己方全体御符弹造成的伤害下降95% (永久)
10003071,2,4,3,-65.0,【己方侧】回复式弱化,己方全体回复式的综合强度下降65% (永久)
10003072,2,4,4,-65.0,【己方侧】干扰式弱化,己方全体干扰式的综合强度下降65% (永久)
10003081,2,4,1,-65.0,【己方侧】防御式弱化,己方全体防御式的综合强度下降65% (永久)
10003082,2,4,6,-65.0,【己方侧】技巧式弱化,己方全体技巧式的综合强度下降65% (永久)
10003091,2,3,0,-2.0,【己方侧】结界最大数减少,己方全体结界的最大持有枚数减少2枚 (永久)
10003092,4,2,0,-50.0,【敌方侧】种族特攻受伤倍率轻减,敌方全体受到的种族特攻的伤害倍率下降50% (永久)
10003101,2,13,0,-50.0,【己方侧】灵力上升效果下降,己方全体绘卷/技能/符卡效果/换位连携/特性的灵力上升效果量下降50% (永久)
10003102,2,12,0,-30.0,【己方侧】灵力回收效率下降,己方全体灵力回收效率下降30% (永久)
10004011,4,1,1,10.0,【敌方侧】大家最大体力上升,敌方全体最大体力上升10% (永久)
10004012,4,1,1,10.0,【敌方侧】大家最大体力上升,敌方全体最大体力上升10% (永久)
10004021,4,1,3,20.0,【敌方侧】大家阳攻上升,敌方全体阳攻上升20% (永久)
10004022,4,1,4,10.0,【敌方侧】大家阳防上升,敌方全体阳防上升10% (永久)
10004031,4,1,5,20.0,【敌方侧】大家阴攻上升,敌方全体阴攻上升20% (永久)
10004032,4,1,6,10.0,【敌方侧】大家阴防上升,敌方全体阴防上升10% (永久)
10004041,4,1,6,10.0,【敌方侧】大家阴防上升,敌方全体阴防上升10% (永久)
10004042,4,1,4,10.0,【敌方侧】大家阳防上升,敌方全体阳防上升10% (永久)
10004051,4,1,8,30.0,【敌方侧】大家回避上升,敌方全体回避率上升30% (永久)
10004052,2,10,1,-95.0,【己方侧】通常弹威力下降,己方全体通常弹造成的伤害下降95% (永久)
10004061,2,10,11,-95.0,【己方侧】追踪弹威力下降,己方全体追踪弹造成的伤害下降95% (永久)
10004062,2,10,7,-95.0,【己方侧】能量弹威力下降,己方全体能量弹造成的伤害下降95% (永久)
10004071,2,4,3,-65.0,【己方侧】回复式弱化,己方全体回复式综合强度下降65% (永久)
10004072,2,4,8,-65.0,【己方侧】破坏式弱化,己方全体破坏式综合强度下降65% (永久)
10004081,2,4,1,-65.0,【己方侧】防御式弱化,己方全体防御式综合强度下降65% (永久)
10004082,2,4,6,-65.0,【己方侧】技巧式弱化,己方全体技巧式综合强度下降65% (永久)
10004091,2,3,0,-2.0,【己方侧】结界最大数减少,己方全体结界的最大持有枚数减少2枚 (永久)
10004092,4,2,0,-50.0,【敌方侧】种族特攻受伤倍率轻减,敌方全体受到种族特攻的伤害倍率下降50% (永久)
10004101,2,13,0,-30.0,【己方侧】灵力上升效果下降,己方全体绘卷/技能/符卡效果/换位连携/特性的灵力上升的效果量下降30% (永久)
10004102,2,12,0,-50.0,【己方侧】灵力回收效率下降,己方全体灵力回收效率下降50% (永久)
10005011,4,1,1,10.0,【敌方侧】大家最大体力上升,敌方全体最大体力上升10% (永久)
10005012,4,1,1,10.0,【敌方侧】大家最大体力上升,敌方全体最大体力上升10% (永久)
10005021,4,1,3,10.0,【敌方侧】大家阳攻上升,敌方全体阳攻上升10% (永久)
10005022,4,1,4,10.0,【敌方侧】大家阳防上升,敌方全体阳防上升10% (永久)
10005031,4,1,5,10.0,【敌方侧】大家阴攻上升,敌方全体阴攻上升10% (永久)
10005032,4,1,6,10.0,【敌方侧】大家阴防上升,敌方全体阴防上升10% (永久)
10005041,4,1,6,10.0,【敌方侧】大家阴防上升,敌方全体阴防上升10% (永久)
10005042,4,1,4,10.0,【敌方侧】大家阳防上升,敌方全体阳防上升10% (永久)
10005051,4,9,4,50.0,【敌方侧】水属性攻击威力上升,敌方全体水属性攻击造成的伤害上升50% (永久)
10005052,2,10,1,-95.0,【己方侧】通常弹威力下降,己方全体通常弹造成的伤害下降95% (永久)
10005061,2,10,11,-95.0,【己方侧】追踪弹威力下降,己方全体追踪弹造成的伤害下降95% (永久)
10005062,2,10,10,-95.0,【己方侧】尖头弹威力下降,己方全体尖头弹造成的伤害下降95% (永久)
10005071,2,4,3,-65.0,【己方侧】回复式弱化,己方全体回复式的综合强度下降65% (永久)
10005072,2,4,7,-65.0,【己方侧】速攻式弱化,己方全体速攻式的综合强度下降65% (永久)
10005081,2,4,2,-65.0,【己方侧】支援式弱化,己方全体支援式的综合强度下降65% (永久)
10005082,2,4,6,-65.0,【己方侧】技巧式弱化,己方全体技巧式的综合强度下降65% (永久)
10005091,2,3,0,-2.0,【己方侧】结界最大数减少,己方全体结界的最大持有枚数减少2枚 (永久)
10005092,4,2,0,-50.0,【敌方侧】种族特攻的受伤倍率轻减,敌方全体受到来自种族特攻的伤害倍率下降50% (永久)
10005101,2,13,0,-50.0,【己方侧】灵力上升效果下降,己方全体绘卷/技能/符卡效果/换位连携/特性的灵力上升的效果量下降50% (永久)
10005102,2,12,0,-30.0,【己方侧】灵力回收效率下降,己方全体灵力回收效率下降30% (永久)
10006011,4,1,1,10.0,【敌方侧】大家最大体力上升,敌方全体最大体力上升10% (永久)
10006012,4,1,1,10.0,【敌方侧】大家最大体力上升,敌方全体最大体力上升10% (永久)
10006021,4,1,3,10.0,【敌方侧】大家阳攻上升,敌方全体阳攻上升10% (永久)
10006022,4,1,4,20.0,【敌方侧】大家阳防上升,敌方全体阳防上升20% (永久)
10006031,4,1,5,10.0,【敌方侧】大家阴攻上升,敌方全体阴攻上升10% (永久)
10006032,4,1,6,10.0,【敌方侧】大家阴防上升,敌方全体阴防上升10% (永久)
10006041,4,1,6,20.0,【敌方侧】大家阴防上升,敌方全体阴防上升20% (永久)
10006042,2,10,7,-95.0,【己方侧】能量弹威力下降,己方全体能量弹造成的伤害下降95% (永久)
10006051,2,10,11,-95.0,【己方侧】追踪弹威力下降,己方全体追踪弹造成的伤害下降95% (永久)
10006052,2,10,4,-95.0,【己方侧】斩击弹威力下降,己方全体斩击弹造成的伤害下降95% (永久)
10006061,2,10,10,-95.0,【己方侧】尖头弹威力下降,己方全体尖头弹造成的伤害下降95% (永久)
10006062,2,10,1,-95.0,【己方侧】通常弹威力下降,己方全体通常弹造成的伤害下降95% (永久)
10006071,2,4,5,-65.0,【己方侧】攻击式弱化,己方全体攻击式的综合强度下降65% (永久)
10006072,2,4,1,-65.0,【己方侧】防御式弱化,己方全体防御式的综合强度下降65% (永久)
10006081,2,4,2,-65.0,【己方侧】支援式弱化,己方全体支援式的综合强度下降65% (永久)
10006082,2,4,4,-65.0,【己方侧】干扰式弱化,己方全体干扰式的综合强度下降65% (永久)
10006091,2,3,0,-2.0,【己方侧】结界最大枚数减少,己方全体结界的最大持有枚数减少2枚 (永久)
10006092,4,2,0,-50.0,【敌方侧】种族特攻的受伤倍率轻减,敌方全体种族特攻的受伤倍率下降50% (永久)
10006101,2,13,0,-40.0,【己方侧】灵力上升效果下降,己方全体绘卷/技能/符卡效果/换位连携/特性的灵力上升效果量下降40% (永久)
10006102,2,12,0,-30.0,【己方侧】灵力回收效率下降,己方全体灵力回收效率30%下降 (永久)
10007011,4,1,1,10.0,【敌方侧】大家最大体力上升,敌方全体最大体力上升10% (永久)
10007012,4,1,1,10.0,【敌方侧】大家最大体力上升,敌方全体最大体力上升10% (永久)
10007021,4,1,3,10.0,【敌方侧】大家阳攻上升,敌方全体阳攻上升10% (永久)
10007022,4,1,4,20.0,【敌方侧】大家阳防上升,敌方全体阳防上升20% (永久)
10007031,4,1,5,10.0,【敌方侧】大家阴攻上升,敌方全体阴攻上升10% (永久)
10007032,4,1,6,10.0,【敌方侧】大家阴防上升,敌方全体阴防上升10% (永久)
10007041,4,1,6,20.0,【敌方侧】大家阴防上升,敌方全体阴防上升20% (永久)
10007042,2,10,1,-95.0,【己方侧】通常弹威力下降,己方全体通常弹造成的伤害下降95% (永久)
10007051,2,10,3,-95.0,【己方侧】体术弹威力下降,己方全体体术弹造成的伤害下降95% (永久)
10007052,2,10,10,-95.0,【己方侧】尖头弹威力下降,己方全体尖头弹造成的伤害下降95% (永久)
10007061,2,10,2,-95.0,【己方侧】镭射弹威力下降,己方全体镭射弹造成的伤害下降95% (永久)
10007062,2,10,11,-95.0,【己方侧】追踪弹威力下降,己方全体追踪弹造成的伤害下降95% (永久)
10007071,2,10,8,-95.0,【己方侧】御符弹威力下降,己方全体御符弹造成的伤害下降95% (永久)
10007072,2,4,3,-65.0,【己方侧】回复式弱化,己方全体回复式的综合强度下降65% (永久)
10007081,2,4,1,-65.0,【己方侧】防御式弱化,己方全体防御式的综合强度下降65% (永久)
10007082,2,4,2,-65.0,【己方侧】支援式弱化,己方全体支援式的综合强度下降65% (永久)
10007091,2,3,0,-2.0,【己方侧】结界最大数减少,己方全体结界的最大持有枚数减少2枚 (永久)
10007092,4,2,0,-50.0,【敌方侧】种族特攻的受伤倍率轻减,敌方全体种族特攻的受伤倍率下降50% (永久)
10007101,2,13,0,-50.0,【己方侧】灵力上升效果下降,己方全体绘卷/技能/符卡效果/换位连携/特性的灵力上升的效果量下降50% (永久)
10007102,2,12,0,-30.0,【己方侧】灵力回收效率下降,己方全体灵力回收效率下降30% (永久)
10008011,4,1,1,10.0,【敌方侧】大家最大体力上升,敌方全体最大体力上升10% (永久)
10008012,4,1,1,10.0,【敌方侧】大家最大体力上升,敌方全体最大体力上升10% (永久)
10008021,4,1,3,10.0,【敌方侧】大家阳攻上升,敌方全体阳攻上升10% (永久)
10008022,4,1,4,20.0,【敌方侧】大家阳防上升,敌方全体阳防上升20% (永久)
10008031,4,1,5,10.0,【敌方侧】大家阴攻上升,敌方全体阴攻上升10% (永久)
10008032,4,1,6,20.0,【敌方侧】大家阴防上升,敌方全体阴防上升20% (永久)
10008041,4,1,7,30.0,【敌方侧】大家命中上升,敌方全体命中率上升30% (永久)
10008042,4,1,8,30.0,【敌方侧】大家回避上升,敌方全体回避率上升30% (永久)
10008051,2,10,11,-95.0,【己方侧】追踪弹威力下降,己方全体追踪弹造成的伤害下降95% (永久)
10008052,2,10,6,-95.0,【己方侧】流体弹威力下降,己方全体流体弹造成的伤害下降95% (永久)
10008061,2,10,1,-95.0,【己方侧】通常弹威力下降,己方全体通常弹造成的伤害下降95% (永久)
10008062,2,4,8,-65.0,【己方侧】破坏式弱化,己方全体破坏式的综合强度下降65% (永久)
10008071,2,4,3,-65.0,【己方侧】回复式弱化,己方全体回复式的综合强度下降65% (永久)
10008072,2,4,4,-65.0,【己方侧】干扰式弱化,己方全体干扰式的综合强度下降65% (永久)
10008081,2,4,1,-65.0,【己方侧】防御式弱化,己方全体防御式的综合强度下降65% (永久)
10008082,2,4,2,-65.0,【己方侧】支援式弱化,己方全体支援式的综合强度下降65% (永久)
10008091,2,3,0,-2.0,【己方侧】结界最大数减少,己方全体结界的最大持有枚数减少2枚 (永久)
10008092,4,2,0,-50.0,【敌方侧】种族特攻的受伤倍率轻减,敌方全体种族特攻的受伤倍率下降50% (永久)
10008101,2,13,0,-40.0,【己方侧】灵力上升效果下降,己方全体绘卷/技能/符卡效果/换位连携/特性的灵力上升的效果量下降40% (永久)
10008102,2,12,0,-30.0,【己方侧】灵力回收效率下降,己方全体灵力回收效率下降30% (永久)
10009011,4,1,1,10.0,【敌方侧】大家最大体力上升,敌方全体最大体力上升10% (永久)
10009012,4,1,1,10.0,【敌方侧】大家最大体力上升,敌方全体最大体力上升10% (永久)
10009021,4,1,3,10.0,【敌方侧】大家阳攻上升,敌方全体阳攻上升10% (永久)
10009022,4,1,4,20.0,【敌方侧】大家阳防上升,敌方全体阳防上升20% (永久)
10009031,4,1,5,10.0,【敌方侧】大家阴攻上升,敌方全体阴攻上升10% (永久)
10009032,4,1,6,10.0,【敌方侧】大家阴防上升,敌方全体阴防上升10% (永久)
10009041,4,1,6,20.0,【敌方侧】大家阴防上升,敌方全体阴防上升20% (永久)
10009042,2,10,11,-95.0,【己方侧】追踪弹威力下降,己方全体追踪弹造成的伤害下降95% (永久)
10009051,2,10,2,-95.0,【己方侧】镭射弹威力下降,己方全体镭射弹造成的伤害下降95% (永久)
10009052,2,10,10,-95.0,【己方侧】尖头弹威力下降,己方全体尖头弹造成的伤害下降95% (永久)
10009061,2,10,8,-95.0,【己方侧】御符弹威力下降,己方全体御符弹造成的伤害下降95% (永久)
10009062,2,10,1,-95.0,【己方侧】通常弹威力下降,己方全体通常弹造成的伤害下降95% (永久)
10009071,2,4,3,-65.0,【己方侧】回复式弱化,己方全体回复式的综合强度下降65% (永久)
10009072,2,4,8,-65.0,【己方侧】破坏式弱化,己方全体破坏式的综合强度下降65% (永久)
10009081,2,4,1,-65.0,【己方侧】防御式弱化,己方全体防御式的综合强度下降65% (永久)
10009082,2,4,5,-65.0,【己方侧】攻击式弱化,己方全体攻击式的综合强度下降65% (永久)
10009091,2,3,0,-2.0,【己方侧】结界最大枚数减少,己方全体结界的最大持有枚数减少2枚 (永久)
10009092,4,2,0,-50.0,【敌方侧】种族特攻的受伤倍率轻减,敌方全体的种族特攻受伤倍率下降50% (永久)
10009101,2,13,0,-40.0,【己方侧】灵力上升效果下降,己方全体绘卷/技能/符卡效果效果/换位连携/特性的灵力上升的效果量下降40% (永久)
10009102,2,12,0,-30.0,【己方侧】灵力回收效率下降,己方全体灵力回收效率下降30% (永久)
10010011,4,1,1,10.0,【敌方侧】大家最大体力上升,敌方全体最大体力上升10% (永久)
10010012,4,1,1,10.0,【敌方侧】大家最大体力上升,敌方全体最大体力上升10% (永久)
10010021,4,1,3,10.0,【敌方侧】大家阳攻上升,敌方全体阳攻上升10% (永久)
10010022,4,1,4,20.0,【敌方侧】大家阳防上升,敌方全体阳防上升20% (永久)
10010031,4,1,5,10.0,【敌方侧】大家阴攻上升,敌方全体阴攻上升10% (永久)
10010032,4,1,6,10.0,【敌方侧】大家阴防上升,敌方全体阴防上升10% (永久)
10010041,4,1,5,20.0,【敌方侧】大家阴攻上升,敌方全体阴攻上升20% (永久)
10010042,4,1,6,20.0,【敌方侧】大家阴防上升,敌方全体阴防上升20% (永久)
10010051,4,1,8,40.0,【敌方侧】大家回避上升,敌方全体回避率上升40% (永久)
10010052,2,10,8,-95.0,【己方侧】御符弹威力下降,己方全体御符弹造成的伤害下降95% (永久)
10010061,2,10,1,-95.0,【己方侧】通常弹威力下降,己方全体通常弹造成的伤害下降95% (永久)
10010062,2,10,11,-95.0,【己方侧】追踪弹威力下降,己方全体追踪弹造成的伤害下降95% (永久)
10010071,2,4,4,-65.0,【己方侧】干扰式弱化,己方全体干扰式的综合强度下降65% (永久)
10010072,2,4,3,-65.0,【己方侧】回复式弱化,己方全体回复式的综合强度下降65% (永久)
10010081,2,4,8,-65.0,【己方侧】破坏式弱化,己方全体破坏式的综合强度下降65% (永久)
10010082,2,4,5,-65.0,【己方侧】攻击式弱化,己方全体攻击式的综合强度下降65% (永久)
10010091,2,3,0,-2.0,【己方侧】结界最大枚数减少,己方全体结界的最大持有枚数减少2枚 (永久)
10010092,4,2,0,-40.0,【敌方侧】种族特攻的受伤倍率轻减,敌方全体的种族特攻受伤倍率下降40% (永久)
10010101,2,13,0,-40.0,【己方侧】灵力上升效果下降,己方全体绘卷/技能/符卡效果效果/换位连携/特性的灵力上升的效果量下降40% (永久)
10010102,2,12,0,-40.0,【己方侧】灵力回收效率下降,己方全体灵力回收效率下降40% (永久)
10011011,4,1,1,10.0,【敌方侧】大家最大体力上升,敌方全体最大体力上升10% (永久)
10011012,4,1,1,10.0,【敌方侧】大家最大体力上升,敌方全体最大体力上升10% (永久)
10011021,4,1,3,10.0,【敌方侧】大家阳攻上升,敌方全体阳攻上升10% (永久)
10011022,4,1,4,20.0,【敌方侧】大家阳防上升,敌方全体阳防上升20% (永久)
10011031,4,1,5,10.0,【敌方侧】大家阴攻上升,敌方全体阴攻上升10% (永久)
10011032,4,1,6,10.0,【敌方侧】大家阴防上升,敌方全体阴防上升10% (永久)
10011041,4,1,6,10.0,【敌方侧】大家阴防上升,敌方全体阴防上升10% (永久)
10011042,4,1,4,20.0,【敌方侧】大家阳防上升,敌方全体阳防上升20% (永久)
10011051,4,1,8,30.0,【敌方侧】大家回避上升,敌方全体回避率上升30% (永久)
10011052,2,10,8,-95.0,【己方侧】御符弹威力下降,己方全体御符弹造成的伤害下降95% (永久)
10011061,2,10,1,-95.0,【己方侧】通常弹威力下降,己方全体通常弹造成的伤害下降95% (永久)
10011062,2,4,8,-65.0,【己方侧】破坏式弱化,己方全体破坏式的综合强度下降65% (永久)
10011071,2,4,4,-65.0,【己方侧】干扰式弱化,己方全体干扰式的综合强度下降65% (永久)
10011072,2,4,3,-65.0,【己方侧】回复式弱化,己方全体回复式的综合强度下降65% (永久)
10011081,2,4,7,-65.0,【己方侧】速攻式弱化,己方全体速攻式的综合强度下降65% (永久)
10011082,2,4,6,-65.0,【己方侧】技巧式弱化,己方全体技巧式的综合强度下降65% (永久)
10011091,2,3,0,-2.0,【己方侧】结界最大数减少,己方全体结界的最多持有枚数减少2枚 (永久)
10011092,4,2,0,-50.0,【敌方侧】种族特攻受伤倍率轻减,敌方全体种族特攻的受伤倍率下降50% (永久)
10011101,2,13,0,-40.0,【己方侧】灵力上升效果下降,己方全体绘卷/技能/符卡效果/换位连携/特性的灵力上升的效果量下降40% (永久)
10011102,2,12,0,-50.0,【己方侧】灵力回收效率下降,己方全体灵力回收效率下降50% (永久)
10012011,4,1,1,10.0,【敌方侧】大家最大体力上升,敌方全体最大体力上升10% (永久)
10012012,4,1,1,10.0,【敌方侧】大家最大体力上升,敌方全体最大体力上升10% (永久)
10012021,4,1,3,10.0,【敌方侧】大家阳攻上升,敌方全体阳攻上升10% (永久)
10012022,4,1,4,10.0,【敌方侧】大家阳防上升,敌方全体阳防上升10% (永久)
10012031,4,1,5,10.0,【敌方侧】大家阴攻上升,敌方全体阴攻上升10% (永久)
10012032,4,1,6,10.0,【敌方侧】大家阴防上升,敌方全体阴防上升10% (永久)
10012041,4,1,6,10.0,【敌方侧】大家阴防上升,敌方全体阴防上升10% (永久)
10012042,4,1,4,20.0,【敌方侧】大家阳防上升,敌方全体阳防上升20% (永久)
10012051,4,1,6,20.0,【敌方侧】大家阴防上升,敌方全体阴防上升20% (永久)
10012052,2,10,8,-95.0,【己方侧】御符弹威力下降,己方全体御符弹造成的伤害下降95% (永久)
10012061,2,10,1,-95.0,【己方侧】通常弹威力下降,己方全体通常弹造成的伤害下降95% (永久)
10012062,2,10,11,-95.0,【己方侧】追踪弹威力下降,己方全体追踪弹造成的伤害下降95% (永久)
10012071,2,4,5,-65.0,【己方侧】攻击式弱化,己方全体攻击式的综合强度下降65% (永久)
10012072,2,4,1,-65.0,【己方侧】防御式弱化,己方全体防御式的综合强度下降65% (永久)
10012081,2,4,3,-65.0,【己方侧】回复式弱化,己方全体回复式的综合强度下降65% (永久)
10012082,2,4,7,-65.0,【己方侧】速攻式弱化,己方全体速攻式的综合强度下降65% (永久)
10012091,2,3,0,-2.0,【己方侧】结界最大数减少,己方全体结界的最多持有枚数减少2枚 (永久)
10012092,4,2,0,-40.0,【敌方侧】种族特攻受伤倍率轻减,敌方全体种族特攻的受伤倍率下降40% (永久)
10012101,2,13,0,-30.0,【己方侧】灵力上升效果下降,己方全体绘卷/技能/符卡效果/换位连携/特性的灵力上升的效果量下降30% (永久)
10012102,2,12,0,-40.0,【己方侧】灵力回收效率下降,己方全体灵力回收效率下降40% (永久)
10013011,4,1,1,10.0,【敌方侧】大家最大体力上升,敌方全体最大体力上升10% (永久)
10013012,4,1,1,10.0,【敌方侧】大家最大体力上升,敌方全体最大体力上升10% (永久)
10013021,4,1,3,10.0,【敌方侧】大家阳攻上升,敌方全体阳攻上升10% (永久)
10013022,4,1,4,10.0,【敌方侧】大家阳防上升,敌方全体阳防上升10% (永久)
10013031,4,1,5,10.0,【敌方侧】大家阴攻上升,敌方全体阴攻上升10% (永久)
10013032,4,1,6,10.0,【敌方侧】大家阴防上升,敌方全体阴防上升10% (永久)
10013041,4,1,5,10.0,【敌方侧】大家阴攻上升,敌方全体阴攻上升10% (永久)
10013042,4,1,6,20.0,【敌方侧】大家阴防上升,敌方全体阴防上升20% (永久)
10013051,4,1,7,40.0,【敌方侧】大家命中上升,敌方全体命中率上升40% (永久)
10013052,4,1,8,30.0,【敌方侧】大家回避上升,敌方全体回避率上升30% (永久)
10013061,2,10,8,-95.0,【己方侧】御符弹威力下降,己方全体御符弹造成的伤害下降95% (永久)
10013062,2,4,2,-65.0,【己方侧】支援式弱化,己方全体支援式的综合强度下降65% (永久)
10013071,2,4,5,-65.0,【己方侧】攻击式弱化,己方全体攻击式的综合强度下降65% (永久)
10013072,2,4,1,-65.0,【己方侧】防御式弱化,己方全体防御式的综合强度下降65% (永久)
10013081,2,4,8,-65.0,【己方侧】破坏式弱化,己方全体破坏式的综合强度下降65% (永久)
10013082,2,4,7,-65.0,【己方侧】速攻式弱化,己方全体速攻式的综合强度下降65% (永久)
10013091,2,3,0,-2.0,【己方侧】结界最大数减少,己方全体结界的最大持有枚数减少2枚 (永久)
10013092,4,2,0,-50.0,【敌方侧】种族特攻受伤倍率轻减,敌方全体受到的种族特攻伤害倍率下降50% (永久)
10013101,2,13,0,-30.0,【己方侧】灵力上升效果下降,己方全体绘卷/技能/符卡效果/换位连携/特性的灵力上升的效果量下降30% (永久)
10013102,2,12,0,-50.0,【己方侧】灵力回收效率下降,己方全体灵力回收效率下降50% (永久)
10014011,4,1,1,10.0,【敌方侧】大家最大体力上升,敌方全体最大体力上升10% (永久)
10014012,4,1,1,10.0,【敌方侧】大家最大体力上升,敌方全体最大体力上升10% (永久)
10014021,4,1,3,10.0,【敌方侧】大家阳攻上升,敌方全体阳攻上升10% (永久)
10014022,4,1,4,10.0,【敌方侧】大家阳防上升,敌方全体阳防上升10% (永久)
10014031,4,1,5,10.0,【敌方侧】大家阴攻上升,敌方全体阴攻上升10% (永久)
10014032,4,1,6,10.0,【敌方侧】大家阴防上升,敌方全体阴防上升10% (永久)
10014041,4,1,3,20.0,【敌方侧】大家阳攻上升,敌方全体阳攻上升20% (永久)
10014042,4,1,4,20.0,【敌方侧】大家阳防上升,敌方全体阳防上升20% (永久)
10014051,4,1,7,40.0,【敌方侧】大家命中上升,敌方全体命中率上升40% (永久)
10014052,4,1,8,20.0,【敌方侧】大家回避上升,敌方全体回避率上升20% (永久)
10014061,2,10,6,-95.0,【己方侧】流体弹威力下降,己方全体流体弹造成的伤害下降95% (永久)
10014062,2,10,1,-95.0,【己方侧】通常弹威力下降,己方全体通常弹造成的伤害下降95% (永久)
10014071,2,4,8,-65.0,【己方侧】破坏式弱化,己方全体破坏式综合强度下降65% (永久)
10014072,2,4,4,-65.0,【己方侧】干扰式弱化,己方全体干扰式综合强度下降65% (永久)
10014081,2,4,1,-65.0,【己方侧】防御式弱化,己方全体防御式综合强度下降65% (永久)
10014082,2,4,3,-65.0,【己方侧】回复式弱化,己方全体回复式综合强度下降65% (永久)
10014091,2,3,0,-2.0,【己方侧】结界最大数减少,己方全体结界的最大持有枚数减少2枚 (永久)
10014092,4,2,0,-40.0,【敌方侧】种族特攻的受伤倍率轻减,敌方全体受到种族特攻的伤害倍率下降40% (永久)
10014101,2,13,0,-30.0,【己方侧】灵力上升效果下降,己方全体绘卷/技能/符卡效果/换位连携/特性的灵力上升的效果量下降30% (永久)
10014102,2,12,0,-40.0,【己方侧】灵力回收效率下降,己方全体灵力回收效率下降40% (永久)
10015011,4,1,1,10.0,【敌方侧】大家最大体力上升,敌方全体最大体力上升10% (永久)
10015012,4,1,1,10.0,【敌方侧】大家最大体力上升,敌方全体最大体力上升10% (永久)
10015021,4,1,3,10.0,【敌方侧】大家阳攻上升,敌方全体阳攻上升10% (永久)
10015022,4,1,4,20.0,【敌方侧】大家阳防上升,敌方全体阳防上升20% (永久)
10015031,4,1,5,10.0,【敌方侧】大家阴攻上升,敌方全体阴攻上升10% (永久)
10015032,4,1,6,10.0,【敌方侧】大家阴防上升,敌方全体阴防上升10% (永久)
10015041,4,1,3,10.0,【敌方侧】大家阳攻上升,敌方全体阳攻上升10% (永久)
10015042,4,1,6,20.0,【敌方侧】大家阴防上升,敌方全体阴防上升20% (永久)
10015051,4,1,5,10.0,【敌方侧】大家阴攻上升,敌方全体阴攻上升10% (永久)
10015052,4,1,6,20.0,【敌方侧】大家阴防上升,敌方全体阴防上升20% (永久)
10015061,4,1,8,30.0,【敌方侧】大家回避上升,敌方全体回避率上升30% (永久)
10015062,2,10,8,-95.0,【己方侧】御符弹威力下降,己方全体御符弹造成的伤害下降95% (永久)
10015071,2,10,1,-95.0,【己方侧】通常弹威力下降,己方全体通常弹造成的伤害下降95% (永久)
10015072,2,4,8,-65.0,【己方侧】破坏式弱化,己方全体破坏式的综合强度下降65% (永久)
10015081,2,4,6,-65.0,【己方侧】技巧式弱化,己方全体技巧式的综合强度下降65% (永久)
10015082,2,4,3,-65.0,【己方侧】回复式弱化,己方全体回复式的综合强度下降65% (永久)
10015091,2,3,0,-2.0,【己方侧】结界最大数减少,己方全体结界的最大持有枚数减少2枚 (永久)
10015092,4,2,0,-50.0,【敌方侧】种族特攻受伤倍率轻减,敌方全体受到的种族特攻伤害倍率下降50% (永久)
10015101,2,13,0,-40.0,【己方侧】灵力上升效果下降,己方全体绘卷/技能/符卡效果/换位连携/特性的灵力上升的效果量下降40% (永久)
10015102,2,12,0,-50.0,【己方侧】灵力回收效率下降,己方全体灵力回收效率下降50% (永久)
10016011,4,1,1,10.0,【敌方侧】大家最大体力上升,敌方全体最大体力上升10% (永久)
10016012,4,1,1,10.0,【敌方侧】大家最大体力上升,敌方全体最大体力上升10% (永久)
10016021,4,1,3,20.0,【敌方侧】大家阳攻上升,敌方全体阳攻上升20% (永久)
10016022,4,1,6,40.0,【敌方侧】大家阴防上升,敌方全体阴防上升40% (永久)
10016031,2,10,1,-95.0,【己方侧】通常弹威力下降,己方全体通常弹造成的伤害下降95% (永久)
10016032,2,10,10,-95.0,【己方侧】尖头弹威力下降,己方全体尖头弹造成的伤害下降95% (永久)
10016041,2,10,4,-95.0,【己方侧】斩击弹威力下降,己方全体斩击弹造成的伤害下降95% (永久)
10016042,2,10,6,-95.0,【己方侧】流体弹威力下降,己方全体流体弹造成的伤害下降95% (永久)
10016051,2,10,8,-95.0,【己方侧】御符弹威力下降,己方全体御符弹造成的伤害下降95% (永久)
10016052,2,10,11,-95.0,【己方侧】追踪弹威力下降,己方全体追踪弹造成的伤害下降95% (永久)
10016061,2,10,3,-95.0,【己方侧】体术弹威力下降,己方全体体术弹造成的伤害下降95% (永久)
10016062,2,4,3,-65.0,【己方侧】回复式弱化,己方全体回复式综合强度下降65% (永久)
10016071,2,4,2,-65.0,【己方侧】支援式弱化,己方全体支援式综合强度下降65% (永久)
10016072,2,4,4,-65.0,【己方侧】干扰式弱化,己方全体干扰式综合强度下降65% (永久)
10016081,2,4,1,-65.0,【己方侧】防御式弱化,己方全体防御式综合强度下降65% (永久)
10016082,2,4,7,-65.0,【己方侧】速攻式弱化,己方全体速攻式综合强度下降65% (永久)
10016091,2,3,0,-2.0,【己方侧】结界最大数减少,己方全体结界的最大持有枚数减少2枚 (永久)
10016092,4,2,0,-40.0,【敌方侧】种族特攻的受伤倍率轻减,敌方全体受到种族特攻的伤害倍率下降40% (永久)
10016101,2,13,0,-30.0,【己方侧】灵力上升效果下降,己方全体绘卷/技能/符卡效果/换位连携/特性的灵力上升的效果量下降30% (永久)
10016102,2,12,0,-50.0,【己方侧】灵力回收效率下降,己方全体灵力回收效率下降50% (永久)
10017011,4,1,1,10.0,【敌方侧】大家最大体力上升,敌方全体最大体力上升10% (永久)
10017012,4,1,1,10.0,【敌方侧】大家最大体力上升,敌方全体最大体力上升10% (永久)
10017021,4,1,5,10.0,【敌方侧】大家阴攻上升,敌方全体阴攻上升10% (永久)
10017022,4,1,6,20.0,【敌方侧】大家阴防上升,敌方全体阴防上升20% (永久)
10017031,4,1,3,10.0,【敌方侧】大家阳攻上升,敌方全体阳攻上升10% (永久)
10017032,4,1,4,20.0,【敌方侧】大家阳防上升,敌方全体阳防上升20% (永久)
10017041,4,1,5,20.0,【敌方侧】大家阴攻上升,敌方全体阴攻上升20% (永久)
10017042,4,1,6,20.0,【敌方侧】大家阴防上升,敌方全体阴防上升20% (永久)
10017051,2,10,1,-95.0,【己方侧】通常弹威力下降,己方全体通常弹造成的伤害下降95% (永久)
10017052,2,10,11,-95.0,【己方侧】追踪弹威力下降,己方全体追踪弹造成的伤害下降95% (永久)
10017061,2,10,3,-95.0,【己方侧】体术弹威力下降,己方全体体术弹造成的伤害下降95% (永久)
10017062,2,4,6,-65.0,【己方侧】技巧式弱化,己方全体技巧式的综合强度下降65% (永久)
10017071,2,4,2,-65.0,【己方侧】支援式弱化,己方全体支援式的综合强度下降65% (永久)
10017072,2,4,4,-65.0,【己方侧】干扰式弱化,己方全体干扰式的综合强度下降65% (永久)
10017081,2,4,1,-65.0,【己方侧】防御式弱化,己方全体防御式的综合强度下降65% (永久)
10017082,2,4,3,-65.0,【己方侧】回复式弱化,己方全体回复式的综合强度下降65% (永久)
10017091,2,3,0,-2.0,【己方侧】结界最大数减少,己方全体结界的最大持有枚数减少2枚 (永久)
10017092,4,2,0,-40.0,【敌方侧】种族特攻受伤倍率轻减,敌方全体受到的种族特攻的伤害倍率下降40% (永久)
10017101,2,13,0,-30.0,【己方侧】灵力上升效果下降,己方全体绘卷/技能/符卡效果/换位连携/特性的灵力上升的效果量下降30% (永久)
10017102,2,12,0,-40.0,【己方侧】灵力回收效率下降,己方全体灵力回收效率下降40% (永久)
10018011,4,1,1,10.0,【敌方侧】大家最大体力上升,敌方全体最大体力上升10% (永久)
10018012,4,1,1,10.0,【敌方侧】大家最大体力上升,敌方全体最大体力上升10% (永久)
10018021,4,1,5,10.0,【敌方侧】大家阴攻上升,敌方全体阴攻上升10% (永久)
10018022,4,1,6,20.0,【敌方侧】大家阴防上升,敌方全体阴防上升20% (永久)
10018031,4,1,3,10.0,【敌方侧】大家阳攻上升,敌方全体阳攻上升10% (永久)
10018032,4,1,4,20.0,【敌方侧】大家阳防上升,敌方全体阳防上升20% (永久)
10018041,4,1,5,10.0,【敌方侧】大家阴攻上升,敌方全体阴攻上升10% (永久)
10018042,4,1,6,20.0,【敌方侧】大家阴防上升,敌方全体阴防上升20% (永久)
10018051,4,1,3,10.0,【敌方侧】大家阳攻上升,敌方全体阳攻上升10% (永久)
10018052,4,1,4,20.0,【敌方侧】大家阳防上升,敌方全体阳防上升20% (永久)
10018061,4,1,8,30.0,【敌方侧】大家回避上升,敌方全体回避率上升30% (永久)
10018062,4,1,7,40.0,【敌方侧】大家命中上升,敌方全体命中率上升40% (永久)
10018071,2,4,3,-65.0,【己方侧】回复式弱化,己方全体回复式的综合强度下降65% (永久)
10018072,2,4,4,-65.0,【己方侧】干扰式弱化,己方全体干扰式的综合强度下降65% (永久)
10018081,2,4,1,-65.0,【己方侧】防御式弱化,己方全体防御式的综合强度下降65% (永久)
10018082,2,4,7,-65.0,【己方侧】速攻式弱化,己方全体速攻式的综合强度下降65% (永久)
10018091,2,3,0,-2.0,【己方侧】结界最大数减少,己方全体结界的最大持有枚数减少2枚 (永久)
10018092,4,2,0,-40.0,【敌方侧】种族特攻受伤倍率轻减,敌方全体受到的种族特攻的伤害倍率下降40% (永久)
10018101,2,13,0,-30.0,【己方侧】灵力上升效果下降,己方全体绘卷/技能/符卡效果/换位连携/特性的灵力上升的效果量下降30% (永久)
10018102,2,12,0,-50.0,【己方侧】灵力回收效率下降,己方全体灵力回收效率下降50% (永久)
10019011,4,1,1,10.0,【敌方侧】大家最大体力上升,敌方全体最大体力上升10% (永久)
10019012,4,1,5,10.0,【敌方侧】大家阴攻上升,敌方全体阴攻上升10% (永久)
10019021,4,1,1,10.0,【敌方侧】大家最大体力上升,敌方全体最大体力上升10% (永久)
10019022,4,1,3,20.0,【敌方侧】大家阳攻上升,敌方全体阳攻上升20% (永久)
10019031,4,1,6,30.0,【敌方侧】大家阴防上升,敌方全体阴防上升30% (永久)
10019032,4,1,4,40.0,【敌方侧】大家阳防上升,敌方全体阳防上升40% (永久)
10019041,4,1,6,40.0,【敌方侧】大家阴防上升,敌方全体阴防上升40% (永久)
10019042,2,10,1,-95.0,【己方侧】通常弹威力下降,己方全体通常弹造成的伤害下降95% (永久)
10019051,2,10,10,-95.0,【己方侧】尖头弹威力下降,己方全体尖头弹造成的伤害下降95% (永久)
10019052,2,10,11,-95.0,【己方侧】追踪弹威力下降,己方全体追踪弹造成的伤害下降95% (永久)
10019061,2,10,8,-95.0,【己方侧】御符弹威力下降,己方全体御符弹造成的伤害下降95% (永久)
10019062,2,4,1,-65.0,【己方侧】防御式弱化,己方全体防御式的综合强度下降65% (永久)
10019071,2,4,5,-65.0,【己方侧】攻击式弱化,己方全体攻击式的综合强度下降65% (永久)
10019072,2,4,3,-65.0,【己方侧】回复式弱化,己方全体回复式的综合强度下降65% (永久)
10019081,2,4,6,-65.0,【己方侧】技巧式弱化,己方全体技巧式的综合强度下降65% (永久)
10019082,2,4,7,-65.0,【己方侧】速攻式弱化,己方全体速攻式的综合强度下降65% (永久)
10019091,2,3,0,-2.0,【己方侧】结界最大数减少,己方全体结界的最大持有枚数减少2枚 (永久)
10019092,4,2,0,-70.0,【敌方侧】种族特攻的受伤倍率轻减,敌方全体受到的种族特攻的伤害倍率下降70% (永久)
10019101,2,13,0,-30.0,【己方侧】灵力上升效果下降,己方全体绘卷/技能/符卡效果/换位连携/特性的灵力上升的效果量下降30% (永久)
10019102,2,12,0,-50.0,【己方侧】灵力回收效率下降,己方全体灵力回收效率下降50% (永久)
10020011,4,1,4,10.0,【敌方侧】大家阳防上升,敌方全体阳防上升10% (永久)
10020012,4,1,6,10.0,【敌方侧】大家阴防上升,敌方全体阴防上升10% (永久)
10020021,4,1,5,10.0,【敌方侧】大家阴攻上升,敌方全体阴攻上升10% (永久)
10020022,4,1,1,10.0,【敌方侧】大家最大体力上升,敌方全体最大体力上升10% (永久)
10020031,4,1,3,10.0,【敌方侧】大家阳攻上升,敌方全体阳攻上升10% (永久)
10020032,4,1,1,10.0,【敌方侧】大家最大体力上升,敌方全体最大体力上升10% (永久)
10020041,4,1,4,20.0,【敌方侧】大家阳防上升,敌方全体阳防上升20% (永久)
10020042,4,1,6,20.0,【敌方侧】大家阴防上升,敌方全体阴防上升20% (永久)
10020051,4,1,8,30.0,【敌方侧】大家回避上升,敌方全体回避率上升30% (永久)
10020052,4,1,7,40.0,【敌方侧】大家命中上升,敌方全体命中率上升40% (永久)
10020061,2,10,11,-95.0,【己方侧】追踪弹威力下降,己方全体追踪弹造成的伤害下降95% (永久)
10020062,2,10,1,-95.0,【己方侧】通常弹威力下降,己方全体通常弹造成的伤害下降95% (永久)
10020071,2,4,5,-65.0,【己方侧】攻击式弱化,己方全体攻击式的综合强度下降65% (永久)
10020072,2,4,4,-65.0,【己方侧】干扰式弱化,己方全体干扰式的综合强度下降65% (永久)
10020081,2,4,1,-65.0,【己方侧】防御式弱化,己方全体防御式的综合强度下降65% (永久)
10020082,2,4,8,-65.0,【己方侧】破坏式弱化,己方全体破坏式的综合强度下降65% (永久)
10020091,2,3,0,-2.0,【己方侧】结界最大数减少,己方全体结界的最大持有枚数减少2枚 (永久)
10020092,4,2,0,-40.0,【敌方侧】种族特攻的受伤倍率轻减,敌方全体受到来自种族特攻的伤害倍率下降40% (永久)
10020101,2,13,0,-30.0,【己方侧】灵力上升效果下降,己方全体绘卷/技能/符卡效果/换位连携/特性的灵力上升的效果量下降30% (永久)
10020102,2,12,0,-30.0,【己方侧】灵力回收效率下降,己方全体灵力回收效率下降30% (永久)
10021011,4,1,4,40.0,【敌方侧】大家阳防上升,敌方全体阳防上升40% (永久)
10021012,4,1,6,40.0,【敌方侧】大家阴防上升,敌方全体阴防上升40% (永久)
10021021,4,1,5,20.0,【敌方侧】大家阴攻上升,敌方全体阴攻上升20% (永久)
10021022,4,1,1,10.0,【敌方侧】大家最大体力上升,敌方全体最大体力上升10% (永久)
10021031,4,1,3,20.0,【敌方侧】大家阳攻上升,敌方全体阳攻上升20% (永久)
10021032,4,1,1,10.0,【敌方侧】大家最大体力上升,敌方全体最大体力上升10% (永久)
10021041,4,1,8,30.0,【敌方侧】大家回避上升,敌方全体回避率上升30% (永久)
10021042,4,1,7,40.0,【敌方侧】大家命中上升,敌方全体命中率上升40% (永久)
10021051,2,10,4,-95.0,【己方侧】斩击弹威力下降,己方全体斩击弹造成的伤害下降95% (永久)
10021052,2,10,1,-95.0,【己方侧】通常弹威力下降,己方全体通常弹造成的伤害下降95% (永久)
10021061,2,10,11,-95.0,【己方侧】追踪弹威力下降,己方全体追踪弹造成的伤害下降95% (永久)
10021062,2,4,1,-65.0,【己方侧】防御式弱化,己方全体防御式的综合强度下降65% (永久)
10021071,2,4,2,-65.0,【己方侧】支援式弱化,己方全体支援式的综合强度下降65% (永久)
10021072,2,4,4,-65.0,【己方侧】干扰式弱化,己方全体干扰式的综合强度下降65% (永久)
10021081,2,4,8,-65.0,【己方侧】破坏式弱化,己方全体破坏式的综合强度下降65% (永久)
10021082,2,4,3,-65.0,【己方侧】回复式弱化,己方全体回复式的综合强度下降65% (永久)
10021091,2,3,0,-2.0,【己方侧】结界最大数减少,己方全体结界的最大持有枚数减少2枚 (永久)
10021092,4,2,0,-40.0,【敌方侧】种族特攻的受伤倍率轻减,敌方全体受到种族特攻的伤害倍率下降40% (永久)
10021101,2,13,0,-40.0,【己方侧】灵力上升效果下降,己方全体绘卷/技能/符卡效果/换位连携/特性的灵力上升的效果量下降40% (永久)
10021102,2,12,0,-40.0,【己方侧】灵力回收效率下降,己方全体灵力回收效率下降40% (永久)
10022011,4,1,4,20.0,【敌方侧】大家阳防上升,敌方全体阳防上升20% (永久)
10022012,4,1,6,20.0,【敌方侧】大家阴防上升,敌方全体阴防上升20% (永久)
10022021,4,1,5,20.0,【敌方侧】大家阴攻上升,敌方全体阴攻上升20% (永久)
10022022,4,1,1,10.0,【敌方侧】大家最大体力上升,敌方全体最大体力上升10% (永久)
10022031,4,1,3,20.0,【敌方侧】大家阳攻上升,敌方全体阳攻上升20% (永久)
10022032,4,1,1,10.0,【敌方侧】大家最大体力上升,敌方全体最大体力上升10% (永久)
10022041,4,1,4,20.0,【敌方侧】大家阳防上升,敌方全体阳防上升20% (永久)
10022042,4,1,6,20.0,【敌方侧】大家阴防上升,敌方全体阴防上升20% (永久)
10022051,4,1,8,30.0,【敌方侧】大家回避上升,敌方全体回避率上升30% (永久)
10022052,4,1,7,40.0,【敌方侧】大家命中上升,敌方全体命中率上升40% (永久)
10022061,2,10,1,-95.0,【己方侧】通常弹威力下降,己方全体通常弹造成的伤害下降95% (永久)
10022062,2,10,4,-95.0,【己方侧】斩击弹威力下降,己方全体斩击弹造成的伤害下降95% (永久)
10022071,2,4,1,-65.0,【己方侧】防御式弱化,己方全体防御式的综合强度下降65% (永久)
10022072,2,4,8,-65.0,【己方侧】破坏式弱化,己方全体破坏式的综合强度下降65% (永久)
10022081,2,4,3,-65.0,【己方侧】回复式弱化,己方全体回复式的综合强度下降65% (永久)
10022082,2,4,4,-65.0,【己方侧】干扰式弱化,己方全体干扰式的综合强度下降65% (永久)
10022091,2,3,0,-2.0,【己方侧】结界最大数减少,己方全体结界的最大持有枚数减少2枚 (永久)
10022092,4,2,0,-40.0,【敌方侧】种族特攻的受伤倍率轻减,敌方全体受到种族特攻的伤害倍率下降40% (永久)
10022101,2,13,0,-30.0,【己方侧】灵力上升效果下降,己方全体绘卷/技能/符卡效果/换位连携/特性的灵力上升的效果量下降30% (永久)
10022102,2,12,0,-40.0,【己方侧】灵力回收效率下降,己方全体灵力回收效率下降40% (永久)
10023011,4,1,4,20.0,【敌方侧】大家阳防上升,敌方全体阳防上升20% (永久)
10023012,4,1,6,20.0,【敌方侧】大家阴防上升,敌方全体阴防上升20% (永久)
10023021,4,1,3,10.0,【敌方侧】大家阳攻上升,敌方全体阳攻上升10% (永久)
10023022,4,1,1,10.0,【敌方侧】大家最大体力上升,敌方全体最大体力上升10% (永久)
10023031,4,1,3,20.0,【敌方侧】大家阳攻上升,敌方全体阳攻上升20% (永久)
10023032,4,1,1,10.0,【敌方侧】大家最大体力上升,敌方全体最大体力上升10% (永久)
10023041,4,1,4,30.0,【敌方侧】大家阳防上升,敌方全体阳防上升30% (永久)
10023042,4,1,6,30.0,【敌方侧】大家阴防上升,敌方全体阴防上升30% (永久)
10023051,4,1,8,30.0,【敌方侧】大家回避上升,敌方全体回避率上升30% (永久)
10023052,4,1,7,40.0,【敌方侧】大家命中上升,敌方全体命中率上升40% (永久)
10023061,2,10,1,-95.0,【己方侧】通常弹威力下降,己方全体通常弹造成的伤害下降95% (永久)
10023062,2,10,4,-95.0,【己方侧】斩击弹威力下降,己方全体斩击弹造成的伤害下降95% (永久)
10023071,2,10,8,-95.0,【己方侧】御符弹威力下降,己方全体御符弹造成的伤害下降95% (永久)
10023072,2,4,5,-65.0,【己方侧】攻击式弱化,己方全体攻击式的综合强度下降65% (永久)
10023081,2,4,7,-65.0,【己方侧】速攻式弱化,己方全体速攻式的综合强度下降65% (永久)
10023082,2,4,4,-65.0,【己方侧】干扰式弱化,己方全体干扰式的综合强度下降65% (永久)
10023091,2,3,0,-2.0,【己方侧】结界最大数减少,己方全体结界的最大持有枚数减少2枚 (永久)
10023092,4,2,0,-40.0,【敌方侧】种族特攻的受伤倍率轻减,敌方全体受到来自种族特攻的伤害倍率下降40% (永久)
10023101,2,13,0,-30.0,【己方侧】灵力上升效果下降,己方全体绘卷/技能/符卡效果/换位连携/特性的灵力上升的效果量下降30% (永久)
10023102,2,12,0,-40.0,【己方侧】灵力回收效率下降,己方全体灵力回收效率下降40% (永久)
10024011,4,1,4,20.0,【敌方侧】大家阳防上升,敌方全体阳防上升20% (永久)
10024012,4,1,6,20.0,【敌方侧】大家阴防上升,敌方全体阴防上升20% (永久)
10024021,4,1,3,10.0,【敌方侧】大家阳攻上升,敌方全体阳攻上升10% (永久)
10024022,4,1,1,10.0,【敌方侧】大家最大体力上升,敌方全体最大体力上升10% (永久)
10024031,4,1,3,20.0,【敌方侧】大家阳攻上升,敌方全体阳攻上升20% (永久)
10024032,4,1,1,10.0,【敌方侧】大家最大体力上升,敌方全体最大体力上升10% (永久)
10024041,4,1,4,20.0,【敌方侧】大家阳防上升,敌方全体阳防上升20% (永久)
10024042,4,1,6,20.0,【敌方侧】大家阴防上升,敌方全体阴防上升20% (永久)
10024051,4,1,8,30.0,【敌方侧】大家回避上升,敌方全体回避率上升30% (永久)
10024052,2,10,11,-95.0,【己方侧】追踪弹威力下降,己方全体追踪弹造成的伤害下降95% (永久)
10024061,2,10,8,-95.0,【己方侧】御符弹威力下降,己方全体御符弹造成的伤害下降95% (永久)
10024062,2,10,10,-95.0,【己方侧】尖头弹威力下降,己方全体尖头弹造成的伤害下降95% (永久)
10024071,2,4,4,-65.0,【己方侧】干扰式弱化,己方全体干扰式综合强度下降65% (永久)
10024072,2,4,1,-65.0,【己方侧】防御式弱化,己方全体防御式综合强度下降65% (永久)
10024081,2,4,2,-65.0,【己方侧】支援式弱化,己方全体支援式综合强度下降65% (永久)
10024082,2,4,3,-65.0,【己方侧】回复式弱化,己方全体回复式综合强度下降65% (永久)
10024091,2,3,0,-2.0,【己方侧】结界最大数减少,己方全体结界最大持有枚数减少2枚 (永久)
10024092,4,2,0,-30.0,【敌方侧】种族特攻受伤倍率轻减,敌方全体受到种族特攻的伤害倍率下降30% (永久)
10024101,2,13,0,-40.0,【己方侧】灵力上升效果下降,己方全体绘卷/技能/符卡效果/换位连携/特性的灵力上升的效果量下降40% (永久)
10024102,2,12,0,-40.0,【己方侧】灵力回收效率下降,己方全体灵力回收效率下降40% (永久)
10025011,4,1,4,20.0,【敌方侧】大家阳防上升,敌方全体阳防上升20% (永久)
10025012,4,1,6,20.0,【敌方侧】大家阴防上升,敌方全体阴防上升20% (永久)
10025021,4,1,3,10.0,【敌方侧】大家阳攻上升,敌方全体阳攻上升10% (永久)
10025022,4,1,1,10.0,【敌方侧】大家最大体力上升,敌方全体最大体力上升10% (永久)
10025031,4,1,3,20.0,【敌方侧】大家阳攻上升,敌方全体阳攻上升20% (永久)
10025032,4,1,1,10.0,【敌方侧】大家最大体力上升,敌方全体最大体力上升10% (永久)
10025041,4,1,6,20.0,【敌方侧】大家阴防上升,敌方全体阴防上升20% (永久)
10025042,4,1,8,30.0,【敌方侧】大家回避上升,敌方全体回避率上升30% (永久)
10025051,2,10,10,-95.0,【己方侧】尖头弹威力下降,己方全体尖头弹造成的伤害下降95% (永久)
10025052,2,10,11,-95.0,【己方侧】追踪弹威力下降,己方全体追踪弹造成的伤害下降95% (永久)
10025061,2,10,8,-95.0,【己方侧】御符弹威力下降,己方全体御符弹造成的伤害下降95% (永久)
10025062,2,10,3,-95.0,【己方侧】体术弹威力下降,己方全体体术弹造成的伤害下降95% (永久)
10025071,2,10,1,-95.0,【己方侧】通常弹威力下降,己方全体通常弹造成的伤害下降95% (永久)
10025072,2,4,1,-65.0,【己方侧】防御式弱化,己方全体防御式的综合强度下降65% (永久)
10025081,2,4,2,-65.0,【己方侧】支援式弱化,己方全体支援式的综合强度下降65% (永久)
10025082,2,4,3,-65.0,【己方侧】回复式弱化,己方全体回复式的综合强度下降65% (永久)
10025091,2,3,0,-2.0,【己方侧】结界最大数减少,己方全体结界的最大持有枚数减少2枚 (永久)
10025092,4,2,0,-30.0,【敌方侧】种族特攻的受伤倍率轻减,敌方全体受到来自种族特攻的伤害倍率下降30% (永久)
10025101,2,13,0,-30.0,【己方侧】灵力上升效果下降,己方全体绘卷/技能/符卡效果/换位连携/特性的灵力上升的效果量下降30% (永久)
10025102,2,12,0,-40.0,【己方侧】灵力回收效率下降,己方全体灵力回收效率下降40% (永久)
10026011,4,1,4,20.0,【敌方侧】大家阳防上升,敌方全体阳防上升20% (永久)
10026012,4,1,6,20.0,【敌方侧】大家阴防上升,敌方全体阴防上升20% (永久)
10026021,4,1,3,10.0,【敌方侧】大家阳攻上升,敌方全体阳攻上升10% (永久)
10026022,4,1,1,10.0,【敌方侧】大家最大体力上升,敌方全体最大体力上升10% (永久)
10026031,4,1,4,20.0,【敌方侧】大家阳防上升,敌方全体阳防上升20% (永久)
10026032,4,1,1,10.0,【敌方侧】大家最大体力上升,敌方全体最大体力上升10% (永久)
10026041,4,1,6,30.0,【敌方侧】大家阴防上升,敌方全体阴防上升30% (永久)
10026042,2,10,1,-95.0,【己方侧】通常弹威力下降,己方全体通常弹造成的伤害下降95% (永久)
10026051,2,10,8,-95.0,【己方侧】御符弹威力下降,己方全体御符弹造成的伤害下降95% (永久)
10026052,2,10,11,-95.0,【己方侧】追踪弹威力下降,己方全体追踪弹造成的伤害下降95% (永久)
10026061,2,10,2,-95.0,【己方侧】镭射弹威力下降,己方全体镭射弹造成的伤害下降95% (永久)
10026062,2,10,10,-95.0,【己方侧】尖头弹威力下降,己方全体尖头弹造成的伤害下降95% (永久)
10026071,2,4,7,-65.0,【己方侧】速攻式弱化,己方全体速攻式的综合强度下降65% (永久)
10026072,2,4,1,-65.0,【己方侧】防御式弱化,己方全体防御式的综合强度下降65% (永久)
10026081,2,4,6,-65.0,【己方侧】技巧式弱化,己方全体技巧式的综合强度下降65% (永久)
10026082,2,4,3,-65.0,【己方侧】回复式弱化,己方全体回复式的综合强度下降65% (永久)
10026091,2,3,0,-2.0,【己方侧】结界最大数减少,己方全体结界的最大持有枚数减少2枚 (永久)
10026092,4,2,0,-30.0,【敌方侧】种族特攻的受伤倍率轻减,敌方全体受到来自种族特攻的伤害倍率下降30% (永久)
10026101,2,13,0,-30.0,【己方侧】灵力上升效果下降,己方全体绘卷/技能/符卡效果/换位连携/特性的灵力上升的效果量下降30% (永久)
10026102,2,12,0,-40.0,【己方侧】灵力回收效率下降,己方全体灵力回收效率下降40% (永久)
10027011,4,1,1,10.0,【敌方侧】大家最大体力上升,敌方全体最大体力上升10% (永久)
10027012,4,1,1,10.0,【敌方侧】大家最大体力上升,敌方全体最大体力上升10% (永久)
10027021,4,1,4,10.0,【敌方侧】大家阳防上升,敌方全体阳防上升10% (永久)
10027022,4,1,4,20.0,【敌方侧】大家阳防上升,敌方全体阳防上升20% (永久)
10027031,4,1,5,10.0,【敌方侧】大家阴攻上升,敌方全体阴攻上升10% (永久)
10027032,4,1,6,10.0,【敌方侧】大家阴防上升,敌方全体阴防上升10% (永久)
10027041,4,1,4,20.0,【敌方侧】大家阳防上升,敌方全体阳防上升20% (永久)
10027042,4,1,6,20.0,【敌方侧】大家阴防上升,敌方全体阴防上升20% (永久)
10027051,4,1,7,30.0,【敌方侧】大家命中上升,敌方全体命中率上升30% (永久)
10027052,4,1,8,20.0,【敌方侧】大家回避上升,敌方全体回避率上升20% (永久)
10027061,2,10,11,-95.0,【己方侧】追踪弹威力下降,己方全体追踪弹造成的伤害下降95% (永久)
10027062,2,10,5,-95.0,【己方侧】动能弹威力下降,己方全体动能弹造成的伤害下降95% (永久)
10027071,2,4,7,-65.0,【己方侧】速攻式弱化,己方全体速攻式的综合强度下降65% (永久)
10027072,2,4,5,-65.0,【己方侧】攻击式弱化,己方全体攻击式的综合强度下降65% (永久)
10027081,2,4,2,-65.0,【己方侧】支援式弱化,己方全体支援式的综合强度下降65% (永久)
10027082,2,4,3,-65.0,【己方侧】回复式弱化,己方全体回复式的综合强度下降65% (永久)
10027091,2,3,0,-2.0,【己方侧】结界最大数减少,己方全体结界的最大持有枚数减少2枚 (永久)
10027092,4,2,0,-30.0,【敌方侧】种族特攻的受伤倍率轻减,敌方全体受到来自种族特攻的伤害倍率下降30% (永久)
10027101,2,13,0,-30.0,【己方侧】灵力上升效果下降,己方全体绘卷/技能/符卡效果/换位连携/特性的灵力上升的效果量下降30% (永久)
10027102,2,12,0,-40.0,【己方侧】灵力回收效率下降,己方全体灵力回收效率下降40% (永久)
10028011,4,1,4,20.0,【敌方侧】大家阳防上升,敌方全体阳防上升20% (永久)
10028012,4,1,6,30.0,【敌方侧】大家阴防上升,敌方全体阴防上升30% (永久)
10028021,4,1,3,10.0,【敌方侧】大家阳攻上升,敌方全体阳攻上升10% (永久)
10028022,4,1,1,10.0,【敌方侧】大家最大体力上升,敌方全体最大体力上升10% (永久)
10028031,4,1,4,20.0,【敌方侧】大家阳防上升,敌方全体阳防上升20% (永久)
10028032,4,1,1,10.0,【敌方侧】大家最大体力上升,敌方全体最大体力上升10% (永久)
10028041,4,1,3,10.0,【敌方侧】大家阳攻上升,敌方全体阳攻上升10% (永久)
10028042,4,1,6,30.0,【敌方侧】大家阴防上升,敌方全体阴防上升30% (永久)
10028051,4,1,7,30.0,【敌方侧】大家命中上升,敌方全体命中率上升30% (永久)
10028052,2,10,11,-95.0,【己方侧】追踪弹威力下降,己方全体追踪弹造成的伤害下降95% (永久)
10028061,2,10,3,-95.0,【己方侧】体术弹威力下降,己方全体体术弹造成的伤害下降95% (永久)
10028062,2,10,10,-95.0,【己方侧】尖头弹威力下降,己方全体尖头弹造成的伤害下降95% (永久)
10028071,2,4,8,-65.0,【己方侧】破坏式弱化,己方全体破坏式的综合强度下降65% (永久)
10028072,2,4,1,-65.0,【己方侧】防御式弱化,己方全体防御式的综合强度下降65% (永久)
10028081,2,4,6,-65.0,【己方侧】技巧式弱化,己方全体技巧式的综合强度下降65% (永久)
10028082,2,4,4,-65.0,【己方侧】干扰式弱化,己方全体干扰式的综合强度下降65% (永久)
10028091,2,3,0,-2.0,【己方侧】结界最大数减少,己方全体结界的最大持有枚数减少2枚 (永久)
10028092,4,2,0,-30.0,【敌方侧】种族特攻的受伤倍率轻减,敌方全体受到来自种族特攻的伤害倍率下降30% (永久)
10028101,2,13,0,-30.0,【己方侧】灵力上升效果下降,己方全体绘卷/技能/符卡效果/换位连携/特性的灵力上升的效果量下降30% (永久)
10028102,2,12,0,-40.0,【己方侧】灵力回收效率下降,己方全体灵力回收效率下降40% (永久)
10029011,4,1,4,20.0,【敌方侧】大家阳防上升,敌方全体阳防上升20% (永久)
10029012,4,1,6,20.0,【敌方侧】大家阴防上升,敌方全体阴防上升20% (永久)
10029021,4,1,6,20.0,【敌方侧】大家阴防上升,敌方全体阴防上升20% (永久)
10029022,4,1,1,10.0,【敌方侧】大家最大体力上升,敌方全体最大体力上升10% (永久)
10029031,4,1,4,20.0,【敌方侧】大家阳防上升,敌方全体阳防上升20% (永久)
10029032,4,1,1,10.0,【敌方侧】大家最大体力上升,敌方全体最大体力上升10% (永久)
10029041,4,1,7,50.0,【敌方侧】大家命中上升,敌方全体命中率上升50% (永久)
10029042,4,1,8,30.0,【敌方侧】大家回避上升,敌方全体回避率上升30% (永久)
10029051,2,10,10,-95.0,【己方侧】尖头弹威力下降,己方全体尖头弹造成的伤害下降95% (永久)
10029052,2,10,6,-95.0,【己方侧】流体弹威力下降,己方全体流体弹造成的伤害下降95% (永久)
10029061,2,10,11,-95.0,【己方侧】追踪弹威力下降,己方全体追踪弹造成的伤害下降95% (永久)
10029062,2,4,3,-65.0,【己方侧】回复式弱化,己方全体回复式综合强度下降65% (永久)
10029071,2,4,8,-65.0,【己方侧】破坏式弱化,己方全体破坏式综合强度下降65% (永久)
10029072,2,4,1,-65.0,【己方侧】防御式弱化,己方全体防御式综合强度下降65% (永久)
10029081,2,4,4,-65.0,【己方侧】干扰式弱化,己方全体干扰式综合强度下降65% (永久)
10029082,2,4,7,-65.0,【己方侧】速攻式弱化,己方全体速攻式综合强度下降65% (永久)
10029091,2,3,0,-2.0,【己方侧】结界最大数减少,己方全体结界最大持有枚数减少2枚 (永久)
10029092,4,2,0,-30.0,【敌方侧】种族特攻的受伤倍率轻减,敌方全体受到来自种族特攻的伤害倍率下降30% (永久)
10029101,2,13,0,-30.0,【己方侧】灵力上升效果下降,己方全体绘卷/技能/符卡效果/换位连携/特性的灵力上升的效果量下降30% (永久)
10029102,2,12,0,-40.0,【己方侧】灵力回收效率下降,己方全体灵力回收效率下降40% (永久)
10030011,4,1,6,20.0,【敌方侧】大家阴防上升,敌方全体阴防上升20% (永久)
10030012,4,1,4,20.0,【敌方侧】大家阳防上升,敌方全体阳防上升20% (永久)
10030021,4,1,5,30.0,【敌方侧】大家阴攻上升,敌方全体阴攻上升30% (永久)
10030022,4,1,1,10.0,【敌方侧】大家最大体力上升,敌方全体最大体力上升10% (永久)
10030031,4,1,6,30.0,【敌方侧】大家阴防上升,敌方全体阴防上升30% (永久)
10030032,4,1,1,10.0,【敌方侧】大家最大体力上升,敌方全体最大体力上升10% (永久)
10030041,4,1,4,20.0,【敌方侧】大家阳防上升,敌方全体阳防上升20% (永久)
10030042,4,1,7,30.0,【敌方侧】大家命中上升,敌方全体命中率上升30% (永久)
10030051,4,1,8,30.0,【敌方侧】大家回避上升,敌方全体回避率上升30% (永久)
10030052,2,10,10,-95.0,【己方侧】尖头弹威力下降,己方全体尖头弹造成的伤害下降95% (永久)
10030061,2,10,11,-95.0,【己方侧】追踪弹威力下降,己方全体追踪弹造成的伤害下降95% (永久)
10030062,2,4,1,-65.0,【己方侧】防御式弱化,己方全体防御式的综合强度下降65% (永久)
10030071,2,4,8,-65.0,【己方侧】破坏式弱化,己方全体破坏式的综合强度下降65% (永久)
10030072,2,4,3,-65.0,【己方侧】回复式弱化,己方全体回复式的综合强度下降65% (永久)
10030081,2,4,4,-65.0,【己方侧】干扰式弱化,己方全体干扰式的综合强度下降65% (永久)
10030082,2,4,2,-65.0,【己方侧】支援式弱化,己方全体支援式的综合强度下降65% (永久)
10030091,2,3,0,-2.0,【己方侧】结界最大数减少,己方全体结界的最大持有枚数减少2枚 (永久)
10030092,4,2,0,-30.0,【敌方侧】种族特攻受伤倍率轻减,敌方全体受到来自种族特攻的伤害倍率下降30% (永久)
10030101,2,13,0,-30.0,【己方侧】灵力上升效果下降,己方全体绘卷/技能/符卡效果/换位连携/特性的灵力上升的效果量下降30% (永久)
10030102,2,12,0,-40.0,【己方侧】灵力回收效率下降,己方全体灵力回收效率下降40% (永久)
10031011,4,1,6,20.0,【敌方侧】大家阴防上升,敌方全体阴防上升20% (永久)
10031012,4,1,4,10.0,【敌方侧】大家阳防上升,敌方全体阳防上升10% (永久)
10031021,4,1,5,30.0,【敌方侧】大家阴攻上升,敌方全体阴攻上升30% (永久)
10031022,4,1,1,10.0,【敌方侧】大家最大体力上升,敌方全体最大体力上升10% (永久)
10031031,4,1,6,20.0,【敌方侧】大家阴防上升,敌方全体阴防上升20% (永久)
10031032,4,1,1,10.0,【敌方侧】大家最大体力上升,敌方全体最大体力上升10% (永久)
10031041,4,1,4,20.0,【敌方侧】大家阳防上升,敌方全体阳防上升20% (永久)
10031042,4,1,8,30.0,【敌方侧】大家回避上升,敌方全体回避率上升30% (永久)
10031051,4,1,7,30.0,【敌方侧】大家命中上升,敌方全体命中率上升30% (永久)
10031052,4,1,5,20.0,【敌方侧】大家阴攻上升,敌方全体阴攻上升20% (永久)
10031061,4,1,4,30.0,【敌方侧】大家阳防上升,敌方全体阳防上升30% (永久)
10031062,2,10,11,-95.0,【己方侧】追踪弹威力下降,己方全体追踪弹造成的伤害下降95% (永久)
10031071,2,4,1,-65.0,【己方侧】防御式弱化,己方全体防御式的综合强度下降65% (永久)
10031072,2,4,8,-65.0,【己方侧】破坏式弱化,己方全体破坏式的综合强度下降65% (永久)
10031081,2,4,7,-65.0,【己方侧】速攻式弱化,己方全体速攻式的综合强度下降65% (永久)
10031082,2,4,4,-65.0,【己方侧】干扰式弱化,己方全体干扰式的综合强度下降65% (永久)
10031091,2,3,0,-2.0,【己方侧】结界最大数减少,己方全体结界的最大持有枚数减少2枚 (永久)
10031092,4,2,0,-40.0,【敌方侧】种族特攻的受伤倍率轻减,敌方全体受到来自种族特攻的伤害倍率下降40% (永久)
10031101,2,13,0,-30.0,【己方侧】灵力上升效果下降,己方全体绘卷/技能/符卡效果/换位连携/特性的灵力上升的效果量下降30% (永久)
10031102,2,12,0,-40.0,【己方侧】灵力回收效果下降,己方全体灵力回收效果下降40% (永久)
10032011,4,1,6,10.0,【敌方侧】大家阴防上升,敌方全体阴防上升10% (永久)
10032012,4,1,4,20.0,【敌方侧】大家阳防上升,敌方全体阳防上升20% (永久)
10032021,4,1,5,10.0,【敌方侧】大家阴攻上升,敌方全体阴攻上升10% (永久)
10032022,4,1,1,10.0,【敌方侧】大家最大体力上升,敌方全体最大体力上升10% (永久)
10032031,4,1,6,20.0,【敌方侧】大家阴防上升,敌方全体阴防上升20% (永久)
10032032,4,1,1,10.0,【敌方侧】大家最大体力上升,敌方全体最大体力上升10% (永久)
10032041,4,1,5,20.0,【敌方侧】大家阴攻上升,敌方全体阴攻上升20% (永久)
10032042,4,1,4,30.0,【敌方侧】大家阳防上升,敌方全体阳防上升30% (永久)
10032051,4,1,8,30.0,【敌方侧】大家回避上升,敌方全体回避率上升30% (永久)
10032052,4,1,7,30.0,【敌方侧】大家命中上升,敌方全体命中率上升30% (永久)
10032061,2,10,11,-95.0,【己方侧】追踪弹威力下降,己方全体追踪弹造成的伤害下降95% (永久)
10032062,2,10,8,-95.0,【己方侧】御符弹威力下降,己方全体御符弹造成的伤害下降95% (永久)
10032071,2,4,1,-65.0,【己方侧】防御式弱化,己方全体防御式的综合强度下降65% (永久)
10032072,2,4,8,-65.0,【己方侧】破坏式弱化,己方全体破坏式的综合强度下降65% (永久)
10032081,2,4,4,-65.0,【己方侧】干扰式弱化,己方全体干扰式的综合强度下降65% (永久)
10032082,2,4,6,-65.0,【己方侧】技巧式弱化,己方全体技巧式的综合强度下降65% (永久)
10032091,2,3,0,-2.0,【己方侧】结界最大数减少,己方全体结界的最大持有枚数减少2枚 (永久)
10032092,4,2,0,-30.0,【敌方侧】种族特攻的受伤倍率轻减,敌方全体受到来自种族特攻的伤害倍率下降30% (永久)
10032101,2,13,0,-30.0,【己方侧】灵力上升效果下降,己方全体绘卷/技能/符卡效果/换位连携/特性的灵力上升的效果量下降30% (永久)
10032102,2,12,0,-40.0,【己方侧】灵力回收效率下降,己方全体灵力回收效率下降40% (永久)
10033011,4,1,6,10.0,【敌方侧】大家阴防上升,敌方全体阴防上升10% (永久)
10033012,4,1,4,20.0,【敌方侧】大家阳防上升,敌方全体阳防上升20% (永久)
10033021,4,1,5,10.0,【敌方侧】大家阴攻上升,敌方全体阴攻上升10% (永久)
10033022,4,1,1,10.0,【敌方侧】大家最大体力上升,敌方全体最大体力上升10% (永久)
10033031,4,1,3,20.0,【敌方侧】大家阳攻上升,敌方全体阳攻上升20% (永久)
10033032,4,1,1,10.0,【敌方侧】大家最大体力上升,敌方全体最大体力上升10% (永久)
10033041,4,1,6,20.0,【敌方侧】大家阴防上升,敌方全体阴防上升20% (永久)
10033042,4,1,4,30.0,【敌方侧】大家阳防上升,敌方全体阳防上升30% (永久)
10033051,4,1,8,30.0,【敌方侧】大家回避上升,敌方全体回避率上升30% (永久)
10033052,4,1,7,30.0,【敌方侧】大家命中上升,敌方全体命中率上升30% (永久)
10033061,2,10,5,-95.0,【己方侧】动能弹威力下降,己方全体动能弹造成的伤害下降95% (永久)
10033062,2,10,8,-95.0,【己方侧】御符弹威力下降,己方全体御符弹造成的伤害下降95% (永久)
10033071,2,10,1,-95.0,【己方侧】通常弹威力下降,己方全体通常弹造成的伤害下降95% (永久)
10033072,2,10,10,-95.0,【己方侧】尖头弹威力下降,己方全体尖头弹造成的伤害下降95% (永久)
10033081,2,4,8,-65.0,【己方侧】破坏式弱化,己方全体破坏式综合强度下降65% (永久)
10033082,2,4,2,-65.0,【己方侧】支援式弱化,己方全体支援式综合强度下降65% (永久)
10033091,2,3,0,-2.0,【己方侧】结界最大数减少,己方全体结界最大持有枚数减少2枚 (永久)
10033092,4,2,0,-30.0,【敌方侧】种族特攻的受伤倍率轻减,敌方全体受到来自种族特攻的伤害倍率下降30% (永久)
10033101,2,13,0,-25.0,【己方侧】灵力上升效果下降,己方全体绘卷/技能/符卡效果/换位连携/特性的灵力上升的效果量下降25% (永久)
10033102,2,12,0,-30.0,【己方侧】灵力回收效率下降,己方全体灵力回收效率下降30% (永久)
10034011,4,1,6,10.0,【敌方侧】大家阴防上升,敌方全体阴防上升10% (永久)
10034012,4,1,4,10.0,【敌方侧】大家阳防上升,敌方全体阳防上升10% (永久)
10034021,4,1,5,20.0,【敌方侧】大家阴攻上升,敌方全体阴攻上升20% (永久)
10034022,4,1,1,5.0,【敌方侧】大家最大体力上升,敌方全体最大体力上升5% (永久)
10034031,4,1,4,20.0,【敌方侧】大家阳防上升,敌方全体阳防上升20% (永久)
10034032,4,1,1,5.0,【敌方侧】大家最大体力上升,敌方全体最大体力上升5% (永久)
10034041,4,1,3,20.0,【敌方侧】大家阳攻上升,敌方全体阳攻上升20% (永久)
10034042,4,1,4,20.0,【敌方侧】大家阳防上升,敌方全体阳防上升20% (永久)
10034051,4,1,6,20.0,【敌方侧】大家阴防上升,敌方全体阴防上升20% (永久)
10034052,4,1,1,10.0,【敌方侧】大家最大体力上升,敌方全体最大体力上升10% (永久)
10034061,4,1,7,40.0,【敌方侧】大家命中上升,敌方全体命中率上升40% (永久)
10034062,2,10,11,-95.0,【己方侧】追踪弹威力下降,己方全体追踪弹造成的伤害下降95% (永久)
10034071,2,4,2,-65.0,【己方侧】支援式弱化,己方全体支援式综合强度下降65% (永久)
10034072,2,4,3,-65.0,【己方侧】回复式弱化,己方全体回复式综合强度下降65% (永久)
10034081,2,4,1,-65.0,【己方侧】防御式弱化,己方全体防御式综合强度下降65% (永久)
10034082,2,4,6,-65.0,【己方侧】技巧式弱化,己方全体技巧式综合强度下降65% (永久)
10034091,2,3,0,-2.0,【己方侧】结界最大数减少,己方全体结界的最大持有枚数减少2枚 (永久)
10034092,4,2,0,-30.0,【敌方侧】种族特攻受伤倍率轻减,敌方全体受到来自种族特攻的伤害倍率下降30% (永久)
10034101,2,13,0,-30.0,【己方侧】灵力上升效果下降,己方全体绘卷/技能/符卡效果/换位连携/特性的灵力上升的效果量下降30% (永久)
10034102,2,12,0,-30.0,【己方侧】灵力回收效率下降,己方全体灵力回收效率下降30% (永久)
10035011,4,1,4,10.0,【敌方侧】大家阳防上升,敌方全体阳防上升10% (永久)
10035012,4,1,6,20.0,【敌方侧】大家阴防上升,敌方全体阴防上升20% (永久)
10035021,4,1,5,20.0,【敌方侧】大家阴攻上升,敌方全体阴攻上升20% (永久)
10035022,4,1,1,5.0,【敌方侧】大家最大体力上升,敌方全体最大体力上升5% (永久)
10035031,4,1,6,30.0,【敌方侧】大家阴防上升,敌方全体阴防上升30% (永久)
10035032,4,1,1,5.0,【敌方侧】大家最大体力上升,敌方全体最大体力上升5% (永久)
10035041,4,1,4,20.0,【敌方侧】大家阳防上升,敌方全体阳防上升20% (永久)
10035042,4,1,8,30.0,【敌方侧】大家回避上升,敌方全体回避率上升30% (永久)
10035051,4,1,7,30.0,【敌方侧】大家命中上升,敌方全体命中率上升30% (永久)
10035052,4,1,1,10.0,【敌方侧】大家最大体力上升,敌方全体最大体力上升10% (永久)
10035061,2,10,10,-95.0,【己方侧】尖头弹威力下降,己方全体尖头弹造成的伤害下降95% (永久)
10035062,2,10,11,-95.0,【己方侧】追踪弹威力下降,己方全体追踪弹造成的伤害下降95% (永久)
10035071,2,4,6,-65.0,【己方侧】技巧式弱化,己方全体技巧式综合强度下降65% (永久)
10035072,2,4,3,-65.0,【己方侧】回复式弱化,己方全体回复式综合强度下降65% (永久)
10035081,2,4,1,-65.0,【己方侧】防御式弱化,己方全体防御式综合强度下降65% (永久)
10035082,2,4,4,-65.0,【己方侧】干扰式弱化,己方全体干扰式综合强度下降65% (永久)
10035091,2,3,0,-2.0,【己方侧】结界最大数减少,己方全体结界的最大持有枚数减少2枚 (永久)
10035092,4,2,0,-30.0,【敌方侧】种族特攻受伤倍率轻减,敌方全体受到来自种族特攻的伤害倍率下降30% (永久)
10035101,2,13,0,-30.0,【己方侧】灵力上升效果下降,己方全体绘卷/技能/符卡效果/换位连携/特性的灵力上升的效果量下降30% (永久)
10035102,2,12,0,-40.0,【己方侧】灵力回收效率下降,己方全体灵力回收效率下降40% (永久)
10036011,4,1,6,10.0,【敌方侧】大家阴防上升,敌方全体阴防上升10% (永久)
10036012,4,1,4,10.0,【敌方侧】大家阳防上升,敌方全体阳防上升10% (永久)
10036021,4,1,5,20.0,【敌方侧】大家阴攻上升,敌方全体阴攻上升20% (永久)
10036022,4,1,1,20.0,【敌方侧】大家最大体力上升,敌方全体最大体力上升20% (永久)
10036031,4,1,6,20.0,【敌方侧】大家阴防上升,敌方全体阴防上升20% (永久)
10036032,4,1,4,10.0,【敌方侧】大家阳防上升,敌方全体阳防上升10% (永久)
10036041,4,1,4,20.0,【敌方侧】大家阳防上升,敌方全体阳防上升20% (永久)
10036042,4,1,8,30.0,【敌方侧】大家回避上升,敌方全体回避率上升30% (永久)
10036051,4,1,7,30.0,【敌方侧】大家命中上升,敌方全体命中率上升30% (永久)
10036052,2,10,10,-95.0,【己方侧】尖头弹威力下降,己方全体尖头弹造成的伤害下降95% (永久)
10036061,2,10,9,-95.0,【己方侧】光弹威力下降,己方全体光弹造成的伤害下降95% (永久)
10036062,2,10,8,-95.0,【己方侧】御符弹威力下降,己方全体御符弹造成的伤害下降95% (永久)
10036071,2,10,11,-95.0,【己方侧】追踪弹威力下降,己方全体追踪弹造成的伤害下降95% (永久)
10036072,2,4,2,-65.0,【己方侧】支援式弱化,己方全体支援式的综合强度下降65% (永久)
10036081,2,4,3,-65.0,【己方侧】回复式弱化,己方全体回复式的综合强度下降65% (永久)
10036082,2,4,1,-65.0,【己方侧】防御式弱化,己方全体防御式的综合强度下降65% (永久)
10036091,2,3,0,-2.0,【己方侧】结界最大数减少,己方全体结界的最大持有枚数减少2枚 (永久)
10036092,4,2,0,-40.0,【敌方侧】种族特攻受伤倍率轻减,敌方全体受到来自种族特攻的伤害倍率下降40% (永久)
10036101,2,13,0,-30.0,【己方侧】灵力上升效果下降,己方全体绘卷/技能/符卡效果/换位连携/特性的灵力上升的效果量下降30% (永久)
10036102,2,12,0,-30.0,【己方侧】灵力回收效率下降,己方全体灵力回收效率下降30% (永久)
10037011,4,1,6,10.0,【敌方侧】大家阴防上升,敌方全体阴防上升10% (永久)
10037012,4,1,1,10.0,【敌方侧】大家最大体力上升,敌方全体最大体力上升10% (永久)
10037021,4,1,4,20.0,【敌方侧】大家阳防上升,敌方全体阳防上升20% (永久)
10037022,4,1,1,10.0,【敌方侧】大家最大体力上升,敌方全体最大体力上升10% (永久)
10037031,4,1,5,20.0,【敌方侧】大家阴攻上升,敌方全体阴攻上升20% (永久)
10037032,4,1,6,20.0,【敌方侧】大家阴防上升,敌方全体阴防上升20% (永久)
10037041,4,1,3,20.0,【敌方侧】大家阳攻上升,敌方全体阳攻上升20% (永久)
10037042,4,1,4,20.0,【敌方侧】大家阳防上升,敌方全体阳防上升20% (永久)
10037051,4,1,6,20.0,【敌方侧】大家阴防上升,敌方全体阴防上升20% (永久)
10037052,4,1,8,30.0,【敌方侧】大家回避上升,敌方全体回避率上升30% (永久)
10037061,4,1,7,30.0,【敌方侧】大家命中上升,敌方全体命中率上升30% (永久)
10037062,2,10,8,-95.0,【己方侧】御符弹威力下降,己方全体御符弹造成的伤害下降95% (永久)
10037071,2,10,11,-95.0,【己方侧】追踪弹威力下降,己方全体追踪弹造成的伤害下降95% (永久)
10037072,2,4,6,-65.0,【己方侧】技巧式弱化,己方全体技巧式的综合强度下降65% (永久)
10037081,2,4,3,-65.0,【己方侧】回复式弱化,己方全体回复式的综合强度下降65% (永久)
10037082,2,4,1,-65.0,【己方侧】防御式弱化,己方全体防御式的综合强度下降65% (永久)
10037091,2,3,0,-2.0,【己方侧】结界最大数减少,己方全体结界的最大持有枚数减少2枚 (永久)
10037092,4,2,0,-40.0,【敌方侧】种族特攻的受伤倍率轻减,敌方全体受到来自种族特攻的伤害倍率下降40% (永久)
10037101,2,13,0,-30.0,【己方侧】灵力上升效果下降,己方全体绘卷/技能/符卡效果/换位连携/特性的灵力上升的效果量下降30% (永久)
10037102,2,12,0,-50.0,【己方侧】灵力回收效率下降,己方全体灵力回收效率下降50% (永久)
10038011,4,1,4,10.0,【敌方侧】大家阳防上升,敌方全体阳防上升10% (永久)
10038012,4,1,1,15.0,【敌方侧】大家最大体力上升,敌方全体最大体力上升15% (永久)
10038021,4,1,6,20.0,【敌方侧】大家阴防上升,敌方全体阴防上升20% (永久)
10038022,4,1,1,15.0,【敌方侧】大家最大体力上升,敌方全体最大体力上升15% (永久)
10038031,4,1,5,20.0,【敌方侧】大家阴攻上升,敌方全体阴攻上升20% (永久)
10038032,4,1,6,20.0,【敌方侧】大家阴防上升,敌方全体阴防上升20% (永久)
10038041,4,1,3,20.0,【敌方侧】大家阳攻上升,敌方全体阳攻上升20% (永久)
10038042,4,1,4,20.0,【敌方侧】大家阳防上升,敌方全体阳防上升20% (永久)
10038051,4,1,6,20.0,【敌方侧】大家阴防上升,敌方全体阴防上升20% (永久)
10038052,4,1,4,20.0,【敌方侧】大家阳防上升,敌方全体阳防上升20% (永久)
10038061,4,1,7,30.0,【敌方侧】大家命中上升,敌方全体命中率上升30% (永久)
10038062,2,10,8,-95.0,【己方侧】御符弹威力下降,己方全体御符弹造成的伤害下降95% (永久)
10038071,2,10,11,-95.0,【己方侧】追踪弹威力下降,己方全体追踪弹造成的伤害下降95% (永久)
10038072,2,4,5,-65.0,【己方侧】攻击式弱化,己方全体攻击式的综合强度下降65% (永久)
10038081,2,4,3,-65.0,【己方侧】回复式弱化,己方全体回复式的综合强度下降65% (永久)
10038082,2,4,1,-65.0,【己方侧】防御式弱化,己方全体防御式的综合强度下降65% (永久)
10038091,2,3,0,-2.0,【己方侧】结界最大数减少,己方全体结界的最大持有枚数减少2枚 (永久)
10038092,4,2,0,-40.0,【敌方侧】种族特攻受伤倍率轻减,敌方全体受到来自种族特攻的伤害倍率下降40% (永久)
10038101,2,13,0,-30.0,【己方侧】灵力上升效果下降,己方全体绘卷/技能/符卡效果/换位连携/特性的灵力上升的效果量下降30% (永久)
10038102,2,12,0,-40.0,【己方侧】灵力回收效率下降,己方全体灵力回收效率下降40% (永久)
10039011,4,1,1,10.0,【敌方侧】大家最大体力上升,敌方全体最大体力上升10% (永久)
10039012,4,1,3,10.0,【敌方侧】大家阳攻上升,敌方全体阳攻上升10% (永久)
10039021,2,4,4,-65.0,【己方侧】干扰式弱化,己方全体干扰式的综合强度下降65% (永久)
10039022,4,1,3,10.0,【敌方侧】大家阳攻上升,敌方全体阳攻上升10% (永久)
10039031,4,1,1,10.0,【敌方侧】大家最大体力上升,敌方全体最大体力上升10% (永久)
10039032,4,1,4,10.0,【敌方侧】大家阳防上升,敌方全体阳防上升10% (永久)
10039041,2,4,3,-65.0,【己方侧】回复式弱化,己方全体回复式的综合强度下降65% (永久)
10039042,4,1,4,20.0,【敌方侧】大家阳防上升,敌方全体阳防上升20% (永久)
10039051,2,4,8,-65.0,【己方侧】破坏式弱化,己方全体破坏式的综合强度下降65% (永久)
10039052,4,1,6,10.0,【敌方侧】大家阴防上升,敌方全体阴防上升10% (永久)
10039061,4,1,1,10.0,【敌方侧】大家最大体力上升,敌方全体最大体力上升10% (永久)
10039062,4,1,6,10.0,【敌方侧】大家阴防上升,敌方全体阴防上升10% (永久)
10039071,4,1,8,20.0,【敌方侧】大家回避上升,敌方全体回避率上升20% (永久)
10039072,2,10,8,-95.0,【己方侧】御符弹威力下降,己方全体御符弹造成的伤害下降95% (永久)
10039081,2,10,4,-95.0,【己方侧】斩击弹威力下降,己方全体斩击弹造成的伤害下降95% (永久)
10039082,2,10,11,-95.0,【己方侧】追踪弹威力下降,己方全体追踪弹造成的伤害下降95% (永久)
10039091,2,3,0,-2.0,【己方侧】结界最大数减少,己方全体结界的最大持有枚数减少2枚 (永久)
10039092,4,2,0,-30.0,【敌方侧】种族特攻受伤倍率轻减,敌方全体受到来自种族特攻的伤害倍率下降30% (永久)
10039101,2,13,0,-30.0,【己方侧】灵力上升效果下降,己方全体绘卷/技能/符卡效果/换位连携/特性的灵力上升的效果量下降30% (永久)
10039102,2,12,0,-30.0,【己方侧】灵力回收效率下降,己方全体灵力回收效率下降30% (永久)
10040011,4,1,6,10.0,【敌方侧】大家阴防上升,敌方全体阴防上升10% (永久)
10040012,4,1,4,10.0,【敌方侧】大家阳防上升,敌方全体阳防上升10% (永久)
10040021,4,1,5,20.0,【敌方侧】大家阴攻上升,敌方全体阴攻上升20% (永久)
10040022,4,1,1,20.0,【敌方侧】大家最大体力上升,敌方全体最大体力上升20% (永久)
10040031,4,1,6,20.0,【敌方侧】大家阴防上升,敌方全体阴防上升20% (永久)
10040032,4,1,4,10.0,【敌方侧】大家阳防上升,敌方全体阳防上升10% (永久)
10040041,4,1,4,20.0,【敌方侧】大家阳防上升,敌方全体阳防上升20% (永久)
10040042,4,1,1,15.0,【敌方侧】大家最大体力上升,敌方全体最大体力上升15% (永久)
10040051,4,1,7,30.0,【敌方侧】大家命中上升,敌方全体命中率上升30% (永久)
10040052,4,1,8,30.0,【敌方侧】大家回避上升,敌方全体回避率上升30% (永久)
10040061,2,10,10,-95.0,【己方侧】尖头弹威力下降,己方全体尖头弹造成的伤害下降95% (永久)
10040062,2,10,8,-95.0,【己方侧】御符弹威力下降,己方全体御符弹造成的伤害下降95% (永久)
10040071,2,10,11,-95.0,【己方侧】追踪弹威力下降,己方全体追踪弹造成的伤害下降95% (永久)
10040072,2,4,4,-65.0,【己方侧】干扰式弱化,己方全体干扰式的综合强度下降65% (永久)
10040081,2,4,3,-65.0,【己方侧】回复式弱化,己方全体回复式的综合强度下降65% (永久)
10040082,2,4,1,-65.0,【己方侧】防御式弱化,己方全体防御式的综合强度下降65% (永久)
10040091,2,3,0,-2.0,【己方侧】结界最大数减少,己方全体结界的最大持有枚数减少2枚 (永久)
10040092,4,2,0,-40.0,【敌方侧】种族特攻受伤倍率轻减,敌方全体受到来自种族特攻的伤害倍率下降40% (永久)
10040101,2,13,0,-30.0,【己方侧】灵力上升效果下降,己方全体绘卷/技能/符卡效果/换位连携/特性的灵力上升的效果量下降30% (永久)
10040102,2,12,0,-30.0,【己方侧】灵力回收效率下降,己方全体灵力回收效率下降30% (永久)
10041011,4,1,1,10.0,【敌方侧】大家最大体力上升,敌方全体最大体力上升10% (永久)
10041012,4,1,4,20.0,【敌方侧】大家阳防上升,敌方全体阳防上升20% (永久)
10041021,4,1,1,10.0,【敌方侧】大家最大体力上升,敌方全体最大体力上升10% (永久)
10041022,4,1,6,20.0,【敌方侧】大家阴防上升,敌方全体阴防上升20% (永久)
10041031,4,1,5,20.0,【敌方侧】大家阴攻上升,敌方全体阴攻上升20% (永久)
10041032,4,1,6,20.0,【敌方侧】大家阴防上升,敌方全体阴防上升20% (永久)
10041041,4,1,3,20.0,【敌方侧】大家阳攻上升,敌方全体阳攻上升20% (永久)
10041042,4,1,4,20.0,【敌方侧】大家阳防上升,敌方全体阳防上升20% (永久)
10041051,2,4,5,-40.0,【己方侧】攻击式弱化,己方全体攻击式综合强度下降40% (永久)
10041052,2,4,1,-40.0,【己方侧】防御式弱化,己方全体防御式综合强度下降40% (永久)
10041061,2,4,2,-40.0,【己方侧】支援式弱化,己方全体支援式综合强度下降40% (永久)
10041062,2,4,4,-40.0,【己方侧】干扰式弱化,己方全体干扰式综合强度下降40% (永久)
10041071,2,4,3,-40.0,【己方侧】回复式弱化,己方全体回复式综合强度下降40% (永久)
10041072,2,4,6,-40.0,【己方侧】技巧式弱化,己方全体技巧式综合强度下降40% (永久)
10041081,2,4,7,-40.0,【己方侧】速攻式弱化,己方全体速攻式综合强度下降40% (永久)
10041082,2,4,8,-40.0,【己方侧】破坏式弱化,己方全体破坏式综合强度下降40% (永久)
10041091,2,3,0,-2.0,【己方侧】结界最大数减少,己方全体结界最大持有枚数减少2枚 (永久)
10041092,4,2,0,-40.0,【敌方侧】种族特攻受伤倍率轻减,敌方全体受到来自种族特攻的伤害倍率下降40% (永久)
10041101,2,13,0,-20.0,【己方侧】灵力上升效果下降,己方全体绘卷/技能/符卡效果/换位连携/特性的灵力上升的效果量下降20% (永久)
10041102,2,12,0,-40.0,【己方侧】灵力回收效率下降,己方全体灵力回收效率下降40% (永久)
10042011,4,1,1,10.0,【敌方侧】大家最大体力上升,敌方全体最大体力上升10% (永久)
10042012,4,1,4,40.0,【敌方侧】大家阳防上升,敌方全体阳防上升40% (永久)
10042021,4,1,1,10.0,【敌方侧】大家最大体力上升,敌方全体最大体力上升10% (永久)
10042022,4,1,6,40.0,【敌方侧】大家阴防上升,敌方全体阴防上升40% (永久)
10042031,4,1,1,10.0,【敌方侧】大家最大体力上升,敌方全体最大体力上升10% (永久)
10042032,2,10,1,-40.0,【己方侧】通常弹威力下降,己方全体通常弹造成的伤害下降40% (永久)
10042041,2,10,8,-40.0,【己方侧】御符弹威力下降,己方全体御符弹造成的伤害下降40% (永久)
10042042,2,10,3,-40.0,【己方侧】体术弹威力下降,己方全体体术弹造成的伤害下降40% (永久)
10042051,2,10,4,-40.0,【己方侧】斩击弹威力下降,己方全体斩击弹造成的伤害下降40% (永久)
10042052,2,10,11,-40.0,【己方侧】追踪弹威力下降,己方全体追踪弹造成的伤害下降40% (永久)
10042061,2,10,6,-40.0,【己方侧】流体弹威力下降,己方全体流体弹造成的伤害下降40% (永久)
10042062,2,10,5,-40.0,【己方侧】动能弹威力下降,己方全体动能弹造成的伤害下降40% (永久)
10042071,2,10,7,-40.0,【己方侧】能量弹威力下降,己方全体能量弹造成的伤害下降40% (永久)
10042072,2,10,2,-40.0,【己方侧】镭射弹威力下降,己方全体镭射弹造成的伤害下降40% (永久)
10042081,2,10,9,-40.0,【己方侧】光弹威力下降,己方全体光弹造成的伤害下降40% (永久)
10042082,2,10,10,-40.0,【己方侧】尖头弹威力下降,己方全体尖头弹造成的伤害下降40% (永久)
10042091,2,3,0,-2.0,【己方侧】结界最大数减少,己方全体结界的最大持有枚数减少2枚 (永久)
10042092,4,2,0,-30.0,【敌方侧】种族特攻的受伤倍率轻减,敌方全体受到来自种族特攻的伤害倍率下降30% (永久)
10042101,2,13,0,-20.0,【己方侧】灵力上升效果下降,己方全体绘卷/技能/符卡效果/换位连携/特性的灵力上升的效果量下降20% (永久)
10042102,2,12,0,-50.0,【己方侧】灵力回收效率下降,己方全体灵力回收效率下降50% (永久)
10043011,4,1,1,10.0,【敌方侧】大家最大体力上升,敌方全体最大体力上升10% (永久)
10043012,4,1,4,40.0,【敌方侧】大家阳防上升,敌方全体阳防上升40% (永久)
10043021,4,1,1,10.0,【敌方侧】大家最大体力上升,敌方全体最大体力上升10% (永久)
10043022,4,1,6,40.0,【敌方侧】大家阴防上升,敌方全体阴防上升40% (永久)
10043031,4,1,1,10.0,【敌方侧】大家最大体力上升,敌方全体最大体力上升10% (永久)
10043032,2,10,1,-40.0,【己方侧】通常弹威力下降,己方全体通常弹造成的伤害下降40% (永久)
10043041,2,10,8,-40.0,【己方侧】御符弹威力下降,己方全体御符弹造成的伤害下降40% (永久)
10043042,2,10,3,-40.0,【己方侧】体术弹威力下降,己方全体体术弹造成的伤害下降40% (永久)
10043051,2,10,4,-40.0,【己方侧】斩击弹威力下降,己方全体斩击弹造成的伤害下降40% (永久)
10043052,2,10,11,-40.0,【己方侧】追踪弹威力下降,己方全体追踪弹造成的伤害下降40% (永久)
10043061,2,10,6,-40.0,【己方侧】流体弹威力下降,己方全体流体弹造成的伤害下降40% (永久)
10043062,2,10,5,-40.0,【己方侧】动能弹威力下降,己方全体动能弹造成的伤害下降40% (永久)
10043071,2,10,7,-40.0,【己方侧】能量弹威力下降,己方全体能量弹造成的伤害下降40% (永久)
10043072,2,10,2,-40.0,【己方侧】镭射弹威力下降,己方全体镭射弹造成的伤害下降40% (永久)
10043081,2,10,9,-40.0,【己方侧】光弹威力下降,己方全体光弹造成的伤害下降40% (永久)
10043082,2,10,10,-40.0,【己方侧】尖头弹威力下降,己方全体尖头弹造成的伤害下降40% (永久)
10043091,2,3,0,-2.0,【己方侧】结界最大数减少,己方全体结界的最大持有枚数减少2枚 (永久)
10043092,4,2,0,-30.0,【敌方侧】种族特攻的受伤倍率轻减,敌方全体受到来自种族特攻的伤害倍率下降30% (永久)
10043101,2,13,0,-30.0,【己方侧】灵力上升効果下降,己方全体绘卷/技能/符卡效果/换位连携/特性的灵力上升的效果量下降30% (永久)
10043102,2,12,0,-50.0,【己方侧】灵力回收效率下降,己方全体灵力回收效率下降50% (永久)
10044011,4,1,3,20.0,【敌方侧】大家阳攻上升,敌方全体阳攻上升20% (永久)
10044012,4,1,4,20.0,【敌方侧】大家阳防上升,敌方全体阳防上升20% (永久)
10044021,4,1,5,20.0,【敌方侧】大家阴攻上升,敌方全体阴攻上升20% (永久)
10044022,4,1,6,20.0,【敌方侧】大家阴防上升,敌方全体阴防上升20% (永久)
10044031,4,1,1,15.0,【敌方侧】大家最大体力上升,敌方全体最大体力上升15% (永久)
10044032,4,1,4,30.0,【敌方侧】大家阳防上升,敌方全体阳防上升30% (永久)
10044041,4,1,1,15.0,【敌方侧】大家最大体力上升,敌方全体最大体力上升15% (永久)
10044042,4,1,6,30.0,【敌方侧】大家阴防上升,敌方全体阴防上升30% (永久)
10044051,2,10,4,-95.0,【己方侧】斩击弹威力下降,己方全体斩击弹造成的伤害下降95% (永久)
10044052,2,10,3,-95.0,【己方侧】体术弹威力下降,己方全体体术弹造成的伤害下降95% (永久)
10044061,2,10,6,-95.0,【己方侧】流体弹威力下降,己方全体流体弹造成的伤害下降95% (永久)
10044062,2,10,11,-95.0,【己方侧】追踪弹威力下降,己方全体追踪弹造成的伤害下降95% (永久)
10044071,2,4,3,-65.0,【己方侧】回复式弱化,己方全体回复式综合强度下降65% (永久)
10044072,2,4,1,-65.0,【己方侧】防御式弱化,己方全体防御式综合强度下降65% (永久)
10044081,2,4,2,-65.0,【己方侧】支援式弱化,己方全体支援式综合强度下降65% (永久)
10044082,2,4,4,-65.0,【己方侧】干扰式弱化,己方全体干扰式综合强度下降65% (永久)
10044091,2,3,0,-2.0,【己方侧】结界最大数减少,己方全体结界的最大持有枚数减少2枚 (永久)
10044092,4,2,0,-30.0,【敌方侧】种族特攻的受伤倍率轻减,敌方全体受到来自种族特攻的伤害倍率下降30% (永久)
10044101,2,13,0,-40.0,【己方侧】灵力上升效果下降,己方全体绘卷/技能/符卡效果/换位连携/特性的灵力上升的效果量下降40% (永久)
10044102,2,12,0,-40.0,【己方侧】灵力回收效率下降,己方全体灵力回收效率下降40% (永久)
10045011,4,1,1,10.0,【敌方侧】大家最大体力上升,敌方全体最大体力上升10% (永久)
10045012,4,1,4,10.0,【敌方侧】大家阳防上升,敌方全体阳防上升10% (永久)
10045021,4,1,1,10.0,【敌方侧】大家最大体力上升,敌方全体最大体力上升10% (永久)
10045022,4,1,6,10.0,【敌方侧】大家阴防上升,敌方全体阴防上升10% (永久)
10045031,4,1,5,10.0,【敌方侧】大家阴攻上升,敌方全体阴攻上升10% (永久)
10045032,4,1,6,20.0,【敌方侧】大家阴防上升,敌方全体阴防上升20% (永久)
10045041,4,1,5,10.0,【敌方侧】大家阴攻上升,敌方全体阴攻上升10% (永久)
10045042,4,1,4,20.0,【敌方侧】大家阳防上升,敌方全体阳防上升20% (永久)
10045051,2,4,5,-40.0,【己方侧】攻击式弱化,己方全体攻击式综合强度下降40% (永久)
10045052,2,4,1,-40.0,【己方侧】防御式弱化,己方全体防御式综合强度下降40% (永久)
10045061,2,4,2,-40.0,【己方侧】支援式弱化,己方全体支援式综合强度下降40% (永久)
10045062,2,4,4,-40.0,【己方侧】干扰式弱化,己方全体干扰式综合强度下降40% (永久)
10045071,2,4,3,-40.0,【己方侧】回复式弱化,己方全体回复式综合强度下降40% (永久)
10045072,2,4,6,-40.0,【己方侧】技巧式弱化,己方全体技巧式综合强度下降40% (永久)
10045081,2,4,7,-40.0,【己方侧】速攻式弱化,己方全体速攻式综合强度下降40% (永久)
10045082,2,4,8,-40.0,【己方侧】破坏式弱化,己方全体破坏式综合强度下降40% (永久)
10045091,2,3,0,-2.0,【己方侧】结界最大数减少,己方全体结界的最大持有枚数减少2枚 (永久)
10045092,4,2,0,-30.0,【敌方侧】种族特攻受伤倍率轻减,敌方全体受到来自种族特攻的伤害倍率下降30% (永久)
10045101,2,13,0,-30.0,【己方侧】灵力上升效果下降,己方全体绘卷/技能/符卡效果/换位连携/特性的灵力上升的效果量下降30% (永久)
10045102,2,12,0,-40.0,【己方侧】灵力回收效率下降,己方全体灵力回收效率下降40% (永久)
10046011,4,1,4,20.0,【敌方侧】大家阳防上升,敌方全体阳防上升20% (永久)
10046012,4,1,5,20.0,【敌方侧】大家阴攻上升,敌方全体阴攻上升20% (永久)
10046021,4,1,6,10.0,【敌方侧】大家阴防上升,敌方全体阴防上升10% (永久)
10046022,4,1,1,15.0,【敌方侧】大家最大体力上升,敌方全体最大体力上升15% (永久)
10046031,4,1,4,30.0,【敌方侧】大家阳防上升,敌方全体阳防上升30% (永久)
10046032,4,1,1,15.0,【敌方侧】大家最大体力上升,敌方全体最大体力上升15% (永久)
10046041,4,1,6,20.0,【敌方侧】大家阴防上升,敌方全体阴防上升20% (永久)
10046042,4,1,7,30.0,【敌方侧】大家命中上升,敌方全体命中率上升30% (永久)
10046051,2,10,4,-95.0,【己方侧】斩击弹威力下降,己方全体斩击弹造成的伤害下降95% (永久)
10046052,2,10,5,-95.0,【己方侧】动能弹威力下降,己方全体动能弹造成的伤害下降95% (永久)
10046061,2,10,3,-95.0,【己方侧】体术弹威力下降,己方全体体术弹造成的伤害下降95% (永久)
10046062,2,10,1,-95.0,【己方侧】通常弹威力下降,己方全体通常弹造成的伤害下降95% (永久)
10046071,2,4,5,-65.0,【己方侧】攻击式弱化,己方全体攻击式综合强度下降65% (永久)
10046072,2,4,6,-65.0,【己方侧】技巧式弱化,己方全体技巧式综合强度下降65% (永久)
10046081,2,4,2,-65.0,【己方侧】支援式弱化,己方全体支援式综合强度下降65% (永久)
10046082,2,4,3,-65.0,【己方侧】回复式弱化,己方全体回复式综合强度下降65% (永久)
10046091,2,3,0,-2.0,【己方侧】结界最大数减少,己方全体结界的最大持有枚数减少2枚 (永久)
10046092,4,2,0,-30.0,【敌方侧】种族特攻伤害倍率轻减,敌方全体受到来自种族特攻的伤害倍率下降30% (永久)
10046101,2,13,0,-30.0,【己方侧】灵力上升效果下降,己方全体绘卷/技能/符卡效果/换位连携/特性的灵力上升的效果量下降30% (永久)
10046102,2,12,0,-50.0,【己方侧】灵力回收效率下降,己方全体灵力回收效率下降50% (永久)
10047011,4,1,1,15.0,【敌方侧】大家最大体力上升,敌方全体最大体力上升15% (永久)
10047012,4,1,4,10.0,【敌方侧】大家阳防上升,敌方全体阳防上升10% (永久)
10047021,4,1,1,15.0,【敌方侧】大家最大体力上升,敌方全体最大体力上升15% (永久)
10047022,4,1,6,10.0,【敌方侧】大家阴防上升,敌方全体阴防上升10% (永久)
10047031,4,1,5,20.0,【敌方侧】大家阴攻上升,敌方全体阴攻上升20% (永久)
10047032,4,1,6,20.0,【敌方侧】大家阴防上升,敌方全体阴防上升20% (永久)
10047041,4,1,3,20.0,【敌方侧】大家阳攻上升,敌方全体阳攻上升20% (永久)
10047042,4,1,4,20.0,【敌方侧】大家阳防上升,敌方全体阳防上升20% (永久)
10047051,2,4,5,-40.0,【己方侧】攻击式弱化,己方全体攻击式的综合强度下降40% (永久)
10047052,2,4,1,-40.0,【己方侧】防御式弱化,己方全体防御式的综合强度下降40% (永久)
10047061,2,4,2,-40.0,【己方侧】支援式弱化,己方全体支援式的综合强度下降40% (永久)
10047062,2,4,4,-40.0,【己方侧】干扰式弱化,己方全体干扰式的综合强度下降40% (永久)
10047071,2,4,3,-40.0,【己方侧】回复式弱化,己方全体回复式的综合强度下降40% (永久)
10047072,2,4,6,-40.0,【己方侧】技巧式弱化,己方全体技巧式的综合强度下降40% (永久)
10047081,2,4,7,-40.0,【己方侧】速攻式弱化,己方全体速攻式的综合强度下降40% (永久)
10047082,2,4,8,-40.0,【己方侧】破坏式弱化,己方全体破坏式的综合强度下降40% (永久)
10047091,2,3,0,-2.0,【己方侧】结界最大数减少,己方全体结界的最大持有枚数减少2枚 (永久)
10047092,4,2,0,-30.0,【敌方侧】种族特攻的受伤倍率轻减,敌方全体受到来自种族特攻的伤害倍率下降30% (永久)
10047101,2,13,0,-30.0,【己方侧】灵力上升效果下降,己方全体绘卷/技能/符卡效果/换位连携/特性的灵力上升的效果量下降30% (永久)
10047102,2,12,0,-40.0,【己方侧】灵力回收效率下降,己方全体灵力回收效率下降40% (永久)
10048011,4,1,1,15.0,【敌方侧】大家最大体力上升,敌方全体最大体力上升15% (永久)
10048012,4,1,4,20.0,【敌方侧】大家阳防上升,敌方全体阳防上升20% (永久)
10048021,4,1,1,15.0,【敌方侧】大家最大体力上升,敌方全体最大体力上升15% (永久)
10048022,4,1,6,20.0,【敌方侧】大家阴防上升,敌方全体阴防上升20% (永久)
10048031,4,1,5,20.0,【敌方侧】大家阴攻上升,敌方全体阴攻上升20% (永久)
10048032,4,1,6,20.0,【敌方侧】大家阴防上升,敌方全体阴防上升20% (永久)
10048041,4,1,3,20.0,【敌方侧】大家阳攻上升,敌方全体阳攻上升20% (永久)
10048042,4,1,4,20.0,【敌方侧】大家阳防上升,敌方全体阳防上升20% (永久)
10048051,2,4,5,-40.0,【己方侧】攻击式弱化,己方全体攻击式的综合强度下降40% (永久)
10048052,2,4,1,-40.0,【己方侧】防御式弱化,己方全体防御式的综合强度下降40% (永久)
10048061,2,4,2,-40.0,【己方侧】支援式弱化,己方全体支援式的综合强度下降40% (永久)
10048062,2,4,4,-40.0,【己方侧】干扰式弱化,己方全体干扰式的综合强度下降40% (永久)
10048071,2,4,3,-40.0,【己方侧】回复式弱化,己方全体回复式的综合强度下降40% (永久)
10048072,2,4,6,-40.0,【己方侧】技巧式弱化,己方全体技巧式的综合强度下降40% (永久)
10048081,2,4,7,-40.0,【己方侧】速攻式弱化,己方全体速攻式的综合强度下降40% (永久)
10048082,2,4,8,-40.0,【己方侧】破坏式弱化,己方全体破坏式的综合强度下降40% (永久)
10048091,2,3,0,-2.0,【己方侧】结界最大数减少,己方全体结界的最大持有枚数减少2枚 (永久)
10048092,4,2,0,-30.0,【敌方侧】种族特攻的受伤倍率轻减,敌方全体受到来自种族特攻的伤害倍率下降30% (永久)
10048101,2,13,0,-30.0,【己方侧】灵力上升效果下降,己方全体绘卷/技能/符卡效果/换位连携/特性的灵力上升的效果量下降30% (永久)
10048102,2,12,0,-40.0,【己方侧】灵力回收效率下降,己方全体灵力回收效率下降40% (永久)
10049011,4,1,1,10.0,【敌方侧】大家最大体力上升,敌方全体最大体力上升10% (永久)
10049012,4,1,6,20.0,【敌方侧】大家阴防上升,敌方全体阴防上升20% (永久)
10049021,4,1,1,10.0,【敌方侧】大家最大体力上升,敌方全体最大体力上升10% (永久)
10049022,4,1,6,20.0,【敌方侧】大家阴防上升,敌方全体阴防上升20% (永久)
10049031,4,1,3,10.0,【敌方侧】大家阳攻上升,敌方全体阳攻上升10% (永久)
10049032,4,1,4,20.0,【敌方侧】大家阳防上升,敌方全体阳防上升20% (永久)
10049041,4,1,3,20.0,【敌方侧】大家阳攻上升,敌方全体阳攻上升20% (永久)
10049042,4,1,4,30.0,【敌方侧】大家阳防上升,敌方全体阳防上升30% (永久)
10049051,4,1,7,30.0,【敌方侧】大家命中上升,敌方全体命中率上升30% (永久)
10049052,4,1,8,30.0,【敌方侧】大家回避上升,敌方全体回避率上升30% (永久)
10049061,2,4,7,-65.0,【己方侧】速攻式弱化,己方全体速攻式综合强度下降65% (永久)
10049062,2,4,6,-65.0,【己方侧】技巧式弱化,己方全体技巧式综合强度下降65% (永久)
10049071,2,4,8,-65.0,【己方侧】破坏式弱化,己方全体破坏式综合强度下降65% (永久)
10049072,2,10,4,-95.0,【己方侧】斩击弹威力下降,己方全体斩击弹造成的伤害下降95% (永久)
10049081,2,10,5,-95.0,【己方侧】动能弹威力下降,己方全体动能弹造成的伤害下降95% (永久)
10049082,2,10,3,-95.0,【己方侧】体术弹威力下降,己方全体体术弹造成的伤害下降95% (永久)
10049091,2,3,0,-2.0,【己方侧】结界最大数减少,己方全体结界的最大持有枚数减少2枚 (永久)
10049092,4,2,0,-30.0,【敌方侧】种族特攻的受伤倍率轻减,敌方全体受到来自种族特攻的伤害倍率下降30% (永久)
10049101,2,13,0,-30.0,【己方侧】灵力上升效果下降,己方全体绘卷/技能/符卡效果/换位连携/特性的灵力上升的效果量下降30% (永久)
10049102,2,12,0,-30.0,【己方侧】灵力回收效率下降,己方全体灵力回收效率下降30% (永久)
10050011,4,1,1,10.0,【敌方侧】大家最大体力上升,敌方全体最大体力上升10% (永久)
10050012,4,1,4,20.0,【敌方侧】大家阳防上升,敌方全体阳防上升20% (永久)
10050021,4,1,1,10.0,【敌方侧】大家最大体力上升,敌方全体最大体力上升10% (永久)
10050022,4,1,6,20.0,【敌方侧】大家阴防上升,敌方全体阴防上升20% (永久)
10050031,4,1,5,20.0,【敌方侧】大家阴攻上升,敌方全体阴攻上升20% (永久)
10050032,4,1,6,20.0,【敌方侧】大家阴防上升,敌方全体阴防上升20% (永久)
10050041,4,1,4,30.0,【敌方侧】大家阳防上升,敌方全体阳防上升30% (永久)
10050042,4,1,8,30.0,【敌方侧】大家回避上升,敌方全体回避率上升30% (永久)
10050051,2,4,5,-40.0,【己方侧】攻击式弱化,己方全体攻击式的综合强度下降40% (永久)
10050052,2,4,1,-40.0,【己方侧】防御式弱化,己方全体防御式的综合强度下降40% (永久)
10050061,2,4,2,-40.0,【己方侧】支援式弱化,己方全体支援式的综合强度下降40% (永久)
10050062,2,4,4,-40.0,【己方侧】干扰式弱化,己方全体干扰式的综合强度下降40% (永久)
10050071,2,4,3,-40.0,【己方侧】回复式弱化,己方全体回复式的综合强度下降40% (永久)
10050072,2,4,6,-40.0,【己方侧】技巧式弱化,己方全体技巧式的综合强度下降40% (永久)
10050081,2,4,7,-40.0,【己方侧】速攻式弱化,己方全体速攻式的综合强度下降40% (永久)
10050082,2,4,8,-40.0,【己方侧】破坏式弱化,己方全体破坏式的综合强度下降40% (永久)
10050091,2,3,0,-2.0,【己方侧】结界最大数减少,己方全体结界的最大持有枚数减少2枚 (永久)
10050092,4,2,0,-30.0,【敌方侧】种族特攻的受伤倍率轻减,敌方全体受到来自种族特攻的伤害倍率下降30% (永久)
10050101,2,13,0,-30.0,【己方侧】灵力上升效果下降,己方全体绘卷/技能/符卡效果/换位连携/特性的灵力上升的效果量下降30% (永久)
10050102,2,12,0,-30.0,【己方侧】灵力回收效率下降,己方全体灵力回收效率下降30% (永久)
10051011,4,1,1,10.0,【敌方侧】大家最大体力上升,敌方全体最大体力上升10% (永久)
10051012,4,1,4,20.0,【敌方侧】大家阳防上升,敌方全体阳防上升20%  (永久)
10051021,4,1,1,10.0,【敌方侧】大家最大体力上升,敌方全体最大体力上升10% (永久)
10051022,4,1,6,20.0,【敌方侧】大家阴防上升,敌方全体阴防上升20%  (永久)
10051031,4,1,5,20.0,【敌方侧】大家阴攻上升,敌方全体阴攻上升20%  (永久)
10051032,4,1,3,20.0,【敌方侧】大家阳攻上升,敌方全体阳攻上升20%  (永久)
10051041,4,1,4,30.0,【敌方侧】大家阳防上升,敌方全体阳防上升30% (永久)
10051042,4,1,7,30.0,【敌方侧】大家命中上升,敌方全体命中率上升30% (永久)
10051051,2,4,5,-40.0,【己方侧】攻击式弱化,己方全体攻击式的综合强度下降40% (永久)
10051052,2,4,1,-40.0,【己方侧】防御式弱化,己方全体防御式的综合强度下降40% (永久)
10051061,2,4,2,-40.0,【己方侧】支援式弱化,己方全体支援式的综合强度下降40% (永久)
10051062,2,4,4,-40.0,【己方侧】干扰式弱化,己方全体干扰式的综合强度下降40% (永久)
10051071,2,4,3,-40.0,【己方侧】回复式弱化,己方全体回复式的综合强度下降40% (永久)
10051072,2,4,6,-40.0,【己方侧】技巧式弱化,己方全体技巧式的综合强度下降40% (永久)
10051081,2,4,7,-40.0,【己方侧】速攻式弱化,己方全体速攻式的综合强度下降40% (永久)
10051082,2,4,8,-40.0,【己方侧】破坏式弱化,己方全体破坏式的综合强度下降40% (永久)
10051091,2,3,0,-2.0,【己方侧】结界最大数减少,己方全体结界的最大持有枚数减少2枚 (永久)
10051092,4,2,0,-30.0,【敌方侧】种族特攻的受伤倍率轻减,敌方全体受到来自种族特攻的伤害倍率下降30% (永久)
10051101,2,13,0,-30.0,【己方侧】灵力上升效果下降,己方全体绘卷/技能/符卡效果/换位连携/特性的灵力上升的效果量下降30% (永久)
10051102,2,12,0,-30.0,【己方侧】灵力回收效率下降,己方全体灵力回收效率下降30% (永久)
10052011,4,1,1,10.0,【敌方侧】大家最大体力上升,敌方全体最大体力上升10% (永久)
10052012,4,1,4,30.0,【敌方侧】大家阳防上升,敌方全体阳防上升30% (永久)
10052021,4,1,1,10.0,【敌方侧】大家最大体力上升,敌方全体最大体力上升10% (永久)
10052022,4,1,6,20.0,【敌方侧】大家阴防上升,敌方全体阴防上升20% (永久)
10052031,4,1,5,20.0,【敌方侧】大家阴攻上升,敌方全体阴攻上升20% (永久)
10052032,4,1,3,20.0,【敌方侧】大家阳攻上升,敌方全体阳攻上升20% (永久)
10052041,4,1,7,30.0,【敌方侧】大家命中上升,敌方全体命中率上升30% (永久)
10052042,4,1,8,30.0,【敌方侧】大家回避上升,敌方全体回避率上升30% (永久)
10052051,2,4,5,-40.0,【己方侧】攻击式弱化,己方全体攻击式综合强度下降40% (永久)
10052052,2,4,1,-40.0,【己方侧】防御式弱化,己方全体防御式综合强度下降40% (永久)
10052061,2,4,2,-40.0,【己方侧】支援式弱化,己方全体支援式综合强度下降40% (永久)
10052062,2,4,4,-40.0,【己方侧】干扰式弱化,己方全体干扰式综合强度下降40% (永久)
10052071,2,4,3,-40.0,【己方侧】回复式弱化,己方全体回复式综合强度下降40% (永久)
10052072,2,4,6,-40.0,【己方侧】技巧式弱化,己方全体技巧式综合强度下降40% (永久)
10052081,2,4,7,-40.0,【己方侧】速攻式弱化,己方全体速攻式综合强度下降40% (永久)
10052082,2,4,8,-40.0,【己方侧】破坏式弱化,己方全体破坏式综合强度下降40% (永久)
10052091,2,3,0,-2.0,【己方侧】结界最大数减少,己方全体结界的最大持有枚数减少2枚 (永久)
10052092,4,2,0,-30.0,【敌方侧】种族特攻受伤倍率轻减,敌方全体受到来自种族特攻的伤害倍率下降30% (永久)
10052101,2,13,0,-30.0,【己方侧】灵力上升效果下降,己方全体绘卷/技能/符卡效果/换位连携/特性的灵力上升的效果量下降30% (永久)
10052102,2,12,0,-40.0,【己方侧】灵力回收效率下降,己方全体灵力回收效率下降40% (永久)
10053011,4,1,1,15.0,【敌方侧】大家最大体力上升,敌方全体最大体力上升15% (永久)
10053012,4,1,4,20.0,【敌方侧】大家阳防上升,敌方全体阳防上升20% (永久)
10053021,4,1,1,15.0,【敌方侧】大家最大体力上升,敌方全体最大体力上升15% (永久)
10053022,4,1,6,20.0,【敌方侧】大家阴防上升,敌方全体阴防上升20% (永久)
10053031,4,1,4,20.0,【敌方侧】大家阳防上升,敌方全体阳防上升20% (永久)
10053032,2,10,1,-40.0,【己方侧】通常弹威力下降,己方全体通常弹造成的伤害下降40% (永久)
10053041,2,10,8,-40.0,【己方侧】御符弹威力下降,己方全体御符弹造成的伤害下降40% (永久)
10053042,2,10,3,-40.0,【己方侧】体术弹威力下降,己方全体体术弹造成的伤害下降40% (永久)
10053051,2,10,4,-40.0,【己方侧】斩击弹威力下降,己方全体斩击弹造成的伤害下降40% (永久)
10053052,2,10,11,-40.0,【己方侧】追踪弹威力下降,己方全体追踪弹造成的伤害下降40% (永久)
10053061,2,10,6,-95.0,【己方侧】流体弹威力下降,己方全体流体弹造成的伤害下降95% (永久)
10053062,2,10,5,-95.0,【己方侧】动能弹威力下降,己方全体动能弹造成的伤害下降95% (永久)
10053071,2,10,7,-40.0,【己方侧】能量弹威力下降,己方全体能量弹造成的伤害下降40% (永久)
10053072,2,10,2,-40.0,【己方侧】镭射弹威力下降,己方全体镭射弹造成的伤害下降40% (永久)
10053081,2,10,9,-40.0,【己方侧】光弹威力下降,己方全体光弹造成的伤害下降40% (永久)
10053082,2,10,10,-95.0,【己方侧】尖头弹威力下降,己方全体尖头弹造成的伤害下降95% (永久)
10053091,2,3,0,-2.0,【己方侧】结界最大数减少,己方全体结界最大持有枚数减少2枚 (永久)
10053092,4,2,0,-30.0,【敌方侧】种族特攻受伤倍率轻减,敌方全体受到来自种族特攻的伤害倍率下降30% (永久)
10053101,2,13,0,-30.0,【己方侧】灵力上升效果下降,己方全体绘卷/技能/符卡效果/换位连携/特性的灵力上升的效果量下降30% (永久)
10053102,2,12,0,-40.0,【己方侧】灵力回收效率下降,己方全体灵力回收效率下降40% (永久)
10054011,4,1,1,15.0,【相手側】みんな最大体力アップ,相手全体の最大体力が15%アップ (永続)
10054012,4,1,4,20.0,【相手側】みんな陽防アップ,相手全体の陽防が20%アップ (永続)
10054021,4,1,1,15.0,【相手側】みんな最大体力アップ,相手全体の最大体力が15%アップ (永続)
10054022,4,1,6,20.0,【相手側】みんな陰防アップ,相手全体の陰防が20%アップ (永続)
10054031,4,1,4,20.0,【相手側】みんな陽防アップ,相手全体の陽防が20%アップ (永続)
10054032,4,1,6,20.0,【相手側】みんな陰防アップ,相手全体の陰防が20%アップ (永続)
10054041,4,1,3,20.0,【相手側】みんな陽攻アップ,相手全体の陽攻が20%アップ (永続)
10054042,4,1,8,20.0,【相手側】みんな回避アップ,相手全体の回避率が20%アップ (永続)
10054051,2,4,5,-95.0,【味方側】攻撃式弱体,味方全体の攻撃式の総合つよさが95%ダウン (永続)
10054052,2,4,1,-40.0,【味方側】防御式弱体,味方全体の防御式の総合つよさが40%ダウン (永続)
10054061,2,4,2,-40.0,【味方側】支援式弱体,味方全体の支援式の総合つよさが40%ダウン (永続)
10054062,2,4,4,-40.0,【味方側】妨害式弱体,味方全体の妨害式の総合つよさが40%ダウン (永続)
10054071,2,4,3,-40.0,【味方側】回復式弱体,味方全体の回復式の総合つよさが40%ダウン (永続)
10054072,2,4,6,-40.0,【味方側】技巧式弱体,味方全体の技巧式の総合つよさが40%ダウン (永続)
10054081,2,4,7,-95.0,【味方側】速攻式弱体,味方全体の速攻式の総合つよさが95%ダウン (永続)
10054082,2,4,8,-40.0,【味方側】破壊式弱体,味方全体の破壊式の総合つよさが40%ダウン (永続)
10054091,2,3,0,-2.0,【味方側】結界最大数減少,味方全体の結界の最大保有枚数が2枚減少 (永続)
10054092,4,2,0,-30.0,【相手側】種族特攻の被ダメージ倍率軽減,相手全体に対する種族特攻による被ダメージ倍率を30%ダウン (永続)
10054101,2,13,0,-30.0,【味方側】霊力アップ効果ダウン,味方全体の絵札/スキル/スペルカード効果/チェンジ連携/特性による霊力アップの効果量が30%ダウン (永続)
10054102,2,12,0,-50.0,【味方側】霊力回収効率ダウン,味方全体の霊力回収効率が50%ダウン (永続)
10055011,4,1,1,15.0,【相手側】みんな最大体力アップ,相手全体の最大体力が15%アップ (永続)
10055012,4,1,4,20.0,【相手側】みんな陽防アップ,相手全体の陽防が20%アップ (永続)
10055021,4,1,1,15.0,【相手側】みんな最大体力アップ,相手全体の最大体力が15%アップ (永続)
10055022,4,1,6,20.0,【相手側】みんな陰防アップ,相手全体の陰防が20%アップ (永続)
10055031,4,1,6,20.0,【相手側】みんな陰防アップ,相手全体の陰防が20%アップ (永続)
10055032,2,10,1,-40.0,【味方側】通常弾威力ダウン,味方全体の通常弾の与ダメージが40%ダウン (永続)
10055041,2,10,8,-40.0,【味方側】御札弾威力ダウン,味方全体の御札弾の与ダメージが40%ダウン (永続)
10055042,2,10,3,-95.0,【味方側】肉弾威力ダウン,味方全体の肉弾の与ダメージが95%ダウン (永続)
10055051,2,10,9,-40.0,【味方側】光弾威力ダウン,味方全体の光弾の与ダメージが40%ダウン (永続)
10055052,2,10,11,-40.0,【味方側】ミサイル弾威力ダウン,味方全体のミサイル弾の与ダメージが40%ダウン (永続)
10055061,2,10,6,-95.0,【味方側】流体弾威力ダウン,味方全体の流体弾の与ダメージが95%ダウン (永続)
10055062,2,10,5,-40.0,【味方側】質量弾威力ダウン,味方全体の質量弾の与ダメージが40%ダウン (永続)
10055071,2,10,7,-40.0,【味方側】エネルギー弾威力ダウン,味方全体のエネルギー弾の与ダメージが40%ダウン (永続)
10055072,2,10,2,-95.0,【味方側】レーザー弾威力ダウン,味方全体のレーザー弾の与ダメージが95%ダウン (永続)
10055081,2,10,4,-95.0,【味方側】斬撃弾威力ダウン,味方全体の斬撃弾の与ダメージが95%ダウン (永続)
10055082,2,10,10,-40.0,【味方側】尖弾威力ダウン,味方全体の尖弾の与ダメージが40%ダウン (永続)
10055091,2,3,0,-2.0,【味方側】結界最大数減少,味方全体の結界の最大保有枚数が2枚減少 (永続)
10055092,4,2,0,-30.0,【相手側】種族特攻の被ダメージ倍率軽減,相手全体に対する種族特攻による被ダメージ倍率を30%ダウン (永続)
10055101,2,13,0,-40.0,【味方側】霊力アップ効果ダウン,味方全体の絵札/スキル/スペルカード効果/チェンジ連携/特性による霊力アップの効果量が40%ダウン (永続)
10055102,2,12,0,-50.0,【味方側】霊力回収効率ダウン,味方全体の霊力回収効率が50%ダウン (永続)
10056011,4,1,1,15.0,【相手側】みんな最大体力アップ,相手全体の最大体力が15%アップ (永続)
10056012,4,1,4,20.0,【相手側】みんな陽防アップ,相手全体の陽防が20%アップ (永続)
10056021,4,1,1,15.0,【相手側】みんな最大体力アップ,相手全体の最大体力が15%アップ (永続)
10056022,4,1,6,20.0,【相手側】みんな陰防アップ,相手全体の陰防が20%アップ (永続)
10056031,4,1,4,30.0,【相手側】みんな陽防アップ,相手全体の陽防が30%アップ (永続)
10056032,4,1,6,20.0,【相手側】みんな陰防アップ,相手全体の陰防が20%アップ (永続)
10056041,4,1,5,20.0,【相手側】みんな陰攻アップ,相手全体の陰攻が20%アップ (永続)
10056042,4,1,8,30.0,【相手側】みんな回避アップ,相手全体の回避率が30%アップ (永続)
10056051,2,4,5,-50.0,【味方側】攻撃式弱体,味方全体の攻撃式の総合つよさが50%ダウン (永続)
10056052,2,4,1,-50.0,【味方側】防御式弱体,味方全体の防御式の総合つよさが50%ダウン (永続)
10056061,2,4,2,-50.0,【味方側】支援式弱体,味方全体の支援式の総合つよさが50%ダウン (永続)
10056062,2,4,4,-50.0,【味方側】妨害式弱体,味方全体の妨害式の総合つよさが50%ダウン (永続)
10056071,2,4,3,-50.0,【味方側】回復式弱体,味方全体の回復式の総合つよさが50%ダウン (永続)
10056072,2,4,6,-50.0,【味方側】技巧式弱体,味方全体の技巧式の総合つよさが50%ダウン (永続)
10056081,2,4,7,-50.0,【味方側】速攻式弱体,味方全体の速攻式の総合つよさが50%ダウン (永続)
10056082,2,4,8,-50.0,【味方側】破壊式弱体,味方全体の破壊式の総合つよさが50%ダウン (永続)
10056091,2,3,0,-2.0,【味方側】結界最大数減少,味方全体の結界の最大保有枚数が2枚減少 (永続)
10056092,4,2,0,-30.0,【相手側】種族特攻の被ダメージ倍率軽減,相手全体に対する種族特攻による被ダメージ倍率を30%ダウン (永続)
10056101,2,13,0,-30.0,【味方側】霊力アップ効果ダウン,味方全体の絵札/スキル/スペルカード効果/チェンジ連携/特性による霊力アップの効果量が30%ダウン (永続)
10056102,2,12,0,-50.0,【味方側】霊力回収効率ダウン,味方全体の霊力回収効率が50%ダウン (永続)
10057011,4,1,1,15.0,【相手側】みんな最大体力アップ,相手全体の最大体力が15%アップ (永続)
10057012,4,1,4,20.0,【相手側】みんな陽防アップ,相手全体の陽防が20%アップ (永続)
10057021,4,1,1,15.0,【相手側】みんな最大体力アップ,相手全体の最大体力が15%アップ (永続)
10057022,4,1,6,30.0,【相手側】みんな陰防アップ,相手全体の陰防が30%アップ (永続)
10057031,4,1,4,20.0,【相手側】みんな陽防アップ,相手全体の陽防が20%アップ (永続)
10057032,4,1,6,30.0,【相手側】みんな陰防アップ,相手全体の陰防が30%アップ (永続)
10057041,4,1,3,20.0,【相手側】みんな陽攻アップ,相手全体の陽攻が20%アップ (永続)
10057042,4,1,7,40.0,【相手側】みんな命中アップ,相手全体の命中率が40%アップ (永続)
10057051,2,4,5,-40.0,【味方側】攻撃式弱体,味方全体の攻撃式の総合つよさが40%ダウン (永続)
10057052,2,4,1,-40.0,【味方側】防御式弱体,味方全体の防御式の総合つよさが40%ダウン (永続)
10057061,2,4,2,-40.0,【味方側】支援式弱体,味方全体の支援式の総合つよさが40%ダウン (永続)
10057062,2,4,4,-40.0,【味方側】妨害式弱体,味方全体の妨害式の総合つよさが40%ダウン (永続)
10057071,2,4,3,-40.0,【味方側】回復式弱体,味方全体の回復式の総合つよさが40%ダウン (永続)
10057072,2,4,6,-40.0,【味方側】技巧式弱体,味方全体の技巧式の総合つよさが40%ダウン (永続)
10057081,2,4,7,-40.0,【味方側】速攻式弱体,味方全体の速攻式の総合つよさが40%ダウン (永続)
10057082,2,4,8,-40.0,【味方側】破壊式弱体,味方全体の破壊式の総合つよさが40%ダウン (永続)
10057091,2,3,0,-2.0,【味方側】結界最大数減少,味方全体の結界の最大保有枚数が2枚減少 (永続)
10057092,4,2,0,-40.0,【相手側】種族特攻の被ダメージ倍率軽減,相手全体に対する種族特攻による被ダメージ倍率を40%ダウン (永続)
10057101,2,13,0,-30.0,【味方側】霊力アップ効果ダウン,味方全体の絵札/スキル/スペルカード効果/チェンジ連携/特性による霊力アップの効果量が30%ダウン (永続)
10057102,2,12,0,-40.0,【味方側】霊力回収効率ダウン,味方全体の霊力回収効率が40%ダウン (永続)
