sheet,character_id,name,yang_atk,yang_def,yin_atk,yin_def,speed,barrier_count,weak_text,resist_text,skill_rate,skill_text,skill_effects,boost_text,boost_effects
周擂台1,1001,博丽灵梦(1001),9240,4998,7140,9240,5040,7,月木金,水星,50.0,己方全体阴防上升5等级 (1回合),"[[1, 4, 2, 1, 5, 50]]",己方全体阳防上升2等级 (1回合),"[[1, 2, 2, 1, 2]]"
周擂台1,1002,雾雨魔理沙(1002),9240,4998,7140,9240,5040,7,日水土,木金,100.0,对敌方全体附加2枚结界异常「燃烧」 (1回合),"[[6, 1, 4, 1, 2, 100]]",无,[]
周擂台1,1003,蕾米莉亚·斯卡雷特(1003),9240,4998,7140,9240,5565,7,日火金,土星,50.0,己方全体阴攻上升5等级 (1回合),"[[1, 3, 2, 1, 5, 50]]",无,[]
周擂台1,1004,芙兰朵露·斯卡雷特(1004),9240,10290,7140,20328,5565,4,日水木,金星,100.0,对敌方全体附加2枚结界异常「毒雾」 (1回合),"[[6, 4, 4, 1, 2, 100]]",无,[]
周擂台1,1005,十六夜咲夜(1005),9240,4998,7140,9240,5565,7,火水星,日土,100.0,己方全体受到来自通常弹的伤害下降65% (1回合),"[[12, 1, 2, 1, 65, 100]]",无,[]
周擂台1,1006,帕秋莉·诺蕾姬(1006),9240,10290,7140,20328,5565,4,日土星,火木,100.0,己方全体受到来自镭射弹的伤害下降65% (1回合),"[[12, 2, 2, 1, 65, 100]]",无,[]
周擂台1,1007,红美铃(1007),9240,4998,7140,9240,5040,7,日木金,月水,50.0,己方全体会心命中上升5等级 (1回合),"[[1, 6, 2, 1, 5, 50], [1, 9, 2, 1, 5, 50]]",己方全体阳防上升2等级 (1回合),"[[1, 2, 2, 1, 2]]"
周擂台1,1008,小恶魔(1008),9240,4998,7140,9240,5565,7,日火水,月星,100.0,对敌方全体附加2枚结界异常「感电」 (1回合),"[[6, 3, 4, 1, 2, 100]]",无,[]
周擂台1,1009,八云紫(1009),9240,4998,7140,9240,3885,7,月木土,火星,30.0,己方全体结界回复2枚,"[[4, 0, 2, 1, 2, 30]]",己方全体阳防上升2等级 (1回合),"[[1, 2, 2, 1, 2]]"
周擂台1,1010,西行寺幽幽子(1010),9240,10290,7140,20328,3885,4,水土星,火金,100.0,对敌方全体附加2枚结界异常「冻结」 (1回合),"[[6, 2, 4, 1, 2, 100]]",无,[]
周擂台1,1011,魂魄妖梦(1011),9240,4998,7140,9240,3885,7,日火水,木土,50.0,对敌方全体附加2枚结界异常「毒雾」 (2回合),"[[6, 4, 4, 2, 2, 50]]",自身阴攻上升2等级 (1回合),"[[1, 3, 1, 1, 2]]"
周擂台1,1012,莉莉怀特(1012),9240,4998,7140,9240,3885,7,月木金,水星,100.0,己方全体受到来自体术弹的伤害下降65% (1回合),"[[12, 3, 2, 1, 65, 100]]",无,[]
周擂台1,1013,八云蓝(1013),9240,10290,7140,20328,3885,4,火水星,日土,100.0,己方全体受到来自斩击弹的伤害下降65% (1回合),"[[12, 4, 2, 1, 65, 100]]",无,[]
周擂台1,1014,橙(1014),9240,4998,7140,9240,3885,7,日火水,月木,100.0,对敌方全体附加2枚结界异常「黑暗」 (1回合),"[[6, 5, 4, 1, 2, 100]]",无,[]
周擂台1,1015,铃仙·优昙华院·因幡(1015),9240,4998,7140,9240,5040,7,木金星,火水,50.0,己方全体结界异常回复2枚,"[[13, 7, 2, 1, 50, 100]]",无,[]
周擂台1,1016,绵月丰姬(1016),9240,10290,7140,20328,5565,4,火木星,日土,100.0,对敌方全体附加2枚结界异常「燃烧」 (1回合),"[[6, 1, 4, 1, 2, 100]]",无,[]
周擂台1,1017,绵月依姬(1017),9240,4998,7140,9240,5565,7,金土星,火水,50.0,敌方全体阴防下降5等级 (1回合),"[[2, 4, 4, 1, 5, 50]]",无,[]
周擂台1,1018,八意永琳(1018),9240,4998,7140,9240,5040,7,火水星,日木,100.0,己方全体受到来自动能弹的伤害下降65% (1回合),"[[12, 5, 2, 1, 65, 100]]",无,[]
周擂台1,1019,蓬莱山辉夜(1019),9240,4998,7140,9240,5040,7,火土星,木金,50.0,敌方全体阴攻下降5等级 (1回合),"[[2, 3, 4, 1, 5, 50]]",自身阴攻上升2等级 (1回合),"[[1, 3, 1, 1, 2]]"
周擂台1,1020,藤原妹红(1020),9240,10290,7140,20328,3885,4,月水土,木星,100.0,己方全体受到来自流体弹的伤害下降65% (1回合),"[[12, 6, 2, 1, 65, 100]]",无,[]
周擂台1,1021,清兰(1021),9240,4998,7140,9240,5565,7,火金星,日水,100.0,对敌方全体附加2枚结界异常「毒雾」 (1回合),"[[6, 4, 4, 1, 2, 100]]",无,[]
周擂台1,1022,铃瑚(1022),9240,10290,7140,20328,3885,4,木金星,水土,100.0,对敌方全体附加2枚结界异常「感电」 (1回合),"[[6, 3, 4, 1, 2, 100]]",无,[]
周擂台1,1023,铃仙(1023),9240,4998,7140,9240,5565,7,金土星,日火,50.0,敌方全体会心命中下降5等级 (1回合),"[[2, 6, 4, 1, 5, 50], [2, 9, 4, 1, 5, 50]]",己方全体速度上升2等级 (1回合),"[[1, 5, 2, 1, 2]]"
周擂台1,1024,圣白莲(1024),9240,4998,7140,9240,5040,7,月火水,木星,100.0,己方全体受到来自能量弹的伤害下降65% (1回合),"[[12, 7, 2, 1, 65, 100]]",无,[]
周擂台1,1025,茨木华扇(1025),9240,4998,7140,9240,3885,7,月火水,土星,100.0,己方全体受到来自月属性的伤害下降50% (1回合),"[[13, 2, 2, 1, 50, 100]]",自身命中上升2等级 (1回合),"[[1, 6, 1, 1, 2]]"
周擂台1,1026,本居小铃(1026),9240,10290,7140,20328,5565,4,日木金,月水,100.0,己方全体受到来自御符弹的伤害下降65% (1回合),"[[12, 8, 2, 1, 65, 100]]",无,[]
周擂台1,1029,稗田阿求(1029),9240,4998,7140,9240,3885,7,火金星,日水,100.0,己方全体受到来自土属性的伤害下降50% (1回合),"[[13, 7, 2, 1, 50, 100]]",己方全体阴攻上升2等级 (1回合),"[[1, 3, 2, 1, 2]]"
周擂台1,1030,琪露诺(1030),9240,4998,7140,9240,5040,7,日水土,火金,100.0,对敌方全体附加2枚结界异常「冻结」 (1回合),"[[6, 2, 4, 1, 2, 100]]",无,[]
周擂台1,1031,大妖精(1031),9240,4998,7140,9240,5040,7,木金星,日水,30.0,己方全体体力回复15%,[],己方全体阳攻上升2等级 (1回合),"[[1, 1, 2, 1, 2]]"
周擂台1,1032,爱丽丝·玛格特罗伊德(1032),9240,10290,7140,20328,5565,4,火金星,日水,100.0,对敌方全体附加2枚结界异常「黑暗」 (1回合),"[[6, 5, 4, 1, 2, 100]]",无,[]
周擂台1,1033,桑妮·米尔克,9240,4998,7140,9240,3885,7,月水土,木星,100.0,己方全体受到来自光弹的伤害下降65% (1回合),"[[12, 9, 2, 1, 65, 100]]",无,[]
周擂台1,1034,露娜切露德(1034),9240,10290,7140,20328,5565,4,水土星,日金,100.0,己方全体受到来自尖弹的伤害下降65% (1回合),"[[12, 10, 2, 1, 65, 100]]",无,[]
周擂台1,1035,斯塔萨菲雅(1035),9240,4998,7140,9240,5040,7,日木金,月水,50.0,己方全体阳防上升5等级 (1回合),"[[1, 2, 2, 1, 5, 50]]",自身阳攻上升2等级 (1回合),"[[1, 1, 1, 1, 2]]"
周擂台1,1036,梅蒂欣·梅兰可莉(1036),9240,4998,7140,9240,5565,7,月金土,木星,100.0,对敌方全体附加2枚结界异常「燃烧」 (1回合),"[[6, 1, 4, 1, 2, 100]]",无,[]
周擂台1,1037,东风谷早苗(1037),9240,4998,7140,9240,5040,7,日火金,水木,50.0,己方全体阳攻上升5等级 (1回合),"[[1, 1, 2, 1, 5, 50]]",无,[]
周擂台1,1038,八坂神奈子(1038),9240,10290,7140,20328,3885,4,月火水,土星,100.0,对敌方全体附加2枚结界异常「毒雾」 (1回合),"[[6, 4, 4, 1, 2, 100]]",无,[]
周擂台1,1039,泄矢诹访子,9240,4998,7140,9240,5565,7,水木星,火金,50.0,己方全体会心攻击上升5等级 (1回合),"[[1, 8, 2, 1, 5, 50]]",自身阴攻上升2等级 (1回合),"[[1, 3, 1, 1, 2]]"
周擂台1,1040,河城荷取(1040),9240,4998,7140,9240,5040,7,木土星,日金,100.0,己方全体受到来自追踪弹的伤害下降65% (1回合),"[[12, 11, 2, 1, 65, 100]]",无,[]
周擂台1,1042,因幡帝(1042),9240,4998,7140,9240,3885,7,日金土,月火,30.0,己方全体结界回复2枚,"[[4, 0, 2, 1, 2, 30]]",无,[]
周擂台1,1043,宇佐见堇子(1043),9240,10290,7140,20328,3885,4,日火水,月木,100.0,己方全体受到来自通常弹的伤害下降65% (1回合),"[[12, 1, 2, 1, 65, 100]]",无,[]
周擂台1,1044,射命丸文(1044),9240,4998,7140,9240,3885,7,金土星,日木,50.0,对敌方全体附加2枚结界异常「冻结」 (2回合),"[[6, 2, 4, 2, 2, 50]]",己方全体回避上升2等级 (1回合),"[[1, 7, 2, 1, 2]]"
周擂台1,1045,姬海棠果(1045),9240,4998,7140,9240,5565,7,日火金,水木,100.0,对敌方全体附加2枚结界异常「感电」 (1回合),"[[6, 3, 4, 1, 2, 100]]",无,[]
周擂台1,1046,犬走椛(1046),9240,4998,7140,9240,5040,7,月木金,水星,50.0,己方全体结界异常回复2枚,[],自身仇恨值上升2等级 (1回合),[]
周擂台1,1047,坂田合欢(1047),9240,10290,7140,20328,5565,4,日水土,月木,100.0,对敌方全体附加2枚结界异常「冻结」 (1回合),"[[6, 2, 4, 1, 2, 100]]",无,[]
周擂台1,1048,伊吹萃香(1048),9240,4998,7140,9240,5565,7,月火星,日土,50.0,敌方全体阳防下降5等级 (1回合),"[[2, 2, 4, 1, 5, 50]]",无,[]
周擂台1,1049,星熊勇仪(1049),9240,4998,7140,9240,5565,7,日火木,月土,100.0,己方全体受到来自镭射弹的伤害下降65% (1回合),"[[12, 2, 2, 1, 65, 100]]",无,[]
周擂台1,1050,古明地觉(1050),9240,4998,7140,9240,3885,7,日火金,月土,50.0,敌方全体阳攻下降5等级 (1回合),"[[2, 1, 4, 1, 5, 50]]",无,[]
周擂台1,1051,古明地恋(1051),9240,10290,7140,20328,5040,4,日水木,月火,100.0,己方全体受到来自体术弹的伤害下降65% (1回合),"[[12, 3, 2, 1, 65, 100]]",无,[]
周擂台1,1054,小野塚小町(1054),9240,4998,7140,9240,5565,7,日木土,月金,50.0,敌方全体会心回避下降5等级 (1回合),"[[2, 7, 4, 1, 5, 50]]",自身命中上升2等级 (1回合),"[[1, 6, 1, 1, 2]]"
周擂台1,1056,赫卡提亚·拉碧斯拉祖利(1056),9240,4998,7140,9240,5565,7,日月木,金土,100.0,对敌方全体附加2枚结界异常「黑暗」 (1回合),"[[6, 5, 4, 1, 2, 100]]",无,[]
周擂台1,1057,纯狐(1057),9240,10290,7140,20328,3885,4,月水金,火木,100.0,对敌方全体附加2枚结界异常「燃烧」 (1回合),"[[6, 1, 4, 1, 2, 100]]",无,[]
周擂台1,1058,克劳恩皮丝(1058),9240,4998,7140,9240,5565,7,日火水,月木,100.0,己方全体受到来自斩击弹的伤害下降65% (1回合),"[[12, 4, 2, 1, 65, 100]]",无,[]
周擂台1,1059,秋静叶(1059),9240,4998,7140,9240,5565,7,月火星,日土,100.0,己方全体受到来自火属性的伤害下降50% (1回合),"[[13, 3, 2, 1, 50, 100]]",无,[]
周擂台1,1060,秋穰子(1060),9240,10290,7140,20328,5565,4,日火水,木土,100.0,己方全体受到来自动能弹的伤害下降65% (1回合),"[[12, 5, 2, 1, 65, 100]]",无,[]
周擂台1,1061,键山雏(1061),9240,4998,7140,9240,5565,7,月水星,木土,100.0,己方全体受到来自金属性的伤害下降50% (1回合),"[[13, 6, 2, 1, 50, 100]]",无,[]
周擂台1,1062,露娜萨·普莉兹姆利巴(1062),9240,4998,7140,9240,5040,7,月金星,日土,100.0,对敌方全体附加2枚结界异常「毒雾」 (1回合),"[[6, 4, 4, 1, 2, 100]]",无,[]
周擂台1,1063,梅露兰·普莉兹姆利巴(1063),9240,4998,7140,9240,3885,7,月火水,土星,30.0,己方全体体力回复15%,[],无,[]
周擂台1,1064,莉莉卡·普莉兹姆利巴(1064),9240,10290,7140,20328,5040,4,日木土,月火,100.0,对敌方全体附加2枚结界异常「感电」 (1回合),"[[6, 3, 4, 1, 2, 100]]",无,[]
周擂台1,1065,依神女苑(1065),9240,4998,7140,9240,3885,7,日水金,月木,50.0,己方全体阴防上升5等级 (1回合),"[[1, 4, 2, 1, 5, 50]]",自身回避上升2等级 (1回合),"[[1, 7, 1, 1, 2]]"
周擂台1,1066,依神紫苑(1066),9240,4998,7140,9240,5565,7,火金星,日水,100.0,己方全体受到来自流体弹的伤害下降65% (1回合),"[[12, 6, 2, 1, 65, 100]]",无,[]
周擂台1,1067,九十九弁弁(1067),9240,4998,7140,9240,5565,7,月金星,日土,50.0,己方全体阴攻上升5等级 (1回合),"[[1, 3, 2, 1, 5, 50]]",无,[]
周擂台1,1068,九十九八桥(1068),9240,10290,7140,20328,3885,4,日火金,月水,100.0,己方全体受到来自能量弹的伤害下降65% (1回合),"[[12, 7, 2, 1, 65, 100]]",无,[]
周擂台1,1069,摩多罗隐岐奈(1069),9240,4998,7140,9240,3885,7,日木土,月火,50.0,己方全体会心防御上升5等级 (1回合),[],无,[]
周擂台1,1072,上白泽慧音(1072),9240,4998,7140,9240,3885,7,月水木,火金,100.0,对敌方全体附加2枚结界异常「冻结」 (1回合),"[[6, 2, 4, 1, 2, 100]]",无,[]
周擂台1,1073,露米娅(1073),9240,4998,7140,9240,5565,7,月土星,日金,30.0,己方全体结界回复2枚,"[[4, 0, 2, 1, 2, 30]]",无,[]
周擂台1,1074,寅丸星(1074),9240,10290,7140,20328,3885,4,月火木,土星,100.0,对敌方全体附加2枚结界异常「黑暗」 (1回合),"[[6, 5, 4, 1, 2, 100]]",无,[]
周擂台1,1075,村纱水蜜(1075),9240,4998,7140,9240,3885,7,月火土,金星,50.0,对敌方全体附加2枚结界异常「感电」 (2回合),"[[6, 3, 4, 2, 2, 50]]",无,[]
周擂台1,1076,多多良小伞(1076),9240,4998,7140,9240,5565,7,月木土,金星,100.0,己方全体受到来自御符弹的伤害下降65% (1回合),"[[12, 8, 2, 1, 65, 100]]",无,[]
周擂台1,1080,哆来咪·苏伊特(1080),9240,4998,7140,9240,5565,7,日木土,月火,50.0,敌方全体阴防下降5等级 (1回合),"[[2, 4, 4, 1, 5, 50]]",自身阴攻上升2等级 (1回合),"[[1, 3, 1, 1, 2]]"
周擂台1,1081,稀神探女(1081),9240,10290,7140,20328,5040,4,月木星,火金,100.0,己方全体受到来自光弹的伤害下降65% (1回合),"[[12, 9, 2, 1, 65, 100]]",无,[]
周擂台1,1082,二岩猯藏(1082),9240,4998,7140,9240,5565,7,月木星,火土,50.0,敌方全体阴攻下降5等级 (1回合),"[[2, 3, 4, 1, 5, 50]]",己方全体回避上升2等级 (1回合),"[[1, 7, 2, 1, 2]]"
周擂台1,1083,高丽野阿吽(1083),9240,4998,7140,9240,3885,7,月木金,火土,100.0,对敌方全体附加2枚结界异常「燃烧」 (1回合),"[[6, 1, 4, 1, 2, 100]]",无,[]
周擂台1,1084,风见幽香(1084),9240,10290,7140,20328,3885,4,日火金,月水,100.0,对敌方全体附加2枚结界异常「毒雾」 (1回合),"[[6, 4, 4, 1, 2, 100]]",无,[]
周擂台1,1085,霍青娥(1085),9240,4998,7140,9240,5565,7,月土星,日金,100.0,己方全体受到来自尖弹的伤害下降65% (1回合),"[[12, 10, 2, 1, 65, 100]]",无,[]
周擂台1,1086,宫古芳香(1086),9240,4998,7140,9240,5565,7,日水土,月金,100.0,敌方全体会心攻击下降5等级 (1回合),"[[2, 8, 4, 1, 5, 100]]",无,[]
周擂台1,1087,秦心(1087),9240,10290,7140,20328,5565,4,日水木,月火,100.0,己方全体受到来自追踪弹的伤害下降65% (1回合),"[[12, 11, 2, 1, 65, 100]]",无,[]
周擂台1,1088,蕾蒂·霍瓦特洛克(1088),9240,4998,7140,9240,5565,7,月水土,金星,100.0,己方全体受到来自水属性的伤害下降50% (1回合),"[[13, 4, 2, 1, 50, 100]]",无,[]
周擂台1,1089,比那名居天子(1089),9240,4998,7140,9240,3885,7,火木土,日金,100.0,对敌方全体附加2枚结界异常「感电」 (1回合),"[[6, 3, 4, 1, 2, 100]]",无,[]
周擂台1,1091,丰聪耳神子(1091),9240,4998,7140,9240,3885,7,月水土,金星,100.0,己方全体受到来自木属性的伤害下降50% (1回合),"[[13, 5, 2, 1, 50, 100]]",自身命中上升2等级 (1回合),"[[1, 6, 1, 1, 2]]"
周擂台1,2002,雾雨魔理沙(2002),9240,4998,7140,9240,5565,7,火木土,月星,30.0,己方全体体力回复15%,[],无,[]
周擂台1,2010,西行寺幽幽子(2010),9240,10290,7140,20328,5565,4,月金土,火水,100.0,对敌方全体附加2枚结界异常「冻结」 (1回合),"[[6, 2, 4, 1, 2, 100]]",无,[]
周擂台1,2011,魂魄妖梦(2011),9240,4998,7140,9240,5040,7,日土星,火木,100.0,己方全体受到来自通常弹的伤害下降65% (1回合),"[[12, 1, 2, 1, 65, 100]]",无,[]
周擂台1,1052,火焰猫燐(1052),9240,4998,7140,9240,5040,7,月木金,水星,100.0,对敌方全体附加2枚结界异常「燃烧」 (1回合),"[[6, 1, 4, 1, 2, 100]]",无,[]
周擂台1,1053,灵乌路空(1053),9240,10290,7140,20328,5565,4,水金星,日木,100.0,对敌方全体附加2枚结界异常「毒雾」 (1回合),"[[6, 4, 4, 1, 2, 100]]",无,[]
周擂台1,1055,四季映姬·夜摩仙那度(1055),9240,4998,7140,9240,5565,7,月木土,水金,100.0,己方全体受到来自通常弹的伤害下降65% (1回合),"[[12, 1, 2, 1, 65, 100]]",无,[]
周擂台1,1070,尔子田里乃(1070),9240,10290,7140,20328,5565,4,日金星,火水,100.0,己方全体受到来自镭射弹的伤害下降65% (1回合),"[[12, 2, 2, 1, 65, 100]]",无,[]
周擂台1,1071,丁礼田舞(1071),9240,4998,7140,9240,5040,7,火水木,金星,50.0,己方全体阴防上升5等级 (1回合),"[[1, 4, 2, 1, 5, 50]]",己方全体阳防上升2等级 (1回合),"[[1, 2, 2, 1, 2]]"
周擂台1,1077,若鹭姬(1077),9240,4998,7140,9240,5040,7,月土星,日木,100.0,对敌方全体附加2枚结界异常「冻结」 (1回合),"[[6, 2, 4, 1, 2, 100]]",无,[]
周擂台1,1078,今泉影狼(1078),9240,10290,7140,20328,5565,4,日火水,金土,100.0,对敌方全体附加2枚结界异常「黑暗」 (1回合),"[[6, 5, 4, 1, 2, 100]]",无,[]
周擂台1,1079,赤蛮奇(1079),9240,4998,7140,9240,5565,7,木金土,水星,100.0,己方全体受到来自体术弹的伤害下降65% (1回合),"[[12, 3, 2, 1, 65, 100]]",无,[]
周擂台1,1090,永江衣玖(1090),9240,10290,7140,20328,5565,4,日月星,木金,100.0,己方全体受到来自斩击弹的伤害下降65% (1回合),"[[12, 4, 2, 1, 65, 100]]",无,[]
周擂台1,1092,物部布都(1092),9240,4998,7140,9240,5040,7,火木土,月星,50.0,己方全体阴攻上升5等级 (1回合),"[[1, 3, 2, 1, 5, 50]]",无,[]
周擂台1,1093,苏我屠自古(1093),9240,4998,7140,9240,5040,7,水金星,日火,100.0,对敌方全体附加2枚结界异常「燃烧」 (1回合),"[[6, 1, 4, 1, 2, 100]]",无,[]
周擂台1,1094,鬼人正邪(1094),9240,10290,7140,20328,5565,4,月火木,水土,100.0,对敌方全体附加2枚结界异常「毒雾」 (1回合),"[[6, 4, 4, 1, 2, 100]]",无,[]
周擂台1,1095,少名针妙丸(1095),9240,4998,7140,9240,5565,7,水金土,月木,100.0,己方全体受到来自动能弹的伤害下降65% (1回合),"[[12, 5, 2, 1, 65, 100]]",无,[]
周擂台1,1096,幽谷响子(1096),9240,10290,7140,20328,5565,4,日月星,火土,100.0,己方全体受到来自流体弹的伤害下降65% (1回合),"[[12, 6, 2, 1, 65, 100]]",无,[]
周擂台1,1097,米斯蒂娅·萝蕾拉(1097),9240,4998,7140,9240,5040,7,水木土,日金,50.0,己方全体会心命中上升5等级 (1回合),"[[1, 6, 2, 1, 5, 50], [1, 9, 2, 1, 5, 50]]",无,[]
周擂台1,1098,莉格露·奈特巴格(1098),9240,4998,7140,9240,5040,7,火金星,月水,100.0,对敌方全体附加2枚结界异常「冻结」 (1回合),"[[6, 2, 4, 1, 2, 100]]",无,[]
周擂台1,1099,水桥帕露西(1099),9240,10290,7140,20328,5565,4,日月水,火木,100.0,对敌方全体附加2枚结界异常「黑暗」 (1回合),"[[6, 5, 4, 1, 2, 100]]",无,[]
周擂台1,1100,黑谷山女(1100),9240,4998,7140,9240,5565,7,木金星,水土,100.0,己方全体受到来自能量弹的伤害下降65% (1回合),"[[12, 7, 2, 1, 65, 100]]",无,[]
周擂台1,1101,琪斯美(1101),9240,10290,7140,20328,5565,4,月火土,日金,100.0,己方全体受到来自御符弹的伤害下降65% (1回合),"[[12, 8, 2, 1, 65, 100]]",无,[]
周擂台1,1102,娜兹玲(1102),9240,4998,7140,9240,5040,7,日水木,月星,30.0,己方全体结界回复2枚,"[[4, 0, 2, 1, 2, 30]]",己方全体阳防上升2等级 (1回合),"[[1, 2, 2, 1, 2]]"
周擂台1,1103,云居一轮(1103),9240,4998,7140,9240,5040,7,火金土,木星,100.0,对敌方全体附加2枚结界异常「燃烧」 (1回合),"[[6, 1, 4, 1, 2, 100]]",无,[]
周擂台1,1104,封兽鵺(1104),9240,10290,7140,20328,5565,4,日月星,火水,100.0,对敌方全体附加2枚结界异常「毒雾」 (1回合),"[[6, 4, 4, 1, 2, 100]]",无,[]
周擂台1,1105,堀川雷鼓(1105),9240,4998,7140,9240,5565,7,火木金,日土,100.0,己方全体受到来自光弹的伤害下降65% (1回合),"[[12, 9, 2, 1, 65, 100]]",无,[]
周擂台1,1106,矢田寺成美(1106),9240,10290,7140,20328,5565,4,月水土,金星,100.0,己方全体受到来自尖弹的伤害下降65% (1回合),"[[12, 10, 2, 1, 65, 100]]",无,[]
周擂台1,1107,爱塔妮缇拉尔瓦(1107),9240,4998,7140,9240,5040,7,日土星,月水,50.0,己方全体结界异常回复2枚,[],己方全体阴攻上升2等级 (1回合),"[[1, 3, 2, 1, 2]]"
周擂台1,1108,埴安神袿姬(1108),9240,4998,7140,9240,5040,7,火木金,日土,100.0,对敌方全体附加2枚结界异常「冻结」 (1回合),"[[6, 2, 4, 1, 2, 100]]",无,[]
周擂台1,1109,杖刀偶磨弓(1109),9240,10290,7140,20328,5565,4,日水星,火金,100.0,对敌方全体附加2枚结界异常「黑暗」 (1回合),"[[6, 5, 4, 1, 2, 100]]",无,[]
周擂台1,1110,骊驹早鬼(1110),9240,4998,7140,9240,5565,7,月水木,日星,100.0,己方全体受到来自追踪弹的伤害下降65% (1回合),"[[12, 11, 2, 1, 65, 100]]",无,[]
周擂台1,1111,吉吊八千慧(1111),9240,10290,7140,20328,5565,4,金土星,火木,100.0,己方全体受到来自通常弹的伤害下降65% (1回合),"[[12, 1, 2, 1, 65, 100]]",无,[]
周擂台1,1112,庭渡久侘歌(1112),9240,4998,7140,9240,5040,7,日月火,水土,50.0,敌方全体阴防下降5等级 (1回合),"[[2, 4, 4, 1, 5, 50]]",无,[]
周擂台1,1113,牛崎润美(1113),9240,4998,7140,9240,5040,7,月水金,木星,100.0,对敌方全体附加2枚结界异常「燃烧」 (1回合),"[[6, 1, 4, 1, 2, 100]]",无,[]
周擂台1,1114,戎璎花(1114),9240,10290,7140,20328,5565,4,火木土,月金,100.0,对敌方全体附加2枚结界异常「毒雾」 (1回合),"[[6, 4, 4, 1, 2, 100]]",无,[]
周擂台1,1118,山城高岭(1118),9240,10290,7140,20328,5565,4,月火木,日金,100.0,己方全体受到来自体术弹的伤害下降65% (1回合),"[[12, 3, 2, 1, 65, 100]]",无,[]
周擂台1,1120,玉造魅须丸(1120),9240,4998,7140,9240,5040,7,木土星,火金,100.0,对敌方全体附加2枚结界异常「冻结」 (1回合),"[[6, 2, 4, 1, 2, 100]]",无,[]
周擂台1,1122,饭纲丸龙(1122),9240,10290,7140,20328,5565,4,日火水,木星,100.0,对敌方全体附加2枚结界异常「黑暗」 (1回合),"[[6, 5, 4, 1, 2, 100]]",无,[]
周擂台1,2003,蕾米莉亚·斯卡雷特(2003),9240,10290,7140,20328,5565,4,木土星,月水,100.0,己方全体受到来自动能弹的伤害下降65% (1回合),"[[12, 5, 2, 1, 65, 100]]",无,[]
周擂台1,2005,十六夜咲夜(2005),9240,4998,7140,9240,5040,7,月火星,木金,50.0,敌方全体会心命中下降5等级 (1回合),"[[2, 6, 4, 1, 5, 50], [2, 9, 4, 1, 5, 50]]",己方全体会心攻击上升2等级 (1回合),"[[1, 8, 2, 1, 2]]"
周擂台1,2006,帕秋莉·诺蕾姬(2006),9240,4998,7140,9240,5040,7,日水金,月星,100.0,对敌方全体附加2枚结界异常「燃烧」 (1回合),"[[6, 1, 4, 1, 2, 100]]",无,[]
周擂台1,2007,红美铃(2007),9240,10290,7140,20328,5565,4,火木土,日水,100.0,对敌方全体附加2枚结界异常「毒雾」 (1回合),"[[6, 4, 4, 1, 2, 100]]",无,[]
周擂台1,2013,八云蓝(2013),9240,10290,7140,20328,5565,4,日火水,月星,100.0,己方全体受到来自能量弹的伤害下降65% (1回合),"[[12, 7, 2, 1, 65, 100]]",无,[]
周擂台1,2015,铃仙·优昙华院·因幡(2015),9240,4998,7140,9240,5040,7,月木土,火金,50.0,己方全体阳防上升5等级 (1回合),"[[1, 2, 2, 1, 5, 50]]",己方全体阴防上升2等级 (1回合),"[[1, 4, 2, 1, 2]]"
周擂台1,2016,绵月丰姬(2016),9240,4998,7140,9240,5040,7,日金星,水土,100.0,对敌方全体附加2枚结界异常「冻结」 (1回合),"[[6, 2, 4, 1, 2, 100]]",无,[]
周擂台1,2017,绵月依姬(2017),9240,10290,7140,20328,5565,4,月水土,日火,100.0,对敌方全体附加2枚结界异常「黑暗」 (1回合),"[[6, 5, 4, 1, 2, 100]]",无,[]
周擂台1,2019,蓬莱山辉夜(2019),9240,4998,7140,9240,5565,7,火木金,土星,100.0,己方全体受到来自御符弹的伤害下降65% (1回合),"[[12, 8, 2, 1, 65, 100]]",无,[]
周擂台1,2024,圣白莲(2024),9240,10290,7140,20328,5565,4,日木星,月水,100.0,己方全体受到来自光弹的伤害下降65% (1回合),"[[12, 9, 2, 1, 65, 100]]",无,[]
周擂台1,2030,琪露诺(2030),9240,4998,7140,9240,5040,7,月火金,日木,50.0,己方全体阳攻上升5等级 (1回合),"[[1, 1, 2, 1, 5, 50]]",无,[]
周擂台1,2032,爱丽丝·玛格特罗伊德(2032),9240,4998,7140,9240,5040,7,水土星,火金,100.0,对敌方全体附加2枚结界异常「燃烧」 (1回合),"[[6, 1, 4, 1, 2, 100]]",无,[]
周擂台1,2038,八坂神奈子(2038),9240,10290,7140,20328,5565,4,日木金,月星,100.0,对敌方全体附加2枚结界异常「毒雾」 (1回合),"[[6, 4, 4, 1, 2, 100]]",无,[]
周擂台1,2039,洩矢诹访子(2039),9240,4998,7140,9240,5565,7,月火土,日木,100.0,己方全体受到来自尖弹的伤害下降65% (1回合),"[[12, 10, 2, 1, 65, 100]]",无,[]
周擂台1,2040,河城荷取(2040),9240,10290,7140,20328,5565,4,日水星,金土,100.0,己方全体受到来自追踪弹的伤害下降65% (1回合),"[[12, 11, 2, 1, 65, 100]]",无,[]
周擂台1,2044,射命丸文(2044),9240,4998,7140,9240,5040,7,火木土,水星,50.0,敌方全体会心回避下降5等级 (1回合),"[[2, 7, 4, 1, 5, 50]]",自身速度上升2等级 (1回合),"[[1, 5, 1, 1, 2]]"
周擂台1,2057,纯狐(2057),9240,4998,7140,9240,5040,7,月水金,火木,100.0,对敌方全体附加2枚结界异常「冻结」 (1回合),"[[6, 2, 4, 1, 2, 100]]",无,[]
周擂台1,2081,稀神探女(2081),9240,10290,7140,20328,5565,4,日火星,月土,100.0,对敌方全体附加2枚结界异常「黑暗」 (1回合),"[[6, 5, 4, 1, 2, 100]]",无,[]
周擂台1,2091,丰聪耳神子(2091),9240,4998,7140,9240,5565,7,月木土,日水,100.0,己方全体受到来自通常弹的伤害下降65% (1回合),"[[12, 1, 2, 1, 65, 100]]",无,[]
周擂台1,3001,博丽灵梦(3001),9240,10290,7140,20328,5565,4,日水金,木星,100.0,己方全体受到来自镭射弹的伤害下降65% (1回合),"[[12, 2, 2, 1, 65, 100]]",无,[]
周擂台1,3002,雾雨魔理沙(3002),9240,4998,7140,9240,5040,7,火木星,月金,30.0,己方全体结界回复2枚,"[[4, 0, 2, 1, 2, 30]]",己方全体会心防御上升2等级 (1回合),[]
周擂台1,3004,芙兰朵露·斯卡雷特(3004),9240,4998,7140,9240,5040,7,月水土,火木,100.0,对敌方全体附加2枚结界异常「燃烧」 (1回合),"[[6, 1, 4, 1, 2, 100]]",无,[]
周擂台1,3005,十六夜咲夜(3005),9240,10290,7140,20328,5565,4,日金星,水土,100.0,对敌方全体附加2枚结界异常「毒雾」 (1回合),"[[6, 4, 4, 1, 2, 100]]",无,[]
周擂台1,3009,八云紫(3009),9240,4998,7140,9240,5565,7,火木土,日星,100.0,己方全体受到来自体术弹的伤害下降65% (1回合),"[[12, 3, 2, 1, 65, 100]]",无,[]
周擂台1,3011,魂魄妖梦(3011),9240,10290,7140,20328,5565,4,月金星,火水,100.0,己方全体受到来自斩击弹的伤害下降65% (1回合),"[[12, 4, 2, 1, 65, 100]]",无,[]
周擂台1,3015,铃仙·优昙华院·因幡(3015),9240,4998,7140,9240,5040,7,日水土,木金,50.0,己方全体结界异常回复2枚,[],己方全体阴防上升2等级 (1回合),"[[1, 4, 2, 1, 2]]"
周擂台1,3018,八意永琳(3018),9240,4998,7140,9240,5040,7,火木星,月土,100.0,对敌方全体附加2枚结界异常「冻结」 (1回合),"[[6, 2, 4, 1, 2, 100]]",无,[]
周擂台1,3037,东风谷早苗(3037),9240,4998,7140,9240,5565,7,月水土,日金,100.0,己方全体受到来自动能弹的伤害下降65% (1回合),"[[12, 5, 2, 1, 65, 100]]",无,[]
周擂台1,3051,古明地恋(3051),9240,10290,7140,20328,5565,4,火木星,月金,100.0,己方全体受到来自流体弹的伤害下降65% (1回合),"[[12, 6, 2, 1, 65, 100]]",无,[]
周擂台1,4001,博丽灵梦(4001),9240,4998,7140,9240,5040,7,日水金,木星,50.0,敌方全体阳防下降5等级 (1回合),"[[2, 2, 4, 1, 5, 50]]",己方全体阳攻上升2等级 (1回合),"[[1, 1, 2, 1, 2]]"
周擂台1,4002,雾雨魔理沙(4002),9240,4998,7140,9240,5040,7,月木土,火水,100.0,对敌方全体附加2枚结界异常「毒雾」 (1回合),"[[6, 4, 4, 1, 2, 100]]",无,[]
周擂台1,4005,十六夜咲夜(4005),9240,10290,7140,20328,5565,4,日火水,土星,100.0,对敌方全体附加2枚结界异常「燃烧」 (1回合),"[[6, 1, 4, 1, 2, 100]]",无,[]
周擂台1,4011,魂魄妖梦(4011),9240,10290,7140,20328,5565,4,火木土,水金,100.0,己方全体受到来自御符弹的伤害下降65% (1回合),"[[12, 8, 2, 1, 65, 100]]",无,[]
周擂台1,4015,铃仙·优昙华院·因幡(4015),9240,4998,7140,9240,5040,7,日水星,月木,50.0,敌方全体阳攻下降5等级 (1回合),"[[2, 1, 4, 1, 5, 50]]",无,[]
周擂台1,4037,东风谷早苗(4037),9240,4998,7140,9240,5565,7,月火金,日土,100.0,己方全体受到来自光弹的伤害下降65% (1回合),"[[12, 9, 2, 1, 65, 100]]",无,[]
周擂台1,1123,天弓千亦(1123),9240,4998,7140,9240,5565,7,月金,日土,100.0,己方全体受到来自追踪弹的伤害下降65% (1回合),"[[12, 11, 2, 1, 65, 100]]",无,[]
周擂台1,1117,豪德寺三花(1117),9240,4998,7140,9240,5565,7,日金,火土,100.0,己方全体受到来自御符弹的伤害下降65% (1回合),"[[12, 8, 2, 1, 65, 100]]",无,[]
周擂台1,2008,小恶魔(2008),9240,4998,7140,9240,5565,7,水星,月木,100.0,己方全体受到来自尖弹的伤害下降65% (1回合),"[[12, 10, 2, 1, 65, 100]]",无,[]
周擂台1,1124,姬虫百百世(1124),9240,4998,7140,9240,5040,7,月星,日火,50.0,己方全体会心攻击上升5等级 (1回合),"[[1, 8, 2, 1, 5, 50]]",己方全体会心攻击上升2等级 (1回合),"[[1, 8, 2, 1, 2]]"
周擂台1,2033,桑尼米尔克(2033),9240,4998,7140,9240,5040,7,日金,月水,50.0,敌方全体会心回避下降5等级 (1回合),"[[2, 7, 4, 1, 5, 50]]",自身回避上升2等级 (1回合),"[[1, 7, 1, 1, 2]]"
周擂台1,2050,古明地觉(2050),9240,4998,7140,9240,5040,7,月水土,日火,100.0,对敌方全体附加2枚结界异常「毒雾」 (1回合),"[[6, 4, 4, 1, 2, 100]]",无,[]
周擂台1,3006,帕秋莉·诺蕾姬(3006),9240,10290,7140,20328,5565,4,日金,土星,100.0,对敌方全体附加2枚结界异常「冻结」 (1回合),"[[6, 2, 4, 1, 2, 100]]",无,[]
周擂台1,3050,古明地觉(3050),9240,10290,7140,20328,5565,4,金星,火土,100.0,己方全体受到来自斩击弹的伤害下降65% (1回合),"[[12, 4, 2, 1, 65, 100]]",无,[]
周擂台1,3010,西行寺幽幽子(3010),9240,10290,7140,20328,5565,4,月土,日火,100.0,对敌方全体附加2枚结界异常「感电」 (1回合),"[[6, 3, 4, 1, 2, 100]]",无,[]
周擂台1,1119,驹草山如(1119),9240,4998,7140,9240,5565,7,日水,月木,100.0,己方全体受到来自镭射弹的伤害下降65% (1回合),"[[12, 2, 2, 1, 65, 100]]",无,[]
周擂台1,1121,菅牧典(1121),9240,10290,7140,20328,5565,4,木星,金土,100.0,己方全体受到来自流体弹的伤害下降65% (1回合),"[[12, 6, 2, 1, 65, 100]]",无,[]
周擂台1,2042,因幡帝(2042),9240,10290,7140,20328,5565,4,火金,水星,100.0,己方全体受到来自能量弹的伤害下降65% (1回合),"[[12, 7, 2, 1, 65, 100]]",无,[]
周擂台1,2020,藤原妹红(2020),9240,4998,7140,9240,5565,7,月木,日火,100.0,己方全体受到来自镭射弹的伤害下降65% (1回合),"[[12, 2, 2, 1, 65, 100]]",无,[]
周擂台1,5052,火焰猫燐(5052),9240,4998,7140,9240,3885,7,金星,月水,50.0,己方全体会心防御上升5等级 (1回合),[],己方全体阴攻上升2等级 (1回合),"[[1, 3, 2, 1, 2]]"
周擂台1,5053,灵乌路空(5053),9240,4998,7140,9240,5040,7,日土,木星,100.0,对敌方全体附加2枚结界异常「黑暗」 (1回合),"[[6, 5, 4, 1, 2, 100]]",无,[]
周擂台1,2021,清兰(2021),9240,10290,7140,20328,5565,4,水金,木土,100.0,对敌方全体附加2枚结界异常「感电」 (1回合),"[[6, 3, 4, 1, 2, 100]]",无,[]
周擂台1,2022,铃瑚(2022),9240,4998,7140,9240,5565,7,土星,日火,100.0,己方全体受到来自流体弹的伤害下降65% (1回合),"[[12, 6, 2, 1, 65, 100]]",无,[]
周擂台1,2073,露米娅(2073),9240,4998,7140,9240,3885,7,日水,月金,50.0,敌方全体阳防下降5等级 (1回合),"[[2, 2, 4, 1, 5, 50]]",己方全体会心攻击上升2等级 (1回合),"[[1, 8, 2, 1, 2]]"
周擂台1,4004,芙兰朵露·斯卡雷特(4004),9240,4998,7140,9240,3885,7,月火,日星,100.0,己方全体受到来自土属性的伤害下降50% (1回合),"[[13, 7, 2, 1, 50, 100]]",己方全体阴攻上升2等级 (1回合),"[[1, 3, 2, 1, 2]]"
周擂台1,4003,蕾米莉亚·斯卡雷特(4003),9240,4998,7140,9240,3885,7,木土,水金,100.0,己方全体受到来自月属性的伤害下降50% (1回合),"[[13, 2, 2, 1, 50, 100]]",自身命中上升2等级 (1回合),"[[1, 6, 1, 1, 2]]"
周擂台1,3007,红美铃(3007),9240,4998,7140,9240,4725,7,日金,月水,100.0,对敌方全体附加2枚结界异常「燃烧」 (1回合),"[[6, 1, 4, 1, 2, 100]]",无,[]
周擂台1,3008,小恶魔(3008),9240,4998,7140,9240,4725,7,日木,月火,100.0,己方全体受到来自动能弹的伤害下降65% (1回合),"[[12, 5, 2, 1, 65, 100]]",无,[]
周擂台1,2031,大妖精(2031),9240,10290,7140,20328,3990,4,水土,木金星,100.0,己方全体受到来自通常弹的伤害下降65% (1回合),"[[12, 1, 2, 1, 65, 100]]",无,[]
周擂台1,5056,赫卡提亚·拉碧斯拉祖利(5056),9240,10290,7140,20328,3990,4,日月,土星,100.0,对敌方全体附加2枚结界异常「感电」 (1回合),"[[6, 3, 4, 1, 2, 100]]",无,[]
周擂台1,19032,爱丽丝·玛格特罗伊德(19032),9240,4998,7140,9240,5565,7,火星,水木,50.0,敌方全体阳防下降5等级 (1回合),"[[2, 2, 4, 1, 5, 50]]",无,[]
周擂台1,3084,风见幽香(3084),9240,10290,7140,20328,4200,4,金星,月水,100.0,己方全体受到来自斩击弹的伤害下降65% (1回合),"[[12, 4, 2, 1, 65, 100]]",无,[]
周擂台1,2080,哆来咪·苏伊特(2080),9240,4998,7140,9240,4725,7,日木,月火,100.0,对敌方全体附加2枚结界异常「黑暗」 (1回合),"[[6, 5, 4, 1, 2, 100]]",无,[]
周擂台1,2072,上白泽慧音(2072),9240,4998,7140,9240,5040,7,水土,火木金,100.0,己方全体受到来自御符弹的伤害下降65% (1回合),"[[12, 8, 2, 1, 65, 100]]",无,[]
周擂台1,2097,米斯蒂娅·萝蕾拉(2097),9240,10290,7140,20328,4200,4,火金,土星,100.0,对敌方全体附加2枚结界异常「感电」 (1回合),"[[6, 3, 4, 1, 2, 100]]",无,[]
周擂台1,2098,莉格露·奈特巴格(2098),9240,4998,7140,9240,4725,7,水木,日土,100.0,对敌方全体附加2枚结界异常「燃烧」 (1回合),"[[6, 1, 4, 1, 2, 100]]",无,[]
周擂台1,2055,四季映姬·夜摩仙那度(2055),9240,10290,7140,20328,5460,4,月火,日木,100.0,对敌方全体附加2枚结界异常「毒雾」 (1回合),"[[6, 4, 4, 1, 2, 100]]",无,[]
周擂台1,6112,庭渡久侘歌(6112),9240,4998,7140,9240,4200,7,日月,金星,50.0,敌方全体阴攻下降5等级 (1回合),"[[2, 3, 4, 1, 5, 50]]",己方全体阴攻上升2等级 (1回合),"[[1, 3, 2, 1, 2]]"
周擂台1,2054,小野塚小町(2054),9240,10290,7140,20328,4935,4,火水,金土,100.0,对敌方全体附加2枚结界异常「燃烧」 (1回合),"[[6, 1, 4, 1, 2, 100]]",无,[]
周擂台1,19009,八云紫(19009),9240,4998,7140,9240,4515,7,木金,月火,50.0,己方全体阳攻上升5等级 (1回合),"[[1, 1, 2, 1, 5, 50]]",自身速度上升2等级 (1回合),"[[1, 5, 1, 1, 2]]"
周擂台1,5001,博丽灵梦(5001),9240,4998,7140,9240,4725,7,月金,水星,100.0,己方全体受到来自御符弹的伤害下降65% (1回合),"[[12, 8, 2, 1, 65, 100]]",无,[]
周擂台1,6001,博丽灵梦(6001),9240,10290,7140,20328,4305,4,月金,水土,100.0,己方全体受到来自尖弹的伤害下降65% (1回合),"[[12, 10, 2, 1, 65, 100]]",无,[]
周擂台1,4032,爱丽丝·玛格特罗伊德(4032),9240,4998,7140,9240,5250,7,土星,日木,50.0,己方全体会心攻击上升5等级 (1回合),"[[1, 8, 2, 1, 5, 50]]",己方全体阳攻上升2等级 (1回合),"[[1, 1, 2, 1, 2]]"
周擂台1,2036,梅蒂欣·梅兰可莉(2036),9240,4998,7140,9240,4200,7,日水,火星,50.0,敌方全体阳攻下降5等级 (1回合),"[[2, 1, 4, 1, 5, 50]]",自身阳攻上升2等级 (1回合),"[[1, 1, 1, 1, 2]]"
周擂台1,5002,雾雨魔理沙(5002),9240,4998,7140,9240,4935,7,木土,月星,100.0,对敌方全体附加2枚结界异常「冻结」 (1回合),"[[6, 2, 4, 1, 2, 100]]",无,[]
周擂台1,6002,雾雨魔理沙(6002),9240,10290,7140,20328,4515,4,日星,木金,100.0,对敌方全体附加2枚结界异常「燃烧」 (1回合),"[[6, 1, 4, 1, 2, 100]]",无,[]
周擂台1,1116,饕餮尤魔(1116),9240,4998,7140,9240,5460,7,木土,金星,100.0,己方全体受到来自光弹的伤害下降65% (1回合),"[[12, 9, 2, 1, 65, 100]]",无,[]
周擂台1,18005,十六夜咲夜(18005),9240,10290,7140,20328,4725,4,日金,水土,100.0,己方全体受到来自斩击弹的伤害下降65% (1回合),"[[12, 4, 2, 1, 65, 100]]",无,[]
周擂台1,19005,十六夜咲夜(19005),9240,4998,7140,9240,4305,7,火星,日土,100.0,己方全体受到来自能量弹的伤害下降65% (1回合),"[[12, 7, 2, 1, 65, 100]]",无,[]
周擂台1,6062,露娜萨·普莉兹姆利巴(6062),9240,4998,7140,9240,4515,7,水星,日土,50.0,己方全体阳攻上升5等级 (1回合),"[[1, 1, 2, 1, 5, 50]]",己方全体命中上升2等级 (1回合),"[[1, 6, 2, 1, 2]]"
周擂台1,6063,梅露兰·普莉兹姆利巴(6063),9240,4998,7140,9240,4410,7,火木,月金,100.0,己方全体受到来自动能弹的伤害下降65% (1回合),"[[12, 5, 2, 1, 65, 100]]",无,[]
周擂台1,6064,莉莉卡·普莉兹姆利巴(6064),9240,10290,7140,20328,4305,4,月水,火木,100.0,己方全体受到来自御符弹的伤害下降65% (1回合),"[[12, 8, 2, 1, 65, 100]]",无,[]
周擂台1,4020,藤原妹红(4020),9240,4998,7140,9240,5250,7,月水,木星,100.0,对敌方全体附加2枚结界异常「燃烧」 (1回合),"[[6, 1, 4, 1, 2, 100]]",无,[]
周擂台1,6024,圣白莲(6024),9240,10290,7140,20328,3990,4,火星,水土,100.0,对敌方全体附加2枚结界异常「毒雾」 (1回合),"[[6, 4, 4, 1, 2, 100]]",无,[]
周擂台1,8032,爱丽丝·玛格特罗伊德(8032),9240,10290,7140,20328,3990,4,木金,日火,100.0,己方全体受到来自尖弹的伤害下降65% (1回合),"[[12, 10, 2, 1, 65, 100]]",无,[]
周擂台1,6089,比那名居天子(6089),9240,10290,7140,20328,5250,4,月土,日火,100.0,己方全体受到来自动能弹的伤害下降65% (1回合),"[[12, 5, 2, 1, 65, 100]]",无,[]
周擂台1,2014,橙(2014),9240,4998,7140,9240,3990,7,日水,月木,50.0,敌方全体会心回避下降5等级 (1回合),"[[2, 7, 4, 1, 5, 50]]",自身会心攻击上升2等级 (1回合),"[[1, 8, 1, 1, 2]]"
周擂台1,7042,因幡帝(7042),9240,4998,7140,9240,3990,7,日金,月水,100.0,对敌方全体附加2枚结界异常「黑暗」 (1回合),"[[6, 5, 4, 1, 2, 100]]",无,[]
周擂台1,2023,铃仙(2023),9240,4998,7140,9240,3990,7,月金,土,50.0,己方全体会心攻击上升5等级 (1回合),"[[1, 8, 2, 1, 5, 50]]",己方全体会心攻击上升2等级 (1回合),"[[1, 8, 2, 1, 2]]"
周擂台1,2084,风见幽香(2084),9240,4998,7140,9240,3990,7,火木,月土,100.0,对敌方全体附加2枚结界异常「毒雾」 (1回合),"[[6, 4, 4, 1, 2, 100]]",无,[]
周擂台1,1125,茨木童子之臂(1125),9240,4998,7140,9240,3990,7,土星,月火,50.0,己方全体会心命中上升5等级 (1回合),"[[1, 6, 2, 1, 5, 50], [1, 9, 2, 1, 5, 50]]",己方全体会心命中上升2等级 (1回合),"[[1, 6, 2, 1, 2], [1, 9, 2, 1, 2]]"
周擂台1,11003,蕾米莉亚·斯卡雷特(11003),9240,10290,7140,20328,3990,4,水木,土星,100.0,对敌方全体附加2枚结界异常「燃烧」 (1回合),"[[6, 1, 4, 1, 2, 100]]",无,[]
周擂台1,6010,西行寺幽幽子(6010),9240,4998,7140,9240,4410,7,土星,日金,100.0,己方全体受到来自光弹的伤害下降65% (1回合),"[[12, 9, 2, 1, 65, 100]]",无,[]
周擂台1,7011,魂魄妖梦(7011),9240,10290,7140,20328,5250,4,日火,月土,100.0,己方全体受到来自斩击弹的伤害下降65% (1回合),"[[12, 4, 2, 1, 65, 100]]",无,[]
周擂台1,7062,露娜萨·普莉兹姆利巴(7062),9240,4998,7140,9240,4610,7,金星,日水,100.0,对敌方全体附加2枚结界异常「毒雾」 (1回合),"[[6, 4, 4, 1, 2, 100]]",无,[]
周擂台1,7063,梅露兰·普莉兹姆利巴(7063),9240,4998,7140,9240,4022,7,土星,月火,100.0,己方全体受到来自追踪弹的伤害下降65% (1回合),"[[12, 11, 2, 1, 65, 100]]",无,[]
周擂台1,7064,莉莉卡·普莉兹姆利巴(7064),9240,10290,7140,20328,5135,4,日木,月火,100.0,对敌方全体附加2枚结界异常「感电」 (1回合),"[[6, 3, 4, 1, 2, 100]]",无,[]
周擂台1,7044,射命丸文(7044),9240,4998,7140,9240,5355,7,火金,日木,50.0,敌方全体阴防下降5等级 (1回合),"[[2, 4, 4, 1, 5, 50]]",己方全体速度上升2等级 (1回合),"[[1, 5, 2, 1, 2]]"
周擂台1,6040,河城荷取(6040),9240,4998,7140,9240,3728,7,火星,日金,100.0,己方全体受到来自御符弹的伤害下降65% (1回合),"[[12, 8, 2, 1, 65, 100]]",无,[]
周擂台1,5089,比那名居天子(5089),9240,4998,7140,9240,5324,7,月木,水金,100.0,对敌方全体附加2枚结界异常「冻结」 (1回合),"[[6, 2, 4, 1, 2, 100]]",无,[]
周擂台1,6087,秦こころ(6087),9240,10290,7140,20328,4715,4,木金,月火,100.0,对敌方全体附加2枚结界异常「黑暗」 (1回合),"[[6, 5, 4, 1, 2, 100]]",无,[]
周擂台1,12004,フランドール·スカーレット(12004),9240,4998,7140,9240,5198,7,日水,月金,50.0,己方全体阴攻上升5等级 (1回合),"[[1, 3, 2, 1, 5, 50]]",己方全体速度上升2等级 (1回合),"[[1, 5, 2, 1, 2]]"
周擂台1,5025,茨木華扇(5025),9240,4998,7140,9240,5208,7,金星,水木,50.0,己方全体会心攻击上升5等级 (1回合),"[[1, 8, 2, 1, 5, 50]]",己方全体命中上升2等级 (1回合),"[[1, 6, 2, 1, 2]]"
周擂台1,6049,星熊勇儀(6049),9240,10290,7140,20328,4253,4,月土,水星,100.0,己方全体受到来自体术弹的伤害下降65% (1回合),"[[12, 3, 2, 1, 65, 100]]",无,[]
周擂台1,8038,八坂神奈子(8038),9240,4998,7140,9240,5156,7,月火,木星,50.0,己方全体阳防上升5等级 (1回合),"[[1, 2, 2, 1, 5, 50]]",己方全体阳攻上升2等级 (1回合),"[[1, 1, 2, 1, 2]]"
周擂台1,6094,鬼人正邪(6094),9240,4998,7140,9240,4494,7,水土,日火,50.0,敌方全体阳攻下降5等级 (1回合),"[[2, 1, 4, 1, 5, 50]]",无,[]
周擂台1,7095,少名針妙丸(7095),9240,4998,7140,9240,4662,7,日火,木星,100.0,对敌方全体附加2枚结界异常「黑暗」 (1回合),"[[6, 5, 4, 1, 2, 100]]",无,[]
周擂台1,8039,洩矢諏訪子(8039),9240,4998,7140,9240,4326,7,月星,日水,100.0,己方全体受到来自尖弹的伤害下降65% (1回合),"[[12, 10, 2, 1, 65, 100]]",无,[]
周擂台1,7085,霍青娥(7085),9240,10290,7140,20328,4662,4,日土,月金,100.0,己方全体受到来自动能弹的伤害下降65% (1回合),"[[12, 5, 2, 1, 65, 100]]",无,[]
周擂台2,1001,博丽灵梦(1001),7140,9240,9240,4998,5040,7,月木金,水星,50.0,己方全体阴防上升5等级 (1回合),"[[1, 4, 2, 1, 5, 50]]",己方全体阳防上升2等级 (1回合),"[[1, 2, 2, 1, 2]]"
周擂台2,1002,雾雨魔理沙(1002),7140,9240,9240,4998,5040,7,日水土,木金,100.0,对敌方全体附加2枚结界异常「燃烧」 (1回合),"[[6, 1, 4, 1, 2, 100]]",无,[]
周擂台2,1003,蕾米莉亚·斯卡雷特(1003),7140,9240,9240,4998,5565,7,日火金,土星,50.0,己方全体阴攻上升5等级 (1回合),"[[1, 3, 2, 1, 5, 50]]",无,[]
周擂台2,1004,芙兰朵露·斯卡雷特(1004),7140,20328,9240,10290,5565,4,日水木,金星,100.0,对敌方全体附加2枚结界异常「毒雾」 (1回合),"[[6, 4, 4, 1, 2, 100]]",无,[]
周擂台2,1005,十六夜咲夜(1005),7140,9240,9240,4998,5565,7,火水星,日土,100.0,己方全体受到来自通常弹的伤害下降65% (1回合),"[[12, 1, 2, 1, 65, 100]]",无,[]
周擂台2,1006,帕秋莉·诺蕾姬(1006),7140,20328,9240,10290,5565,4,日土星,火木,100.0,己方全体受到来自镭射弹的伤害下降65% (1回合),"[[12, 2, 2, 1, 65, 100]]",无,[]
周擂台2,1007,红美铃(1007),7140,9240,9240,4998,5040,7,日木金,月水,50.0,己方全体会心命中上升5等级 (1回合),"[[1, 6, 2, 1, 5, 50], [1, 9, 2, 1, 5, 50]]",己方全体阳防上升2等级 (1回合),"[[1, 2, 2, 1, 2]]"
周擂台2,1008,小恶魔(1008),7140,9240,9240,4998,5565,7,日火水,月星,100.0,对敌方全体附加2枚结界异常「感电」 (1回合),"[[6, 3, 4, 1, 2, 100]]",无,[]
周擂台2,1009,八云紫(1009),7140,9240,9240,4998,3885,7,月木土,火星,30.0,己方全体结界回复2枚,"[[4, 0, 2, 1, 2, 30]]",己方全体阳防上升2等级 (1回合),"[[1, 2, 2, 1, 2]]"
周擂台2,1010,西行寺幽幽子(1010),7140,20328,9240,10290,3885,4,水土星,火金,100.0,对敌方全体附加2枚结界异常「冻结」 (1回合),"[[6, 2, 4, 1, 2, 100]]",无,[]
周擂台2,1011,魂魄妖梦(1011),7140,9240,9240,4998,3885,7,日火水,木土,50.0,对敌方全体附加2枚结界异常「毒雾」 (2回合),"[[6, 4, 4, 2, 2, 50]]",自身阴攻上升2等级 (1回合),"[[1, 3, 1, 1, 2]]"
周擂台2,1012,莉莉怀特(1012),7140,9240,9240,4998,3885,7,月木金,水星,100.0,己方全体受到来自体术弹的伤害下降65% (1回合),"[[12, 3, 2, 1, 65, 100]]",无,[]
周擂台2,1013,八云蓝(1013),7140,20328,9240,10290,3885,4,火水星,日土,100.0,己方全体受到来自斩击弹的伤害下降65% (1回合),"[[12, 4, 2, 1, 65, 100]]",无,[]
周擂台2,1014,橙(1014),7140,9240,9240,4998,3885,7,日火水,月木,100.0,对敌方全体附加2枚结界异常「黑暗」 (1回合),"[[6, 5, 4, 1, 2, 100]]",无,[]
周擂台2,1015,铃仙·优昙华院·因幡(1015),7140,9240,9240,4998,5040,7,木金星,火水,50.0,己方全体结界异常回复2枚,"[[13, 7, 2, 1, 50, 100]]",无,[]
周擂台2,1016,绵月丰姬(1016),7140,20328,9240,10290,5565,4,火木星,日土,100.0,对敌方全体附加2枚结界异常「燃烧」 (1回合),"[[6, 1, 4, 1, 2, 100]]",无,[]
周擂台2,1017,绵月依姬(1017),7140,9240,9240,4998,5565,7,金土星,火水,50.0,敌方全体阴防下降5等级 (1回合),"[[2, 4, 4, 1, 5, 50]]",无,[]
周擂台2,1018,八意永琳(1018),7140,9240,9240,4998,5040,7,火水星,日木,100.0,己方全体受到来自动能弹的伤害下降65% (1回合),"[[12, 5, 2, 1, 65, 100]]",无,[]
周擂台2,1019,蓬莱山辉夜(1019),7140,9240,9240,4998,5040,7,火土星,木金,50.0,敌方全体阴攻下降5等级 (1回合),"[[2, 3, 4, 1, 5, 50]]",自身阴攻上升2等级 (1回合),"[[1, 3, 1, 1, 2]]"
周擂台2,1020,藤原妹红(1020),7140,20328,9240,10290,3885,4,月水土,木星,100.0,己方全体受到来自流体弹的伤害下降65% (1回合),"[[12, 6, 2, 1, 65, 100]]",无,[]
周擂台2,1021,清兰(1021),7140,9240,9240,4998,5565,7,火金星,日水,100.0,对敌方全体附加2枚结界异常「毒雾」 (1回合),"[[6, 4, 4, 1, 2, 100]]",无,[]
周擂台2,1022,铃瑚(1022),7140,20328,9240,10290,3885,4,木金星,水土,100.0,对敌方全体附加2枚结界异常「感电」 (1回合),"[[6, 3, 4, 1, 2, 100]]",无,[]
周擂台2,1023,铃仙(1023),7140,9240,9240,4998,5565,7,金土星,日火,50.0,敌方全体会心命中下降5等级 (1回合),"[[2, 6, 4, 1, 5, 50], [2, 9, 4, 1, 5, 50]]",己方全体速度上升2等级 (1回合),"[[1, 5, 2, 1, 2]]"
周擂台2,1024,圣白莲(1024),7140,9240,9240,4998,5040,7,月火水,木星,100.0,己方全体受到来自能量弹的伤害下降65% (1回合),"[[12, 7, 2, 1, 65, 100]]",无,[]
周擂台2,1025,茨木华扇(1025),7140,9240,9240,4998,3885,7,月火水,土星,100.0,己方全体受到来自月属性的伤害下降50% (1回合),"[[13, 2, 2, 1, 50, 100]]",自身命中上升2等级 (1回合),"[[1, 6, 1, 1, 2]]"
周擂台2,1026,本居小铃(1026),7140,20328,9240,10290,5565,4,日木金,月水,100.0,己方全体受到来自御符弹的伤害下降65% (1回合),"[[12, 8, 2, 1, 65, 100]]",无,[]
周擂台2,1029,稗田阿求(1029),7140,9240,9240,4998,3885,7,火金星,日水,100.0,己方全体受到来自土属性的伤害下降50% (1回合),"[[13, 7, 2, 1, 50, 100]]",己方全体阴攻上升2等级 (1回合),"[[1, 3, 2, 1, 2]]"
周擂台2,1030,琪露诺(1030),7140,9240,9240,4998,5040,7,日水土,火金,100.0,对敌方全体附加2枚结界异常「冻结」 (1回合),"[[6, 2, 4, 1, 2, 100]]",无,[]
周擂台2,1031,大妖精(1031),7140,9240,9240,4998,5040,7,木金星,日水,30.0,己方全体体力回复15%,[],己方全体阳攻上升2等级 (1回合),"[[1, 1, 2, 1, 2]]"
周擂台2,1032,爱丽丝·玛格特罗伊德(1032),7140,20328,9240,10290,5565,4,火金星,日水,100.0,对敌方全体附加2枚结界异常「黑暗」 (1回合),"[[6, 5, 4, 1, 2, 100]]",无,[]
周擂台2,1033,桑妮·米尔克,7140,9240,9240,4998,3885,7,月水土,木星,100.0,己方全体受到来自光弹的伤害下降65% (1回合),"[[12, 9, 2, 1, 65, 100]]",无,[]
周擂台2,1034,露娜切露德(1034),7140,20328,9240,10290,5565,4,水土星,日金,100.0,己方全体受到来自尖弹的伤害下降65% (1回合),"[[12, 10, 2, 1, 65, 100]]",无,[]
周擂台2,1035,斯塔萨菲雅(1035),7140,9240,9240,4998,5040,7,日木金,月水,50.0,己方全体阳防上升5等级 (1回合),"[[1, 2, 2, 1, 5, 50]]",自身阳攻上升2等级 (1回合),"[[1, 1, 1, 1, 2]]"
周擂台2,1036,梅蒂欣·梅兰可莉(1036),7140,9240,9240,4998,5565,7,月金土,木星,100.0,对敌方全体附加2枚结界异常「燃烧」 (1回合),"[[6, 1, 4, 1, 2, 100]]",无,[]
周擂台2,1037,东风谷早苗(1037),7140,9240,9240,4998,5040,7,日火金,水木,50.0,己方全体阳攻上升5等级 (1回合),"[[1, 1, 2, 1, 5, 50]]",无,[]
周擂台2,1038,八坂神奈子(1038),7140,20328,9240,10290,3885,4,月火水,土星,100.0,对敌方全体附加2枚结界异常「毒雾」 (1回合),"[[6, 4, 4, 1, 2, 100]]",无,[]
周擂台2,1039,泄矢诹访子,7140,9240,9240,4998,5565,7,水木星,火金,50.0,己方全体会心攻击上升5等级 (1回合),"[[1, 8, 2, 1, 5, 50]]",自身阴攻上升2等级 (1回合),"[[1, 3, 1, 1, 2]]"
周擂台2,1040,河城荷取(1040),7140,9240,9240,4998,5040,7,木土星,日金,100.0,己方全体受到来自追踪弹的伤害下降65% (1回合),"[[12, 11, 2, 1, 65, 100]]",无,[]
周擂台2,1042,因幡帝(1042),7140,9240,9240,4998,3885,7,日金土,月火,30.0,己方全体结界回复2枚,"[[4, 0, 2, 1, 2, 30]]",无,[]
周擂台2,1043,宇佐见堇子(1043),7140,20328,9240,10290,3885,4,日火水,月木,100.0,己方全体受到来自通常弹的伤害下降65% (1回合),"[[12, 1, 2, 1, 65, 100]]",无,[]
周擂台2,1044,射命丸文(1044),7140,9240,9240,4998,3885,7,金土星,日木,50.0,对敌方全体附加2枚结界异常「冻结」 (2回合),"[[6, 2, 4, 2, 2, 50]]",己方全体回避上升2等级 (1回合),"[[1, 7, 2, 1, 2]]"
周擂台2,1045,姬海棠果(1045),7140,9240,9240,4998,5565,7,日火金,水木,100.0,对敌方全体附加2枚结界异常「感电」 (1回合),"[[6, 3, 4, 1, 2, 100]]",无,[]
周擂台2,1046,犬走椛(1046),7140,9240,9240,4998,5040,7,月木金,水星,50.0,己方全体结界异常回复2枚,[],自身仇恨值上升2等级 (1回合),[]
周擂台2,1047,坂田合欢(1047),7140,20328,9240,10290,5565,4,日水土,月木,100.0,对敌方全体附加2枚结界异常「冻结」 (1回合),"[[6, 2, 4, 1, 2, 100]]",无,[]
周擂台2,1048,伊吹萃香(1048),7140,9240,9240,4998,5565,7,月火星,日土,50.0,敌方全体阳防下降5等级 (1回合),"[[2, 2, 4, 1, 5, 50]]",无,[]
周擂台2,1049,星熊勇仪(1049),7140,9240,9240,4998,5565,7,日火木,月土,100.0,己方全体受到来自镭射弹的伤害下降65% (1回合),"[[12, 2, 2, 1, 65, 100]]",无,[]
周擂台2,1050,古明地觉(1050),7140,9240,9240,4998,3885,7,日火金,月土,50.0,敌方全体阳攻下降5等级 (1回合),"[[2, 1, 4, 1, 5, 50]]",无,[]
周擂台2,1051,古明地恋(1051),7140,20328,9240,10290,5040,4,日水木,月火,100.0,己方全体受到来自体术弹的伤害下降65% (1回合),"[[12, 3, 2, 1, 65, 100]]",无,[]
周擂台2,1054,小野塚小町(1054),7140,9240,9240,4998,5565,7,日木土,月金,50.0,敌方全体会心回避下降5等级 (1回合),"[[2, 7, 4, 1, 5, 50]]",自身命中上升2等级 (1回合),"[[1, 6, 1, 1, 2]]"
周擂台2,1056,赫卡提亚·拉碧斯拉祖利(1056),7140,9240,9240,4998,5565,7,日月木,金土,100.0,对敌方全体附加2枚结界异常「黑暗」 (1回合),"[[6, 5, 4, 1, 2, 100]]",无,[]
周擂台2,1057,纯狐(1057),7140,20328,9240,10290,3885,4,月水金,火木,100.0,对敌方全体附加2枚结界异常「燃烧」 (1回合),"[[6, 1, 4, 1, 2, 100]]",无,[]
周擂台2,1058,克劳恩皮丝(1058),7140,9240,9240,4998,5565,7,日火水,月木,100.0,己方全体受到来自斩击弹的伤害下降65% (1回合),"[[12, 4, 2, 1, 65, 100]]",无,[]
周擂台2,1059,秋静叶(1059),7140,9240,9240,4998,5565,7,月火星,日土,100.0,己方全体受到来自火属性的伤害下降50% (1回合),"[[13, 3, 2, 1, 50, 100]]",无,[]
周擂台2,1060,秋穰子(1060),7140,20328,9240,10290,5565,4,日火水,木土,100.0,己方全体受到来自动能弹的伤害下降65% (1回合),"[[12, 5, 2, 1, 65, 100]]",无,[]
周擂台2,1061,键山雏(1061),7140,9240,9240,4998,5565,7,月水星,木土,100.0,己方全体受到来自金属性的伤害下降50% (1回合),"[[13, 6, 2, 1, 50, 100]]",无,[]
周擂台2,1062,露娜萨·普莉兹姆利巴(1062),7140,9240,9240,4998,5040,7,月金星,日土,100.0,对敌方全体附加2枚结界异常「毒雾」 (1回合),"[[6, 4, 4, 1, 2, 100]]",无,[]
周擂台2,1063,梅露兰·普莉兹姆利巴(1063),7140,9240,9240,4998,3885,7,月火水,土星,30.0,己方全体体力回复15%,[],无,[]
周擂台2,1064,莉莉卡·普莉兹姆利巴(1064),7140,20328,9240,10290,5040,4,日木土,月火,100.0,对敌方全体附加2枚结界异常「感电」 (1回合),"[[6, 3, 4, 1, 2, 100]]",无,[]
周擂台2,1065,依神女苑(1065),7140,9240,9240,4998,3885,7,日水金,月木,50.0,己方全体阴防上升5等级 (1回合),"[[1, 4, 2, 1, 5, 50]]",自身回避上升2等级 (1回合),"[[1, 7, 1, 1, 2]]"
周擂台2,1066,依神紫苑(1066),7140,9240,9240,4998,5565,7,火金星,日水,100.0,己方全体受到来自流体弹的伤害下降65% (1回合),"[[12, 6, 2, 1, 65, 100]]",无,[]
周擂台2,1067,九十九弁弁(1067),7140,9240,9240,4998,5565,7,月金星,日土,50.0,己方全体阴攻上升5等级 (1回合),"[[1, 3, 2, 1, 5, 50]]",无,[]
周擂台2,1068,九十九八桥(1068),7140,20328,9240,10290,3885,4,日火金,月水,100.0,己方全体受到来自能量弹的伤害下降65% (1回合),"[[12, 7, 2, 1, 65, 100]]",无,[]
周擂台2,1069,摩多罗隐岐奈(1069),7140,9240,9240,4998,3885,7,日木土,月火,50.0,己方全体会心防御上升5等级 (1回合),[],无,[]
周擂台2,1072,上白泽慧音(1072),7140,9240,9240,4998,3885,7,月水木,火金,100.0,对敌方全体附加2枚结界异常「冻结」 (1回合),"[[6, 2, 4, 1, 2, 100]]",无,[]
周擂台2,1073,露米娅(1073),7140,9240,9240,4998,5565,7,月土星,日金,30.0,己方全体结界回复2枚,"[[4, 0, 2, 1, 2, 30]]",无,[]
周擂台2,1074,寅丸星(1074),7140,20328,9240,10290,3885,4,月火木,土星,100.0,对敌方全体附加2枚结界异常「黑暗」 (1回合),"[[6, 5, 4, 1, 2, 100]]",无,[]
周擂台2,1075,村纱水蜜(1075),7140,9240,9240,4998,3885,7,月火土,金星,50.0,对敌方全体附加2枚结界异常「感电」 (2回合),"[[6, 3, 4, 2, 2, 50]]",无,[]
周擂台2,1076,多多良小伞(1076),7140,9240,9240,4998,5565,7,月木土,金星,100.0,己方全体受到来自御符弹的伤害下降65% (1回合),"[[12, 8, 2, 1, 65, 100]]",无,[]
周擂台2,1080,哆来咪·苏伊特(1080),7140,9240,9240,4998,5565,7,日木土,月火,50.0,敌方全体阴防下降5等级 (1回合),"[[2, 4, 4, 1, 5, 50]]",自身阴攻上升2等级 (1回合),"[[1, 3, 1, 1, 2]]"
周擂台2,1081,稀神探女(1081),7140,20328,9240,10290,5040,4,月木星,火金,100.0,己方全体受到来自光弹的伤害下降65% (1回合),"[[12, 9, 2, 1, 65, 100]]",无,[]
周擂台2,1082,二岩猯藏(1082),7140,9240,9240,4998,5565,7,月木星,火土,50.0,敌方全体阴攻下降5等级 (1回合),"[[2, 3, 4, 1, 5, 50]]",己方全体回避上升2等级 (1回合),"[[1, 7, 2, 1, 2]]"
周擂台2,1083,高丽野阿吽(1083),7140,9240,9240,4998,3885,7,月木金,火土,100.0,对敌方全体附加2枚结界异常「燃烧」 (1回合),"[[6, 1, 4, 1, 2, 100]]",无,[]
周擂台2,1084,风见幽香(1084),7140,20328,9240,10290,3885,4,日火金,月水,100.0,对敌方全体附加2枚结界异常「毒雾」 (1回合),"[[6, 4, 4, 1, 2, 100]]",无,[]
周擂台2,1085,霍青娥(1085),7140,9240,9240,4998,5565,7,月土星,日金,100.0,己方全体受到来自尖弹的伤害下降65% (1回合),"[[12, 10, 2, 1, 65, 100]]",无,[]
周擂台2,1086,宫古芳香(1086),7140,9240,9240,4998,5565,7,日水土,月金,100.0,敌方全体会心攻击下降5等级 (1回合),"[[2, 8, 4, 1, 5, 100]]",无,[]
周擂台2,1087,秦心(1087),7140,20328,9240,10290,5565,4,日水木,月火,100.0,己方全体受到来自追踪弹的伤害下降65% (1回合),"[[12, 11, 2, 1, 65, 100]]",无,[]
周擂台2,1088,蕾蒂·霍瓦特洛克(1088),7140,9240,9240,4998,5565,7,月水土,金星,100.0,己方全体受到来自水属性的伤害下降50% (1回合),"[[13, 4, 2, 1, 50, 100]]",无,[]
周擂台2,1089,比那名居天子(1089),7140,9240,9240,4998,3885,7,火木土,日金,100.0,对敌方全体附加2枚结界异常「感电」 (1回合),"[[6, 3, 4, 1, 2, 100]]",无,[]
周擂台2,1091,丰聪耳神子(1091),7140,9240,9240,4998,3885,7,月水土,金星,100.0,己方全体受到来自木属性的伤害下降50% (1回合),"[[13, 5, 2, 1, 50, 100]]",自身命中上升2等级 (1回合),"[[1, 6, 1, 1, 2]]"
周擂台2,2002,雾雨魔理沙(2002),7140,9240,9240,4998,5565,7,火木土,月星,30.0,己方全体体力回复15%,[],无,[]
周擂台2,2010,西行寺幽幽子(2010),7140,20328,9240,10290,5565,4,月金土,火水,100.0,对敌方全体附加2枚结界异常「冻结」 (1回合),"[[6, 2, 4, 1, 2, 100]]",无,[]
周擂台2,2011,魂魄妖梦(2011),7140,9240,9240,4998,5040,7,日土星,火木,100.0,己方全体受到来自通常弹的伤害下降65% (1回合),"[[12, 1, 2, 1, 65, 100]]",无,[]
周擂台2,1052,火焰猫燐(1052),7140,9240,9240,4998,5040,7,月木金,水星,100.0,对敌方全体附加2枚结界异常「燃烧」 (1回合),"[[6, 1, 4, 1, 2, 100]]",无,[]
周擂台2,1053,灵乌路空(1053),7140,20328,9240,10290,5565,4,水金星,日木,100.0,对敌方全体附加2枚结界异常「毒雾」 (1回合),"[[6, 4, 4, 1, 2, 100]]",无,[]
周擂台2,1055,四季映姬·夜摩仙那度(1055),7140,9240,9240,4998,5565,7,月木土,水金,100.0,己方全体受到来自通常弹的伤害下降65% (1回合),"[[12, 1, 2, 1, 65, 100]]",无,[]
周擂台2,1070,尔子田里乃(1070),7140,20328,9240,10290,5565,4,日金星,火水,100.0,己方全体受到来自镭射弹的伤害下降65% (1回合),"[[12, 2, 2, 1, 65, 100]]",无,[]
周擂台2,1071,丁礼田舞(1071),7140,9240,9240,4998,5040,7,火水木,金星,50.0,己方全体阴防上升5等级 (1回合),"[[1, 4, 2, 1, 5, 50]]",己方全体阳防上升2等级 (1回合),"[[1, 2, 2, 1, 2]]"
周擂台2,1077,若鹭姬(1077),7140,9240,9240,4998,5040,7,月土星,日木,100.0,对敌方全体附加2枚结界异常「冻结」 (1回合),"[[6, 2, 4, 1, 2, 100]]",无,[]
周擂台2,1078,今泉影狼(1078),7140,20328,9240,10290,5565,4,日火水,金土,100.0,对敌方全体附加2枚结界异常「黑暗」 (1回合),"[[6, 5, 4, 1, 2, 100]]",无,[]
周擂台2,1079,赤蛮奇(1079),7140,9240,9240,4998,5565,7,木金土,水星,100.0,己方全体受到来自体术弹的伤害下降65% (1回合),"[[12, 3, 2, 1, 65, 100]]",无,[]
周擂台2,1090,永江衣玖(1090),7140,20328,9240,10290,5565,4,日月星,木金,100.0,己方全体受到来自斩击弹的伤害下降65% (1回合),"[[12, 4, 2, 1, 65, 100]]",无,[]
周擂台2,1092,物部布都(1092),7140,9240,9240,4998,5040,7,火木土,月星,50.0,己方全体阴攻上升5等级 (1回合),"[[1, 3, 2, 1, 5, 50]]",无,[]
周擂台2,1093,苏我屠自古(1093),7140,9240,9240,4998,5040,7,水金星,日火,100.0,对敌方全体附加2枚结界异常「燃烧」 (1回合),"[[6, 1, 4, 1, 2, 100]]",无,[]
周擂台2,1094,鬼人正邪(1094),7140,20328,9240,10290,5565,4,月火木,水土,100.0,对敌方全体附加2枚结界异常「毒雾」 (1回合),"[[6, 4, 4, 1, 2, 100]]",无,[]
周擂台2,1095,少名针妙丸(1095),7140,9240,9240,4998,5565,7,水金土,月木,100.0,己方全体受到来自动能弹的伤害下降65% (1回合),"[[12, 5, 2, 1, 65, 100]]",无,[]
周擂台2,1096,幽谷响子(1096),7140,20328,9240,10290,5565,4,日月星,火土,100.0,己方全体受到来自流体弹的伤害下降65% (1回合),"[[12, 6, 2, 1, 65, 100]]",无,[]
周擂台2,1097,米斯蒂娅·萝蕾拉(1097),7140,9240,9240,4998,5040,7,水木土,日金,50.0,己方全体会心命中上升5等级 (1回合),"[[1, 6, 2, 1, 5, 50], [1, 9, 2, 1, 5, 50]]",无,[]
周擂台2,1098,莉格露·奈特巴格(1098),7140,9240,9240,4998,5040,7,火金星,月水,100.0,对敌方全体附加2枚结界异常「冻结」 (1回合),"[[6, 2, 4, 1, 2, 100]]",无,[]
周擂台2,1099,水桥帕露西(1099),7140,20328,9240,10290,5565,4,日月水,火木,100.0,对敌方全体附加2枚结界异常「黑暗」 (1回合),"[[6, 5, 4, 1, 2, 100]]",无,[]
周擂台2,1100,黑谷山女(1100),7140,9240,9240,4998,5565,7,木金星,水土,100.0,己方全体受到来自能量弹的伤害下降65% (1回合),"[[12, 7, 2, 1, 65, 100]]",无,[]
周擂台2,1101,琪斯美(1101),7140,20328,9240,10290,5565,4,月火土,日金,100.0,己方全体受到来自御符弹的伤害下降65% (1回合),"[[12, 8, 2, 1, 65, 100]]",无,[]
周擂台2,1102,娜兹玲(1102),7140,9240,9240,4998,5040,7,日水木,月星,30.0,己方全体结界回复2枚,"[[4, 0, 2, 1, 2, 30]]",己方全体阳防上升2等级 (1回合),"[[1, 2, 2, 1, 2]]"
周擂台2,1103,云居一轮(1103),7140,9240,9240,4998,5040,7,火金土,木星,100.0,对敌方全体附加2枚结界异常「燃烧」 (1回合),"[[6, 1, 4, 1, 2, 100]]",无,[]
周擂台2,1104,封兽鵺(1104),7140,20328,9240,10290,5565,4,日月星,火水,100.0,对敌方全体附加2枚结界异常「毒雾」 (1回合),"[[6, 4, 4, 1, 2, 100]]",无,[]
周擂台2,1105,堀川雷鼓(1105),7140,9240,9240,4998,5565,7,火木金,日土,100.0,己方全体受到来自光弹的伤害下降65% (1回合),"[[12, 9, 2, 1, 65, 100]]",无,[]
周擂台2,1106,矢田寺成美(1106),7140,20328,9240,10290,5565,4,月水土,金星,100.0,己方全体受到来自尖弹的伤害下降65% (1回合),"[[12, 10, 2, 1, 65, 100]]",无,[]
周擂台2,1107,爱塔妮缇拉尔瓦(1107),7140,9240,9240,4998,5040,7,日土星,月水,50.0,己方全体结界异常回复2枚,[],己方全体阴攻上升2等级 (1回合),"[[1, 3, 2, 1, 2]]"
周擂台2,1108,埴安神袿姬(1108),7140,9240,9240,4998,5040,7,火木金,日土,100.0,对敌方全体附加2枚结界异常「冻结」 (1回合),"[[6, 2, 4, 1, 2, 100]]",无,[]
周擂台2,1109,杖刀偶磨弓(1109),7140,20328,9240,10290,5565,4,日水星,火金,100.0,对敌方全体附加2枚结界异常「黑暗」 (1回合),"[[6, 5, 4, 1, 2, 100]]",无,[]
周擂台2,1110,骊驹早鬼(1110),7140,9240,9240,4998,5565,7,月水木,日星,100.0,己方全体受到来自追踪弹的伤害下降65% (1回合),"[[12, 11, 2, 1, 65, 100]]",无,[]
周擂台2,1111,吉吊八千慧(1111),7140,20328,9240,10290,5565,4,金土星,火木,100.0,己方全体受到来自通常弹的伤害下降65% (1回合),"[[12, 1, 2, 1, 65, 100]]",无,[]
周擂台2,1112,庭渡久侘歌(1112),7140,9240,9240,4998,5040,7,日月火,水土,50.0,敌方全体阴防下降5等级 (1回合),"[[2, 4, 4, 1, 5, 50]]",无,[]
周擂台2,1113,牛崎润美(1113),7140,9240,9240,4998,5040,7,月水金,木星,100.0,对敌方全体附加2枚结界异常「燃烧」 (1回合),"[[6, 1, 4, 1, 2, 100]]",无,[]
周擂台2,1114,戎璎花(1114),7140,20328,9240,10290,5565,4,火木土,月金,100.0,对敌方全体附加2枚结界异常「毒雾」 (1回合),"[[6, 4, 4, 1, 2, 100]]",无,[]
周擂台2,1118,山城高岭(1118),7140,20328,9240,10290,5565,4,月火木,日金,100.0,己方全体受到来自体术弹的伤害下降65% (1回合),"[[12, 3, 2, 1, 65, 100]]",无,[]
周擂台2,1120,玉造魅须丸(1120),7140,9240,9240,4998,5040,7,木土星,火金,100.0,对敌方全体附加2枚结界异常「冻结」 (1回合),"[[6, 2, 4, 1, 2, 100]]",无,[]
周擂台2,1122,饭纲丸龙(1122),7140,20328,9240,10290,5565,4,日火水,木星,100.0,对敌方全体附加2枚结界异常「黑暗」 (1回合),"[[6, 5, 4, 1, 2, 100]]",无,[]
周擂台2,2003,蕾米莉亚·斯卡雷特(2003),7140,20328,9240,10290,5565,4,木土星,月水,100.0,己方全体受到来自动能弹的伤害下降65% (1回合),"[[12, 5, 2, 1, 65, 100]]",无,[]
周擂台2,2005,十六夜咲夜(2005),7140,9240,9240,4998,5040,7,月火星,木金,50.0,敌方全体会心命中下降5等级 (1回合),"[[2, 6, 4, 1, 5, 50], [2, 9, 4, 1, 5, 50]]",己方全体会心攻击上升2等级 (1回合),"[[1, 8, 2, 1, 2]]"
周擂台2,2006,帕秋莉·诺蕾姬(2006),7140,9240,9240,4998,5040,7,日水金,月星,100.0,对敌方全体附加2枚结界异常「燃烧」 (1回合),"[[6, 1, 4, 1, 2, 100]]",无,[]
周擂台2,2007,红美铃(2007),7140,20328,9240,10290,5565,4,火木土,日水,100.0,对敌方全体附加2枚结界异常「毒雾」 (1回合),"[[6, 4, 4, 1, 2, 100]]",无,[]
周擂台2,2013,八云蓝(2013),7140,20328,9240,10290,5565,4,日火水,月星,100.0,己方全体受到来自能量弹的伤害下降65% (1回合),"[[12, 7, 2, 1, 65, 100]]",无,[]
周擂台2,2015,铃仙·优昙华院·因幡(2015),7140,9240,9240,4998,5040,7,月木土,火金,50.0,己方全体阳防上升5等级 (1回合),"[[1, 2, 2, 1, 5, 50]]",己方全体阴防上升2等级 (1回合),"[[1, 4, 2, 1, 2]]"
周擂台2,2016,绵月丰姬(2016),7140,9240,9240,4998,5040,7,日金星,水土,100.0,对敌方全体附加2枚结界异常「冻结」 (1回合),"[[6, 2, 4, 1, 2, 100]]",无,[]
周擂台2,2017,绵月依姬(2017),7140,20328,9240,10290,5565,4,月水土,日火,100.0,对敌方全体附加2枚结界异常「黑暗」 (1回合),"[[6, 5, 4, 1, 2, 100]]",无,[]
周擂台2,2019,蓬莱山辉夜(2019),7140,9240,9240,4998,5565,7,火木金,土星,100.0,己方全体受到来自御符弹的伤害下降65% (1回合),"[[12, 8, 2, 1, 65, 100]]",无,[]
周擂台2,2024,圣白莲(2024),7140,20328,9240,10290,5565,4,日木星,月水,100.0,己方全体受到来自光弹的伤害下降65% (1回合),"[[12, 9, 2, 1, 65, 100]]",无,[]
周擂台2,2030,琪露诺(2030),7140,9240,9240,4998,5040,7,月火金,日木,50.0,己方全体阳攻上升5等级 (1回合),"[[1, 1, 2, 1, 5, 50]]",无,[]
周擂台2,2032,爱丽丝·玛格特罗伊德(2032),7140,9240,9240,4998,5040,7,水土星,火金,100.0,对敌方全体附加2枚结界异常「燃烧」 (1回合),"[[6, 1, 4, 1, 2, 100]]",无,[]
周擂台2,2038,八坂神奈子(2038),7140,20328,9240,10290,5565,4,日木金,月星,100.0,对敌方全体附加2枚结界异常「毒雾」 (1回合),"[[6, 4, 4, 1, 2, 100]]",无,[]
周擂台2,2039,洩矢诹访子(2039),7140,9240,9240,4998,5565,7,月火土,日木,100.0,己方全体受到来自尖弹的伤害下降65% (1回合),"[[12, 10, 2, 1, 65, 100]]",无,[]
周擂台2,2040,河城荷取(2040),7140,20328,9240,10290,5565,4,日水星,金土,100.0,己方全体受到来自追踪弹的伤害下降65% (1回合),"[[12, 11, 2, 1, 65, 100]]",无,[]
周擂台2,2044,射命丸文(2044),7140,9240,9240,4998,5040,7,火木土,水星,50.0,敌方全体会心回避下降5等级 (1回合),"[[2, 7, 4, 1, 5, 50]]",自身速度上升2等级 (1回合),"[[1, 5, 1, 1, 2]]"
周擂台2,2057,纯狐(2057),7140,9240,9240,4998,5040,7,月水金,火木,100.0,对敌方全体附加2枚结界异常「冻结」 (1回合),"[[6, 2, 4, 1, 2, 100]]",无,[]
周擂台2,2081,稀神探女(2081),7140,20328,9240,10290,5565,4,日火星,月土,100.0,对敌方全体附加2枚结界异常「黑暗」 (1回合),"[[6, 5, 4, 1, 2, 100]]",无,[]
周擂台2,2091,丰聪耳神子(2091),7140,9240,9240,4998,5565,7,月木土,日水,100.0,己方全体受到来自通常弹的伤害下降65% (1回合),"[[12, 1, 2, 1, 65, 100]]",无,[]
周擂台2,3001,博丽灵梦(3001),7140,20328,9240,10290,5565,4,日水金,木星,100.0,己方全体受到来自镭射弹的伤害下降65% (1回合),"[[12, 2, 2, 1, 65, 100]]",无,[]
周擂台2,3002,雾雨魔理沙(3002),7140,9240,9240,4998,5040,7,火木星,月金,30.0,己方全体结界回复2枚,"[[4, 0, 2, 1, 2, 30]]",己方全体会心防御上升2等级 (1回合),[]
周擂台2,3004,芙兰朵露·斯卡雷特(3004),7140,9240,9240,4998,5040,7,月水土,火木,100.0,对敌方全体附加2枚结界异常「燃烧」 (1回合),"[[6, 1, 4, 1, 2, 100]]",无,[]
周擂台2,3005,十六夜咲夜(3005),7140,20328,9240,10290,5565,4,日金星,水土,100.0,对敌方全体附加2枚结界异常「毒雾」 (1回合),"[[6, 4, 4, 1, 2, 100]]",无,[]
周擂台2,3009,八云紫(3009),7140,9240,9240,4998,5565,7,火木土,日星,100.0,己方全体受到来自体术弹的伤害下降65% (1回合),"[[12, 3, 2, 1, 65, 100]]",无,[]
周擂台2,3011,魂魄妖梦(3011),7140,20328,9240,10290,5565,4,月金星,火水,100.0,己方全体受到来自斩击弹的伤害下降65% (1回合),"[[12, 4, 2, 1, 65, 100]]",无,[]
周擂台2,3015,铃仙·优昙华院·因幡(3015),7140,9240,9240,4998,5040,7,日水土,木金,50.0,己方全体结界异常回复2枚,[],己方全体阴防上升2等级 (1回合),"[[1, 4, 2, 1, 2]]"
周擂台2,3018,八意永琳(3018),7140,9240,9240,4998,5040,7,火木星,月土,100.0,对敌方全体附加2枚结界异常「冻结」 (1回合),"[[6, 2, 4, 1, 2, 100]]",无,[]
周擂台2,3037,东风谷早苗(3037),7140,9240,9240,4998,5565,7,月水土,日金,100.0,己方全体受到来自动能弹的伤害下降65% (1回合),"[[12, 5, 2, 1, 65, 100]]",无,[]
周擂台2,3051,古明地恋(3051),7140,20328,9240,10290,5565,4,火木星,月金,100.0,己方全体受到来自流体弹的伤害下降65% (1回合),"[[12, 6, 2, 1, 65, 100]]",无,[]
周擂台2,4001,博丽灵梦(4001),7140,9240,9240,4998,5040,7,日水金,木星,50.0,敌方全体阳防下降5等级 (1回合),"[[2, 2, 4, 1, 5, 50]]",己方全体阳攻上升2等级 (1回合),"[[1, 1, 2, 1, 2]]"
周擂台2,4002,雾雨魔理沙(4002),7140,9240,9240,4998,5040,7,月木土,火水,100.0,对敌方全体附加2枚结界异常「毒雾」 (1回合),"[[6, 4, 4, 1, 2, 100]]",无,[]
周擂台2,4005,十六夜咲夜(4005),7140,20328,9240,10290,5565,4,日火水,土星,100.0,对敌方全体附加2枚结界异常「燃烧」 (1回合),"[[6, 1, 4, 1, 2, 100]]",无,[]
周擂台2,4011,魂魄妖梦(4011),7140,20328,9240,10290,5565,4,火木土,水金,100.0,己方全体受到来自御符弹的伤害下降65% (1回合),"[[12, 8, 2, 1, 65, 100]]",无,[]
周擂台2,4015,铃仙·优昙华院·因幡(4015),7140,9240,9240,4998,5040,7,日水星,月木,50.0,敌方全体阳攻下降5等级 (1回合),"[[2, 1, 4, 1, 5, 50]]",无,[]
周擂台2,4037,东风谷早苗(4037),7140,9240,9240,4998,5565,7,月火金,日土,100.0,己方全体受到来自光弹的伤害下降65% (1回合),"[[12, 9, 2, 1, 65, 100]]",无,[]
周擂台2,1123,天弓千亦(1123),7140,9240,9240,4998,5565,7,月金,日土,100.0,己方全体受到来自追踪弹的伤害下降65% (1回合),"[[12, 11, 2, 1, 65, 100]]",无,[]
周擂台2,1117,豪德寺三花(1117),7140,9240,9240,4998,5565,7,日金,火土,100.0,己方全体受到来自御符弹的伤害下降65% (1回合),"[[12, 8, 2, 1, 65, 100]]",无,[]
周擂台2,2008,小恶魔(2008),7140,9240,9240,4998,5565,7,水星,月木,100.0,己方全体受到来自尖弹的伤害下降65% (1回合),"[[12, 10, 2, 1, 65, 100]]",无,[]
周擂台2,1124,姬虫百百世(1124),7140,9240,9240,4998,5040,7,月星,日火,50.0,己方全体会心攻击上升5等级 (1回合),"[[1, 8, 2, 1, 5, 50]]",己方全体会心攻击上升2等级 (1回合),"[[1, 8, 2, 1, 2]]"
周擂台2,2033,桑尼米尔克(2033),7140,9240,9240,4998,5040,7,日金,月水,50.0,敌方全体会心回避下降5等级 (1回合),"[[2, 7, 4, 1, 5, 50]]",自身回避上升2等级 (1回合),"[[1, 7, 1, 1, 2]]"
周擂台2,2050,古明地觉(2050),7140,9240,9240,4998,5040,7,月水土,日火,100.0,对敌方全体附加2枚结界异常「毒雾」 (1回合),"[[6, 4, 4, 1, 2, 100]]",无,[]
周擂台2,3006,帕秋莉·诺蕾姬(3006),7140,20328,9240,10290,5565,4,日金,土星,100.0,对敌方全体附加2枚结界异常「冻结」 (1回合),"[[6, 2, 4, 1, 2, 100]]",无,[]
周擂台2,3050,古明地觉(3050),7140,20328,9240,10290,5565,4,金星,火土,100.0,己方全体受到来自斩击弹的伤害下降65% (1回合),"[[12, 4, 2, 1, 65, 100]]",无,[]
周擂台2,3010,西行寺幽幽子(3010),7140,20328,9240,10290,5565,4,月土,日火,100.0,对敌方全体附加2枚结界异常「感电」 (1回合),"[[6, 3, 4, 1, 2, 100]]",无,[]
周擂台2,1119,驹草山如(1119),7140,9240,9240,4998,5565,7,日水,月木,100.0,己方全体受到来自镭射弹的伤害下降65% (1回合),"[[12, 2, 2, 1, 65, 100]]",无,[]
周擂台2,1121,菅牧典(1121),7140,20328,9240,10290,5565,4,木星,金土,100.0,己方全体受到来自流体弹的伤害下降65% (1回合),"[[12, 6, 2, 1, 65, 100]]",无,[]
周擂台2,2042,因幡帝(2042),7140,20328,9240,10290,5565,4,火金,水星,100.0,己方全体受到来自能量弹的伤害下降65% (1回合),"[[12, 7, 2, 1, 65, 100]]",无,[]
周擂台2,2020,藤原妹红(2020),7140,9240,9240,4998,5565,7,月木,日火,100.0,己方全体受到来自镭射弹的伤害下降65% (1回合),"[[12, 2, 2, 1, 65, 100]]",无,[]
周擂台2,5052,火焰猫燐(5052),7140,9240,9240,4998,3885,7,金星,月水,50.0,己方全体会心防御上升5等级 (1回合),[],己方全体阴攻上升2等级 (1回合),"[[1, 3, 2, 1, 2]]"
周擂台2,5053,灵乌路空(5053),7140,9240,9240,4998,5040,7,日土,木星,100.0,对敌方全体附加2枚结界异常「黑暗」 (1回合),"[[6, 5, 4, 1, 2, 100]]",无,[]
周擂台2,2021,清兰(2021),7140,20328,9240,10290,5565,4,水金,木土,100.0,对敌方全体附加2枚结界异常「感电」 (1回合),"[[6, 3, 4, 1, 2, 100]]",无,[]
周擂台2,2022,铃瑚(2022),7140,9240,9240,4998,5565,7,土星,日火,100.0,己方全体受到来自流体弹的伤害下降65% (1回合),"[[12, 6, 2, 1, 65, 100]]",无,[]
周擂台2,2073,露米娅(2073),7140,9240,9240,4998,3885,7,日水,月金,50.0,敌方全体阳防下降5等级 (1回合),"[[2, 2, 4, 1, 5, 50]]",己方全体会心攻击上升2等级 (1回合),"[[1, 8, 2, 1, 2]]"
周擂台2,4004,芙兰朵露·斯卡雷特(4004),7140,9240,9240,4998,3885,7,月火,日星,100.0,己方全体受到来自土属性的伤害下降50% (1回合),"[[13, 7, 2, 1, 50, 100]]",己方全体阴攻上升2等级 (1回合),"[[1, 3, 2, 1, 2]]"
周擂台2,4003,蕾米莉亚·斯卡雷特(4003),7140,9240,9240,4998,3885,7,木土,水金,100.0,己方全体受到来自月属性的伤害下降50% (1回合),"[[13, 2, 2, 1, 50, 100]]",自身命中上升2等级 (1回合),"[[1, 6, 1, 1, 2]]"
周擂台2,3007,红美铃(3007),7140,9240,9240,4998,4725,7,日金,月水,100.0,对敌方全体附加2枚结界异常「燃烧」 (1回合),"[[6, 1, 4, 1, 2, 100]]",无,[]
周擂台2,3008,小恶魔(3008),7140,9240,9240,4998,4725,7,日木,月火,100.0,己方全体受到来自动能弹的伤害下降65% (1回合),"[[12, 5, 2, 1, 65, 100]]",无,[]
周擂台2,2031,大妖精(2031),7140,20328,9240,10290,3990,4,水土,木金星,100.0,己方全体受到来自通常弹的伤害下降65% (1回合),"[[12, 1, 2, 1, 65, 100]]",无,[]
周擂台2,5056,赫卡提亚·拉碧斯拉祖利(5056),7140,20328,9240,10290,3990,4,日月,土星,100.0,对敌方全体附加2枚结界异常「感电」 (1回合),"[[6, 3, 4, 1, 2, 100]]",无,[]
周擂台2,19032,爱丽丝·玛格特罗伊德(19032),7140,9240,9240,4998,5565,7,火星,水木,50.0,敌方全体阳防下降5等级 (1回合),"[[2, 2, 4, 1, 5, 50]]",无,[]
周擂台2,3084,风见幽香(3084),7140,20328,9240,10290,4200,4,金星,月水,100.0,己方全体受到来自斩击弹的伤害下降65% (1回合),"[[12, 4, 2, 1, 65, 100]]",无,[]
周擂台2,2080,哆来咪·苏伊特(2080),7140,9240,9240,4998,4725,7,日木,月火,100.0,对敌方全体附加2枚结界异常「黑暗」 (1回合),"[[6, 5, 4, 1, 2, 100]]",无,[]
周擂台2,2072,上白泽慧音(2072),7140,9240,9240,4998,5040,7,水土,火木金,100.0,己方全体受到来自御符弹的伤害下降65% (1回合),"[[12, 8, 2, 1, 65, 100]]",无,[]
周擂台2,2097,米斯蒂娅·萝蕾拉(2097),7140,20328,9240,10290,4200,4,火金,土星,100.0,对敌方全体附加2枚结界异常「感电」 (1回合),"[[6, 3, 4, 1, 2, 100]]",无,[]
周擂台2,2098,莉格露·奈特巴格(2098),7140,9240,9240,4998,4725,7,水木,日土,100.0,对敌方全体附加2枚结界异常「燃烧」 (1回合),"[[6, 1, 4, 1, 2, 100]]",无,[]
周擂台2,2055,四季映姬·夜摩仙那度(2055),7140,20328,9240,10290,5460,4,月火,日木,100.0,对敌方全体附加2枚结界异常「毒雾」 (1回合),"[[6, 4, 4, 1, 2, 100]]",无,[]
周擂台2,6112,庭渡久侘歌(6112),7140,9240,9240,4998,4200,7,日月,金星,50.0,敌方全体阴攻下降5等级 (1回合),"[[2, 3, 4, 1, 5, 50]]",己方全体阴攻上升2等级 (1回合),"[[1, 3, 2, 1, 2]]"
周擂台2,2054,小野塚小町(2054),7140,20328,9240,10290,4935,4,火水,金土,100.0,对敌方全体附加2枚结界异常「燃烧」 (1回合),"[[6, 1, 4, 1, 2, 100]]",无,[]
周擂台2,19009,八云紫(19009),7140,9240,9240,4998,4515,7,木金,月火,50.0,己方全体阳攻上升5等级 (1回合),"[[1, 1, 2, 1, 5, 50]]",自身速度上升2等级 (1回合),"[[1, 5, 1, 1, 2]]"
周擂台2,5001,博丽灵梦(5001),7140,9240,9240,4998,4725,7,月金,水星,100.0,己方全体受到来自御符弹的伤害下降65% (1回合),"[[12, 8, 2, 1, 65, 100]]",无,[]
周擂台2,6001,博丽灵梦(6001),7140,20328,9240,10290,4305,4,月金,水土,100.0,己方全体受到来自尖弹的伤害下降65% (1回合),"[[12, 10, 2, 1, 65, 100]]",无,[]
周擂台2,4032,爱丽丝·玛格特罗伊德(4032),7140,9240,9240,4998,5250,7,土星,日木,50.0,己方全体会心攻击上升5等级 (1回合),"[[1, 8, 2, 1, 5, 50]]",己方全体阳攻上升2等级 (1回合),"[[1, 1, 2, 1, 2]]"
周擂台2,2036,梅蒂欣·梅兰可莉(2036),7140,9240,9240,4998,4200,7,日水,火星,50.0,敌方全体阳攻下降5等级 (1回合),"[[2, 1, 4, 1, 5, 50]]",自身阳攻上升2等级 (1回合),"[[1, 1, 1, 1, 2]]"
周擂台2,5002,雾雨魔理沙(5002),7140,9240,9240,4998,4935,7,木土,月星,100.0,对敌方全体附加2枚结界异常「冻结」 (1回合),"[[6, 2, 4, 1, 2, 100]]",无,[]
周擂台2,6002,雾雨魔理沙(6002),7140,20328,9240,10290,4515,4,日星,木金,100.0,对敌方全体附加2枚结界异常「燃烧」 (1回合),"[[6, 1, 4, 1, 2, 100]]",无,[]
周擂台2,1116,饕餮尤魔(1116),7140,9240,9240,4998,5460,7,木土,金星,100.0,己方全体受到来自光弹的伤害下降65% (1回合),"[[12, 9, 2, 1, 65, 100]]",无,[]
周擂台2,18005,十六夜咲夜(18005),7140,20328,9240,10290,4725,4,日金,水土,100.0,己方全体受到来自斩击弹的伤害下降65% (1回合),"[[12, 4, 2, 1, 65, 100]]",无,[]
周擂台2,19005,十六夜咲夜(19005),7140,9240,9240,4998,4305,7,火星,日土,100.0,己方全体受到来自能量弹的伤害下降65% (1回合),"[[12, 7, 2, 1, 65, 100]]",无,[]
周擂台2,6062,露娜萨·普莉兹姆利巴(6062),7140,9240,9240,4998,4515,7,水星,日土,50.0,己方全体阳攻上升5等级 (1回合),"[[1, 1, 2, 1, 5, 50]]",己方全体命中上升2等级 (1回合),"[[1, 6, 2, 1, 2]]"
周擂台2,6063,梅露兰·普莉兹姆利巴(6063),7140,9240,9240,4998,4410,7,火木,月金,100.0,己方全体受到来自动能弹的伤害下降65% (1回合),"[[12, 5, 2, 1, 65, 100]]",无,[]
周擂台2,6064,莉莉卡·普莉兹姆利巴(6064),7140,20328,9240,10290,4305,4,月水,火木,100.0,己方全体受到来自御符弹的伤害下降65% (1回合),"[[12, 8, 2, 1, 65, 100]]",无,[]
周擂台2,4020,藤原妹红(4020),7140,9240,9240,4998,5250,7,月水,木星,100.0,对敌方全体附加2枚结界异常「燃烧」 (1回合),"[[6, 1, 4, 1, 2, 100]]",无,[]
周擂台2,6024,圣白莲(6024),7140,20328,9240,10290,3990,4,火星,水土,100.0,对敌方全体附加2枚结界异常「毒雾」 (1回合),"[[6, 4, 4, 1, 2, 100]]",无,[]
周擂台2,8032,爱丽丝·玛格特罗伊德(8032),7140,20328,9240,10290,3990,4,木金,日火,100.0,己方全体受到来自尖弹的伤害下降65% (1回合),"[[12, 10, 2, 1, 65, 100]]",无,[]
周擂台2,6089,比那名居天子(6089),7140,20328,9240,10290,5250,4,月土,日火,100.0,己方全体受到来自动能弹的伤害下降65% (1回合),"[[12, 5, 2, 1, 65, 100]]",无,[]
周擂台2,2014,橙(2014),7140,9240,9240,4998,3990,7,日水,月木,50.0,敌方全体会心回避下降5等级 (1回合),"[[2, 7, 4, 1, 5, 50]]",自身会心攻击上升2等级 (1回合),"[[1, 8, 1, 1, 2]]"
周擂台2,7042,因幡帝(7042),7140,9240,9240,4998,3990,7,日金,月水,100.0,对敌方全体附加2枚结界异常「黑暗」 (1回合),"[[6, 5, 4, 1, 2, 100]]",无,[]
周擂台2,2023,铃仙(2023),7140,9240,9240,4998,3990,7,月金,土,50.0,己方全体会心攻击上升5等级 (1回合),"[[1, 8, 2, 1, 5, 50]]",己方全体会心攻击上升2等级 (1回合),"[[1, 8, 2, 1, 2]]"
周擂台2,2084,风见幽香(2084),7140,9240,9240,4998,3990,7,火木,月土,100.0,对敌方全体附加2枚结界异常「毒雾」 (1回合),"[[6, 4, 4, 1, 2, 100]]",无,[]
周擂台2,1125,茨木童子之臂(1125),7140,9240,9240,4998,3990,7,土星,月火,50.0,己方全体会心命中上升5等级 (1回合),"[[1, 6, 2, 1, 5, 50], [1, 9, 2, 1, 5, 50]]",己方全体会心命中上升2等级 (1回合),"[[1, 6, 2, 1, 2], [1, 9, 2, 1, 2]]"
周擂台2,11003,蕾米莉亚·斯卡雷特(11003),7140,20328,9240,10290,3990,4,水木,土星,100.0,对敌方全体附加2枚结界异常「燃烧」 (1回合),"[[6, 1, 4, 1, 2, 100]]",无,[]
周擂台2,6010,西行寺幽幽子(6010),7140,9240,9240,4998,4410,7,土星,日金,100.0,己方全体受到来自光弹的伤害下降65% (1回合),"[[12, 9, 2, 1, 65, 100]]",无,[]
周擂台2,7011,魂魄妖梦(7011),7140,20328,9240,10290,5250,4,日火,月土,100.0,己方全体受到来自斩击弹的伤害下降65% (1回合),"[[12, 4, 2, 1, 65, 100]]",无,[]
周擂台2,7062,露娜萨·普莉兹姆利巴(7062),7140,9240,9240,4998,4610,7,金星,日水,100.0,对敌方全体附加2枚结界异常「毒雾」 (1回合),"[[6, 4, 4, 1, 2, 100]]",无,[]
周擂台2,7063,梅露兰·普莉兹姆利巴(7063),7140,9240,9240,4998,4022,7,土星,月火,100.0,己方全体受到来自追踪弹的伤害下降65% (1回合),"[[12, 11, 2, 1, 65, 100]]",无,[]
周擂台2,7064,莉莉卡·普莉兹姆利巴(7064),7140,20328,9240,10290,5135,4,日木,月火,100.0,对敌方全体附加2枚结界异常「感电」 (1回合),"[[6, 3, 4, 1, 2, 100]]",无,[]
周擂台2,7044,射命丸文(7044),7140,9240,9240,4998,5355,7,火金,日木,50.0,敌方全体阴防下降5等级 (1回合),"[[2, 4, 4, 1, 5, 50]]",己方全体速度上升2等级 (1回合),"[[1, 5, 2, 1, 2]]"
周擂台2,6040,河城荷取(6040),7140,9240,9240,4998,3728,7,火星,日金,100.0,己方全体受到来自御符弹的伤害下降65% (1回合),"[[12, 8, 2, 1, 65, 100]]",无,[]
周擂台2,5089,比那名居天子(5089),7140,9240,9240,4998,5324,7,月木,水金,100.0,对敌方全体附加2枚结界异常「冻结」 (1回合),"[[6, 2, 4, 1, 2, 100]]",无,[]
周擂台2,6087,秦こころ(6087),7140,20328,9240,10290,4715,4,木金,月火,100.0,对敌方全体附加2枚结界异常「黑暗」 (1回合),"[[6, 5, 4, 1, 2, 100]]",无,[]
周擂台2,12004,フランドール·スカーレット(12004),7140,9240,9240,4998,5198,7,日水,月金,50.0,己方全体阴攻上升5等级 (1回合),"[[1, 3, 2, 1, 5, 50]]",己方全体速度上升2等级 (1回合),"[[1, 5, 2, 1, 2]]"
周擂台2,5025,茨木華扇(5025),7140,9240,9240,4998,5208,7,金星,水木,50.0,己方全体会心攻击上升5等级 (1回合),"[[1, 8, 2, 1, 5, 50]]",己方全体命中上升2等级 (1回合),"[[1, 6, 2, 1, 2]]"
周擂台2,6049,星熊勇儀(6049),7140,20328,9240,10290,4253,4,月土,水星,100.0,己方全体受到来自体术弹的伤害下降65% (1回合),"[[12, 3, 2, 1, 65, 100]]",无,[]
周擂台2,8038,八坂神奈子(8038),7140,9240,9240,4998,5156,7,月火,木星,50.0,己方全体阳防上升5等级 (1回合),"[[1, 2, 2, 1, 5, 50]]",己方全体阳攻上升2等级 (1回合),"[[1, 1, 2, 1, 2]]"
周擂台2,6094,鬼人正邪(6094),7140,9240,9240,4998,4494,7,水土,日火,50.0,敌方全体阳攻下降5等级 (1回合),"[[2, 1, 4, 1, 5, 50]]",无,[]
周擂台2,7095,少名針妙丸(7095),7140,9240,9240,4998,4662,7,日火,木星,100.0,对敌方全体附加2枚结界异常「黑暗」 (1回合),"[[6, 5, 4, 1, 2, 100]]",无,[]
周擂台2,8039,洩矢諏訪子(8039),7140,9240,9240,4998,4326,7,月星,日水,100.0,己方全体受到来自尖弹的伤害下降65% (1回合),"[[12, 10, 2, 1, 65, 100]]",无,[]
周擂台2,7085,霍青娥(7085),7140,20328,9240,10290,4662,4,日土,月金,100.0,己方全体受到来自动能弹的伤害下降65% (1回合),"[[12, 5, 2, 1, 65, 100]]",无,[]
周擂台1,1127,孫美天,9240,10290,7140,20328,5250,4,,,,,[],,""""""
周擂台2,1127,孫美天,7140,20328,9240,10290,5250,4,,,,,[],,""""""
周擂台1,1128,三头慧之子,9240,4998,7140,9240,5040,7,,,,,[],,""""""
周擂台2,1128,三头慧之子,7140,9240,9240,4998,5040,7,,,,,[],,""""""
周擂台1,1129,天火人ちやり,9240,4998,7140,9240,5250,7,,,,,[],,""""""
周擂台2,1129,天火人ちやり,7140,9240,9240,4998,5250,7,,,,,[],,""""""
周擂台1,1130,豫母都日狭美,9240,4998,7140,9240,5250,7,,,,,[],,""""""
周擂台2,1130,豫母都日狭美,7140,9240,9240,4998,5250,7,,,,,[],,""""""
周擂台1,1131,日白残无,9240,4998,7140,9240,5040,7,,,,,[],,""""""
周擂台2,1131,日白残无,7140,9240,9240,4998,5040,7,,,,,[],,""""""
周擂台1,2034,ルナチャイルド,9240,10290,7140,20328,5250,4,,,,,[],,""""""
周擂台2,2034,ルナチャイルド,7140,20328,9240,10290,5250,4,,,,,[],,""""""
周擂台1,2037,東風谷早苗,9240,4998,7140,9240,5250,7,,,,,[],,""""""
周擂台2,2037,東風谷早苗,7140,9240,9240,4998,5250,7,,,,,[],,""""""
周擂台1,2048,伊吹萃香,9240,10290,7140,20328,5250,4,,,,,[],,""""""
周擂台2,2048,伊吹萃香,7140,20328,9240,10290,5250,4,,,,,[],,""""""
周擂台1,2088,蕾迪·霍瓦特洛克,9240,4998,7140,9240,5250,7,,,,,"[[6, 2, 4, 1, 2]]",,""""""
周擂台2,2088,蕾迪·霍瓦特洛克,7140,9240,9240,4998,5250,7,,,,,"[[6, 2, 4, 1, 2]]",,""""""
周擂台1,2118,山城たかね,9240,4998,7140,9240,5250,7,,,,,[],,""""""
周擂台2,2118,山城たかね,7140,9240,9240,4998,5250,7,,,,,[],,""""""
周擂台1,3030,琪露诺,9240,10290,7140,20328,5250,4,,,,,"[[6, 2, 4, 1, 2]]",,""""""
周擂台2,3030,琪露诺,7140,20328,9240,10290,5250,4,,,,,"[[6, 2, 4, 1, 2]]",,""""""
周擂台1,3069,摩多羅隠岐奈,9240,4998,7140,9240,5250,7,,,,,[],,""""""
周擂台2,3069,摩多羅隠岐奈,7140,9240,9240,4998,5250,7,,,,,[],,""""""
周擂台1,3072,上白沢慧音,9240,4998,7140,9240,5250,7,,,,,[],,""""""
周擂台2,3072,上白沢慧音,7140,9240,9240,4998,5250,7,,,,,[],,""""""
周擂台1,4013,八雲藍,9240,4998,7140,9240,5250,7,,,,,[],,""""""
周擂台2,4013,八雲藍,7140,9240,9240,4998,5250,7,,,,,[],,""""""
周擂台1,5029,稗田阿求,9240,4998,7140,9240,5250,7,,,,,[],,""""""
周擂台2,5029,稗田阿求,7140,9240,9240,4998,5250,7,,,,,[],,""""""
周擂台1,5031,大妖精,9240,10290,7140,20328,5250,4,,,,,[],,""""""
周擂台2,5031,大妖精,7140,20328,9240,10290,5250,4,,,,,[],,""""""
周擂台1,5046,犬走椛,7140,4998,9240,9240,5355,7,,,,,[],,""""""
周擂台2,5046,犬走椛,9240,9240,7140,4998,5355,7,,,,,[],,""""""
周擂台1,5067,九十九弁々,9240,4998,7140,9240,5250,7,,,,,[],,""""""
周擂台2,5067,九十九弁々,7140,9240,9240,4998,5250,7,,,,,[],,""""""
周擂台1,5068,九十九八橋,9240,10290,7140,20328,5250,4,,,,,[],,""""""
周擂台2,5068,九十九八橋,7140,20328,9240,10290,5250,4,,,,,[],,""""""
周擂台1,5087,秦心,9240,10290,7140,20328,5250,4,,,,,"[[6, 4, 4, 1, 2]]",,""""""
周擂台2,5087,秦心,7140,20328,9240,10290,5250,4,,,,,"[[6, 4, 4, 1, 2]]",,""""""
周擂台1,5094,鬼人正邪,9240,4998,7140,9240,5250,7,,,,,[],,""""""
周擂台2,5094,鬼人正邪,7140,9240,9240,4998,5250,7,,,,,[],,""""""
周擂台1,5105,堀川雷鼓,9240,10290,7140,20328,5250,4,,,,,[],,""""""
周擂台2,5105,堀川雷鼓,7140,20328,9240,10290,5250,4,,,,,[],,""""""
周擂台1,5125,茨木童子の腕,9240,4998,7140,9240,5250,7,,,,,[],,""""""
周擂台2,5125,茨木童子の腕,7140,9240,9240,4998,5250,7,,,,,[],,""""""
周擂台1,6022,鈴瑚,9240,4998,7140,9240,5250,7,,,,,[],,""""""
周擂台2,6022,鈴瑚,7140,9240,9240,4998,5250,7,,,,,[],,""""""
周擂台1,6086,宫古芳香,9240,4998,7140,9240,5250,7,,,,,"[[2, 4, 4, 1, 5]]",,""""""
周擂台2,6086,宫古芳香,7140,9240,9240,4998,5250,7,,,,,"[[2, 4, 4, 1, 5]]",,""""""
周擂台1,6092,物部布都,9240,4998,7140,9240,5250,7,,,,,[],,""""""
周擂台2,6092,物部布都,7140,9240,9240,4998,5250,7,,,,,[],,""""""
周擂台1,6095,少名針妙丸,9240,10290,7140,20328,5250,4,,,,,[],,""""""
周擂台2,6095,少名針妙丸,7140,20328,9240,10290,5250,4,,,,,[],,""""""
周擂台1,7020,藤原妹紅,9240,4998,7140,9240,5250,7,,,,,[],,""""""
周擂台2,7020,藤原妹紅,7140,9240,9240,4998,5250,7,,,,,[],,""""""
周擂台1,7089,比那名居天子,9240,10290,7140,20328,5250,4,,,,,[],,""""""
周擂台2,7089,比那名居天子,7140,20328,9240,10290,5250,4,,,,,[],,""""""
周擂台1,8076,多々良小傘,9240,4998,7140,9240,5250,7,,,,,[],,""""""
周擂台2,8076,多々良小傘,7140,9240,9240,4998,5250,7,,,,,[],,""""""
周擂台1,8092,物部布都,9240,4998,7140,9240,5250,7,,,,,[],,""""""
周擂台2,8092,物部布都,7140,9240,9240,4998,5250,7,,,,,[],,""""""
周擂台1,8099,水桥帕露西,9240,10290,7140,20328,5250,4,,,,,"[[12, 10, 2, 1, 65]]",,""""""
周擂台2,8099,水桥帕露西,7140,20328,9240,10290,5250,4,,,,,"[[12, 10, 2, 1, 65]]",,""""""
周擂台1,10030,チルノ,9240,4998,7140,9240,5250,7,,,,,[],,""""""
周擂台2,10030,チルノ,7140,9240,9240,4998,5250,7,,,,,[],,""""""
周擂台1,11010,西行寺幽幽子,9240,4998,7140,9240,5250,7,,,,,"[[6, 3, 4, 1, 2]]",,""""""
周擂台2,11010,西行寺幽幽子,7140,9240,9240,4998,5250,7,,,,,"[[6, 3, 4, 1, 2]]",,""""""
周擂台1,11040,河城にとり,9240,10290,7140,20328,5250,4,,,,,[],,""""""
周擂台2,11040,河城にとり,7140,20328,9240,10290,5250,4,,,,,[],,""""""
周擂台1,11050,古明地さとり,9240,4998,7140,9240,5250,7,,,,,[],,""""""
周擂台2,11050,古明地さとり,7140,9240,9240,4998,5250,7,,,,,[],,""""""
周擂台1,12015,铃仙·优昙华院·因幡,9240,4998,7140,9240,5250,7,,,,,[],,""""""
周擂台2,12015,铃仙·优昙华院·因幡,7140,9240,9240,4998,5250,7,,,,,[],,""""""
周擂台1,13007,紅美鈴,9240,4998,7140,9240,5250,7,,,,,[],,""""""
周擂台2,13007,紅美鈴,7140,9240,9240,4998,5250,7,,,,,[],,""""""
周擂台1,14006,パチュリー・ノーレッジ,9240,4998,7140,9240,5250,7,,,,,[],,""""""
周擂台2,14006,パチュリー・ノーレッジ,7140,9240,9240,4998,5250,7,,,,,[],,""""""
周擂台1,14009,八雲紫,9240,4998,7140,9240,5250,7,,,,,[],,""""""
周擂台2,14009,八雲紫,7140,9240,9240,4998,5250,7,,,,,[],,""""""
周擂台1,14015,鈴仙・優曇華院・イナバ,9240,10290,7140,20328,5250,4,,,,,[],,""""""
周擂台2,14015,鈴仙・優曇華院・イナバ,7140,20328,9240,10290,5250,4,,,,,[],,""""""
周擂台1,17051,古明地こいし,9240,10290,7140,20328,5250,4,,,,,[],,""""""
周擂台2,17051,古明地こいし,7140,20328,9240,10290,5250,4,,,,,[],,""""""
周擂台1,19003,蕾米莉亚·斯卡雷特,9240,4998,7140,9240,5250,7,,,,,"[[12, 9, 2, 1, 65]]",,""""""
周擂台2,19003,蕾米莉亚·斯卡雷特,7140,9240,9240,4998,5250,7,,,,,"[[12, 9, 2, 1, 65]]",,""""""
