character_id,character_name,name_cn,world_group,character_type,equipment_1a_id,equipment_1a_name,equipment_1a_ratio,equipment_2a_id,equipment_2a_name,equipment_2a_ratio,equipment_1b_id,equipment_1b_name,equipment_1b_ratio,equipment_2b_id,equipment_2b_name,equipment_2b_ratio,equipment_5_id,equipment_5_name,equipment_5_ratio
1001,博麗霊夢,博丽灵梦,L1,防御,380,凝眼怜花花亦友,1.138709677419355,390,异变神社,1.1497076023391815,380,凝眼怜花花亦友,1.138709677419355,390,异变神社,1.1497076023391815,369,业速,1.8602684706671175
1002,霧雨魔理沙,雾雨魔理沙,L1,攻击,380,凝眼怜花花亦友,1.0999999999999999,390,异变神社,1.106666666666667,380,凝眼怜花花亦友,1.0999999999999999,390,异变神社,1.106666666666667,390,异变神社,2.0177243570848566
1003,レミリア・スカーレット,蕾米莉亚·斯卡雷特,L1,技巧,390,异变神社,1.098461538461539,390,异变神社,1.0984615384615384,390,异变神社,1.098461538461539,390,异变神社,1.0984615384615384,622,追忆之爱,1.7230207162357483
1004,フランドール・スカーレット,芙兰朵露·斯卡雷特,L1,破坏,390,异变神社,1.0927536231884056,390,异变神社,1.0927536231884059,390,异变神社,1.0927536231884056,390,异变神社,1.0927536231884059,383,狂气的赤瞳,1.6265451075672983
1005,十六夜咲夜,十六夜咲夜,L1,速攻,390,异变神社,1.115837104072398,380,凝眼怜花花亦友,1.1079497907949794,390,异变神社,1.115837104072398,380,凝眼怜花花亦友,1.1079497907949794,312,黄泉有闲人,1.9290052441729644
1006,パチュリー・ノーレッジ,帕秋莉·诺蕾姬,L1,技巧,390,异变神社,1.0927536231884056,390,异变神社,1.092753623188406,390,异变神社,1.0927536231884056,390,异变神社,1.092753623188406,510,安闲惬意的神秘竹林,1.824651463966715
1007,紅美鈴,红美铃,L1,攻击,390,异变神社,1.104065040650407,380,凝眼怜花花亦友,1.108403361344538,390,异变神社,1.104065040650407,380,凝眼怜花花亦友,1.108403361344538,462,模拟二童子,1.649154284737315
1008,小悪魔,小恶魔,L1,干扰,390,异变神社,1.1024,390,异变神社,1.1024,390,异变神社,1.1024,390,异变神社,1.1024,490,PHANTOM PAIN,1.6177652929387523
1009,八雲紫,八云紫,L1,防御,380,凝眼怜花花亦友,1.138709677419355,380,凝眼怜花花亦友,1.1387096774193548,380,凝眼怜花花亦友,1.138709677419355,380,凝眼怜花花亦友,1.1387096774193548,265,人偶使与死灵使,2.0480025650283005
1010,西行寺幽々子,西行寺幽幽子,L1,攻击,380,凝眼怜花花亦友,1.093478260869565,380,凝眼怜花花亦友,1.0934782608695655,380,凝眼怜花花亦友,1.093478260869565,380,凝眼怜花花亦友,1.0934782608695655,371,砂糖点心和妹妹,1.857541400679829
1011,魂魄妖夢,魂魄妖梦,L1,攻击,390,异变神社,1.1103448275862071,380,凝眼怜花花亦友,1.111206896551724,390,异变神社,1.1103448275862071,380,凝眼怜花花亦友,1.111206896551724,489,时间界限,1.6160500506492308
1012,リリーホワイト,莉莉白,L1,回复,380,凝眼怜花花亦友,1.1121739130434785,380,凝眼怜花花亦友,1.1121739130434782,380,凝眼怜花花亦友,1.1121739130434785,380,凝眼怜花花亦友,1.1121739130434782,476,钓而不纲,1.9050287050818626
1013,八雲藍,八云蓝,L1,攻击,380,凝眼怜花花亦友,1.0969924812030079,380,凝眼怜花花亦友,1.0969924812030076,380,凝眼怜花花亦友,1.0969924812030079,380,凝眼怜花花亦友,1.0969924812030076,493,失落的祟神,2.107792535275642
1014,橙,橙,L1,速攻,380,凝眼怜花花亦友,1.1057377049180328,380,凝眼怜花花亦友,1.1057377049180326,380,凝眼怜花花亦友,1.1057377049180328,380,凝眼怜花花亦友,1.1057377049180326,359,月与十六夜,1.627170868347338
1015,鈴仙・優曇華院・イナバ,铃仙·优昙华院·因幡,L1,干扰,390,异变神社,1.118518518518518,380,凝眼怜花花亦友,1.1066115702479338,390,异变神社,1.118518518518518,380,凝眼怜花花亦友,1.1066115702479338,383,狂气的赤瞳,2.2393823340671166
1016,綿月豊姫,绵月丰姬,L1,攻击,390,异变神社,1.0853333333333333,390,异变神社,1.0853333333333335,390,异变神社,1.0853333333333333,390,异变神社,1.0853333333333335,476,钓而不纲,1.9882977339485883
1017,綿月依姫,绵月依姬,L1,速攻,390,异变神社,1.0901408450704222,390,异变神社,1.0901408450704229,390,异变神社,1.0901408450704222,390,异变神社,1.0901408450704229,505,魔賢者,1.6982073144584642
1018,八意永琳,八意永琳,L1,回复,390,异变神社,1.104918032786885,380,凝眼怜花花亦友,1.0860000000000003,390,异变神社,1.104918032786885,380,凝眼怜花花亦友,1.0860000000000003,368,与你重逢的奇迹之日,1.5805504162812212
1019,蓬莱山輝夜,蓬莱山辉夜,L1,技巧,380,凝眼怜花花亦友,1.0871621621621617,662,纵情起舞吧！,1.0832003926862197,380,凝眼怜花花亦友,1.0871621621621617,662,纵情起舞吧！,1.0832003926862197,623,世界第一,2.220047487698623
1020,藤原妹紅,藤原妹红,L1,技巧,380,凝眼怜花花亦友,1.098473282442748,380,凝眼怜花花亦友,1.0887707225523924,380,凝眼怜花花亦友,1.098473282442748,380,凝眼怜花花亦友,1.0887707225523924,575,地底大家庭,1.9834749431861896
1021,清蘭,清兰,L1,干扰,390,异变神社,1.1153153153153152,390,异变神社,1.1153153153153155,390,异变神社,1.1153153153153152,390,异变神社,1.1153153153153155,493,失落的祟神,2.0499706293422997
1022,鈴瑚,铃瑚,L1,支援,380,凝眼怜花花亦友,1.1316326530612244,380,凝眼怜花花亦友,1.1316326530612242,380,凝眼怜花花亦友,1.1316326530612244,380,凝眼怜花花亦友,1.1316326530612242,493,失落的祟神,2.0373180240651148
1023,レイセン,铃仙,L1,破坏,703,月戦型ソルジャーの新年,1.0,390,异变神社,1.1471264367816096,703,月戦型ソルジャーの新年,1.0,390,异变神社,1.1471264367816096,10,清廉正直的鸦天狗,1.0
1024,聖白蓮,圣白莲,L1,防御,454,南国冥界海鲜美食家,1.09578231292517,390,异变神社,1.170666666666667,454,南国冥界海鲜美食家,1.09578231292517,390,异变神社,1.170666666666667,619,慈爱黑寡妇(Maternal onyx widow),1.522959342286109
1025,茨木華扇,茨木华扇,L1,技巧,380,凝眼怜花花亦友,1.1003891050583658,380,凝眼怜花花亦友,1.1003891050583658,380,凝眼怜花花亦友,1.1003891050583658,380,凝眼怜花花亦友,1.1003891050583658,622,追忆之爱,1.6188382627231548
1026,本居小鈴,本居小铃,L1,破坏,390,异变神社,1.1,390,异变神社,1.1,390,异变神社,1.1,390,异变神社,1.1,431,诚如天人所言,2.0011921885015203
1029,稗田阿求,稗田阿求,L1,支援,380,凝眼怜花花亦友,1.0996138996139,380,凝眼怜花花亦友,1.0996138996138993,380,凝眼怜花花亦友,1.0996138996139,380,凝眼怜花花亦友,1.0996138996138993,476,钓而不纲,1.5354606542575358
1030,チルノ,琪露诺,L1,破坏,380,凝眼怜花花亦友,1.1151785714285714,390,异变神社,1.1094017094017095,380,凝眼怜花花亦友,1.1151785714285714,390,异变神社,1.1094017094017095,510,安闲惬意的神秘竹林,2.3211772537769755
1031,大妖精,大妖精,L1,支援,380,凝眼怜花花亦友,1.1612500000000001,329,特训后的豆奶,1.0,380,凝眼怜花花亦友,1.1612500000000001,329,特训后的豆奶,1.0,405,咲夜的纪念弹幕,1.0
1032,アリス・マーガトロイド,爱丽丝·玛格特罗依德,L1,技巧,390,异变神社,1.1185185185185187,390,异变神社,1.1185185185185185,390,异变神社,1.1185185185185187,390,异变神社,1.1185185185185185,265,人偶使与死灵使,1.828390277287007
1033,サニーミルク,桑妮·米尔克,L1,攻击,380,凝眼怜花花亦友,1.102380952380952,380,凝眼怜花花亦友,1.1023809523809525,380,凝眼怜花花亦友,1.102380952380952,380,凝眼怜花花亦友,1.1023809523809525,603,花园的最高裁判长,2.0754824184982796
1034,ルナチャイルド,露娜·切尔德,L1,技巧,390,异变神社,1.0752941176470587,390,异变神社,1.075294117647059,390,异变神社,1.0752941176470587,390,异变神社,1.075294117647059,383,狂气的赤瞳,2.113020288235927
1035,スターサファイア,斯塔·萨菲雅,L1,干扰,380,凝眼怜花花亦友,1.1023809523809525,390,异变神社,1.1306122448979594,380,凝眼怜花花亦友,1.1023809523809525,390,异变神社,1.1306122448979594,296,月战型午餐时间,2.0716905670440138
1036,メディスン・メランコリー,梅蒂欣·梅兰可莉,L1,技巧,390,异变神社,1.1084745762711867,390,异变神社,1.1084745762711865,390,异变神社,1.1084745762711867,390,异变神社,1.1084745762711865,380,凝眼怜花花亦友,1.9113354469354076
1037,東風谷早苗,东风谷早苗,L1,回复,380,凝眼怜花花亦友,1.0992307692307697,390,异变神社,1.121904761904762,380,凝眼怜花花亦友,1.0992307692307697,390,异变神社,1.121904761904762,623,世界第一,1.9338171975244287
1038,八坂神奈子,八坂神奈子,L1,防御,380,凝眼怜花花亦友,1.1075000000000004,380,凝眼怜花花亦友,1.1075000000000004,380,凝眼怜花花亦友,1.1075000000000004,380,凝眼怜花花亦友,1.1075000000000004,469,失落之山,1.995326880514356
1039,洩矢諏訪子,泄矢诹访子,L1,攻击,390,异变神社,1.0914285714285714,390,异变神社,1.0914285714285714,390,异变神社,1.0914285714285714,390,异变神社,1.0914285714285714,619,慈爱黑寡妇(Maternal onyx widow),1.9345266507557677
1040,河城にとり,河城荷取,L1,干扰,380,凝眼怜花花亦友,1.134375,390,异变神社,1.114285714285714,380,凝眼怜花花亦友,1.134375,390,异变神社,1.114285714285714,373,流星的魔法使,1.590326810351818
1042,因幡てゐ,因幡帝,L1,干扰,380,凝眼怜花花亦友,1.1066115702479342,380,凝眼怜花花亦友,1.1066115702479336,380,凝眼怜花花亦友,1.1066115702479342,380,凝眼怜花花亦友,1.1066115702479336,603,花园的最高裁判长,2.047532103905948
1043,宇佐見菫子,宇佐见堇子,L1,技巧,664,想いを手紙に託して,1.103783783783784,664,想いを手紙に託して,1.096969696969697,664,想いを手紙に託して,1.103783783783784,664,想いを手紙に託して,1.096969696969697,296,月战型午餐时间,2.0708276520161424
1044,射命丸文,射命丸文,L1,速攻,454,南国冥界海鲜美食家,1.094491742742845,454,南国冥界海鲜美食家,1.0911051212938006,454,南国冥界海鲜美食家,1.094491742742845,454,南国冥界海鲜美食家,1.0911051212938006,623,世界第一,2.05743937262405
1045,姫海棠はたて,姬海棠果,L1,速攻,390,异变神社,1.106666666666667,390,异变神社,1.1066666666666665,390,异变神社,1.106666666666667,390,异变神社,1.1066666666666665,555,アナザー剛欲同盟,2.066967787845946
1046,犬走椛,犬走椛,L1,防御,390,异变神社,1.1254901960784316,380,凝眼怜花花亦友,1.1277227722772276,390,异变神社,1.1254901960784316,380,凝眼怜花花亦友,1.1277227722772276,476,钓而不纲,2.2132205764611683
1047,坂田ネムノ,坂田合欢,L1,攻击,390,异变神社,1.0853333333333335,390,异变神社,1.085333333333333,390,异变神社,1.0853333333333335,390,异变神社,1.085333333333333,622,追忆之爱,2.046413155136212
1048,伊吹萃香,伊吹萃香,L1,技巧,390,异变神社,1.0842105263157895,390,异变神社,1.084210526315789,390,异变神社,1.0842105263157895,390,异变神社,1.084210526315789,312,黄泉有闲人,2.095014914446756
1049,星熊勇儀,星熊勇仪,L1,破坏,390,异变神社,1.0799999999999998,390,异变神社,1.0800000000000003,390,异变神社,1.0799999999999998,390,异变神社,1.0800000000000003,390,异变神社,1.9044279334818082
1050,古明地さとり,古明地觉,L1,干扰,380,凝眼怜花花亦友,1.0928057553956831,380,凝眼怜花花亦友,1.0928057553956831,380,凝眼怜花花亦友,1.0928057553956831,380,凝眼怜花花亦友,1.0928057553956831,492,举头思月,2.053403184140892
1051,古明地こいし,古明地恋,L1,破坏,390,异变神社,1.0920863309352515,390,异变神社,1.0920863309352515,390,异变神社,1.0920863309352515,390,异变神社,1.0920863309352515,623,世界第一,1.9872214593460258
1052,火焔猫燐,火焰猫燐,L1,干扰,390,异变神社,1.1066666666666665,390,异变神社,1.1066666666666674,390,异变神社,1.1066666666666665,390,异变神社,1.1066666666666674,532,ダイブ·トゥ·ツリー,2.082863536541184
1053,霊烏路空,灵乌路空,L1,速攻,664,想いを手紙に託して,1.0863122318991294,454,南国冥界海鲜美食家,1.080850006213496,664,想いを手紙に託して,1.0863122318991294,454,南国冥界海鲜美食家,1.080850006213496,575,地底大家庭,1.7863122435968055
1054,小野塚小町,小野冢小町,L1,技巧,390,异变神社,1.0876712328767115,390,异变神社,1.0876712328767124,390,异变神社,1.0876712328767115,390,异变神社,1.0876712328767124,505,魔賢者,1.7619352639640187
1055,四季映姫・ヤマザナドゥ,四季映姬·夜摩仙那度,L1,攻击,662,纵情起舞吧！,1.0962264150943393,390,异变神社,1.0914285714285712,662,纵情起舞吧！,1.0962264150943393,390,异变神社,1.0914285714285712,425,星の人形たち,2.073751069282668
1056,ヘカーティア・ラピスラズリ,赫卡提亚·拉碧斯拉祖利,L1,破坏,390,异变神社,1.0731428571428572,390,异变神社,1.0731428571428572,390,异变神社,1.0731428571428572,390,异变神社,1.0731428571428572,622,追忆之爱,2.0835691107419545
1057,純狐,纯狐,L1,破坏,380,凝眼怜花花亦友,1.0796296296296293,380,凝眼怜花花亦友,1.0796296296296297,380,凝眼怜花花亦友,1.0796296296296293,380,凝眼怜花花亦友,1.0796296296296297,494,悲伤的出口,1.8859384706510407
1058,クラウンピース,克劳恩皮丝,L1,破坏,390,异变神社,1.0882758620689648,380,凝眼怜花花亦友,1.1535714285714285,390,异变神社,1.0882758620689648,380,凝眼怜花花亦友,1.1535714285714285,10904061,结界异常,1.9502929406182479
1059,秋静葉,秋静叶,L1,支援,390,异变神社,1.0984615384615386,390,异变神社,1.0984615384615386,390,异变神社,1.0984615384615386,390,异变神社,1.0984615384615386,380,凝眼怜花花亦友,1.7256750956785343
1060,秋穣子,秋穣子,L1,回复,390,异变神社,1.1024000000000003,390,异变神社,1.1023999999999998,390,异变神社,1.1024000000000003,390,异变神社,1.1023999999999998,623,世界第一,2.0134265239368156
1061,鍵山雛,键山雏,L1,干扰,380,凝眼怜花花亦友,1.0992307692307688,390,异变神社,1.1066666666666665,380,凝眼怜花花亦友,1.0992307692307688,390,异变神社,1.1066666666666665,383,狂气的赤瞳,1.6562500000000002
1062,ルナサ・プリズムリバー,露娜萨·普莉兹姆利巴,L1,回复,390,异变神社,1.0882758620689659,390,异变神社,1.0882758620689652,390,异变神社,1.0882758620689659,390,异变神社,1.0882758620689652,638,海彦的呼声,2.0748344509136842
1063,メルラン・プリズムリバー,梅露兰·普莉兹姆利巴,L1,干扰,662,纵情起舞吧！,1.0957746478873238,664,想いを手紙に託して,1.0846187747906568,662,纵情起舞吧！,1.0957746478873238,664,想いを手紙に託して,1.0846187747906568,623,世界第一,2.1815068064278242
1064,リリカ・プリズムリバー,莉莉卡·普莉兹姆利巴,L1,支援,380,凝眼怜花花亦友,1.105306122448979,390,异变神社,1.1044897959183675,380,凝眼怜花花亦友,1.105306122448979,390,异变神社,1.1044897959183675,623,世界第一,2.1118551135719184
1065,依神女苑,依神女苑,L1,攻击,380,凝眼怜花花亦友,1.081904761904762,338,狂暴·点餐,1.0,380,凝眼怜花花亦友,1.081904761904762,338,狂暴·点餐,1.0,10901014,和报告内容一致,1.7272844027575232
1066,依神紫苑,依神紫苑,L1,干扰,390,异变神社,1.0812698412698414,390,异变神社,1.0812698412698412,390,异变神社,1.0812698412698414,390,异变神社,1.0812698412698412,622,追忆之爱,1.5656589548769646
1067,九十九弁々,九十九弁弁,L1,速攻,390,异变神社,1.0882758620689659,390,异变神社,1.0882758620689656,390,异变神社,1.0882758620689659,390,异变神社,1.0882758620689656,622,追忆之爱,2.144904039118606
1068,九十九八橋,九十九八桥,L1,技巧,380,凝眼怜花花亦友,1.0889655172413795,380,凝眼怜花花亦友,1.0889655172413795,380,凝眼怜花花亦友,1.0889655172413795,380,凝眼怜花花亦友,1.0889655172413795,623,世界第一,2.1976141108696
1069,摩多羅隠岐奈,摩多罗隐岐奈,L1,破坏,380,凝眼怜花花亦友,1.081645569620253,380,凝眼怜花花亦友,1.0816455696202536,380,凝眼怜花花亦友,1.081645569620253,380,凝眼怜花花亦友,1.0816455696202536,390,异变神社,1.936546112055111
1070,爾子田里乃,尔子田里乃,L1,支援,390,异变神社,1.0882758620689652,390,异变神社,1.0882758620689648,390,异变神社,1.0882758620689652,390,异变神社,1.0882758620689648,364,I'm Alright!,1.8851371468818197
1071,丁礼田舞,丁礼田舞,L1,支援,458,古明地观光无尽之旅,1.0736051868281864,380,凝眼怜花花亦友,1.08896551724138,458,古明地观光无尽之旅,1.0736051868281864,380,凝眼怜花花亦友,1.08896551724138,371,砂糖点心和妹妹,2.047304071384088
1072,上白沢慧音,上白泽慧音,L1,防御,380,凝眼怜花花亦友,1.1075000000000002,380,凝眼怜花花亦友,1.1075,380,凝眼怜花花亦友,1.1075000000000002,380,凝眼怜花花亦友,1.1075,603,花园的最高裁判长,2.084389206345621
1073,ルーミア,露米娅,L1,干扰,390,异变神社,1.0955223880597016,390,异变神社,1.0955223880597016,390,异变神社,1.0955223880597016,390,异变神社,1.0955223880597016,486,光谱学,1.7721105861663893
1074,寅丸星,寅丸星,L1,攻击,380,凝眼怜花花亦友,1.0860000000000003,380,凝眼怜花花亦友,1.0860000000000003,380,凝眼怜花花亦友,1.0860000000000003,380,凝眼怜花花亦友,1.0860000000000003,486,光谱学,1.5034465713693816
1075,村紗水蜜,村纱水蜜,L1,速攻,380,凝眼怜花花亦友,1.0969924812030076,380,凝眼怜花花亦友,1.0969924812030079,380,凝眼怜花花亦友,1.0969924812030076,380,凝眼怜花花亦友,1.0969924812030079,510,安闲惬意的神秘竹林,2.4843971536276235
1076,多々良小傘,多多良小伞,L1,技巧,663,○か×かそんなの嫌（やー）よ,1.0981996726677579,660,轮回往复 伦理渐佚,1.0939764327014567,663,○か×かそんなの嫌（やー）よ,1.0981996726677579,660,轮回往复 伦理渐佚,1.0939764327014567,638,海彦的呼声,1.8375465520910954
1077,わかさぎ姫,若鹭姬,L1,支援,664,想いを手紙に託して,1.0712935457736972,664,想いを手紙に託して,1.0792692367239511,664,想いを手紙に託して,1.0712935457736972,664,想いを手紙に託して,1.0792692367239511,267,新发明·厄之清洁器,1.0
1078,今泉影狼,今泉影狼,L1,速攻,664,想いを手紙に託して,1.0859065033638085,664,想いを手紙に託して,1.0872721239396899,664,想いを手紙に託して,1.0859065033638085,664,想いを手紙に託して,1.0872721239396899,476,钓而不纲,1.7155132211751913
1079,赤蛮奇,赤蛮奇,L1,技巧,664,想いを手紙に託して,1.0906921241050123,662,纵情起舞吧！,1.095252225519288,664,想いを手紙に託して,1.0906921241050123,662,纵情起舞吧！,1.095252225519288,446,辛红北极星,1.8370172168574965
1080,ドレミー・スイート,哆来咪·苏伊特,L1,技巧,390,异变神社,1.0962406015037596,390,异变神社,1.0962406015037593,390,异变神社,1.0962406015037596,390,异变神社,1.0962406015037593,462,模拟二童子,2.030256614556145
1081,稀神サグメ,稀神探女,L1,干扰,380,凝眼怜花花亦友,1.0969924812030076,390,异变神社,1.1122807017543859,380,凝眼怜花花亦友,1.0969924812030076,390,异变神社,1.1122807017543859,491,Be the change,2.0888853049784233
1082,二ッ岩マミゾウ,二岩猯藏,L1,防御,390,异变神社,1.0914285714285707,660,轮回往复 伦理渐佚,1.0848346636259976,390,异变神社,1.0914285714285707,660,轮回往复 伦理渐佚,1.0848346636259976,622,追忆之爱,1.7770940030118554
1083,高麗野あうん,高丽野阿吽,L1,支援,380,凝眼怜花花亦友,1.09020979020979,380,凝眼怜花花亦友,1.0902097902097903,380,凝眼怜花花亦友,1.09020979020979,380,凝眼怜花花亦友,1.0902097902097903,425,星の人形たち,1.660040232329123
1084,風見幽香,风见幽香,L1,攻击,380,凝眼怜花花亦友,1.089583333333333,380,凝眼怜花花亦友,1.0895833333333336,380,凝眼怜花花亦友,1.089583333333333,380,凝眼怜花花亦友,1.0895833333333336,368,与你重逢的奇迹之日,2.1591740885282023
1085,霍青娥,霍青娥,L1,速攻,390,异变神社,1.105785123966942,390,异变神社,1.1057851239669423,390,异变神社,1.105785123966942,390,异变神社,1.1057851239669423,10903008,狩猎者与猎物,2.3300082512185627
1086,宮古芳香,宫古芳香,L1,防御,390,异变神社,1.1306122448979594,390,异变神社,1.1306122448979592,390,异变神社,1.1306122448979594,390,异变神社,1.1306122448979592,505,魔賢者,2.1633476663199214
1087,秦こころ,秦心,L1,回复,390,异变神社,1.0911032028469754,390,异变神社,1.0911032028469752,390,异变神社,1.0911032028469754,390,异变神社,1.0911032028469752,485,メイド長代行の門番小娘,1.6801582890332092
1088,レティ・ホワイトロック,蕾迪·霍瓦特洛克,L1,技巧,390,异变神社,1.0917562724014336,390,异变神社,1.0917562724014338,390,异变神社,1.0917562724014336,390,异变神社,1.0917562724014338,510,安闲惬意的神秘竹林,2.3124731071043922
1089,比那名居天子,比那名居天子,L1,技巧,662,纵情起舞吧！,1.0873949579831932,380,凝眼怜花花亦友,1.0837662337662335,662,纵情起舞吧！,1.0873949579831932,380,凝眼怜花花亦友,1.0837662337662335,493,失落的祟神,2.200272582304486
1090,永江衣玖,永江衣玖,L1,速攻,664,想いを手紙に託して,1.1022554524865822,664,想いを手紙に託して,1.1010326909162664,664,想いを手紙に託して,1.1022554524865822,664,想いを手紙に託して,1.1010326909162664,637,海雀的歌声,2.351224959506165
1091,豊聡耳神子,丰聪耳神子,L1,攻击,380,凝眼怜花花亦友,1.0793846153846156,380,凝眼怜花花亦友,1.0793846153846156,380,凝眼怜花花亦友,1.0793846153846156,380,凝眼怜花花亦友,1.0793846153846156,312,黄泉有闲人,1.9938239282794161
1092,物部布都,物部布都,L1,速攻,664,想いを手紙に託して,1.0775677557440877,664,想いを手紙に託して,1.0826092889960421,664,想いを手紙に託して,1.0775677557440877,664,想いを手紙に託して,1.0826092889960421,575,地底大家庭,2.232985723885069
1093,蘇我屠自古,苏我屠自古,L1,破坏,390,异变神社,1.0920863309352509,390,异变神社,1.0920863309352515,390,异变神社,1.0920863309352509,390,异变神社,1.0920863309352515,503,繁星璀璨之夜的魔术师,2.049162250993285
1094,鬼人正邪,鬼人正邪,L1,技巧,380,凝眼怜花花亦友,1.096268656716418,458,古明地观光无尽之旅,1.0916666666666668,380,凝眼怜花花亦友,1.096268656716418,458,古明地观光无尽之旅,1.0916666666666668,357,暖热的指尖,1.8937197093526144
1095,少名針妙丸,少名针妙丸,L1,攻击,380,凝眼怜花花亦友,1.0776640577965086,458,古明地观光无尽之旅,1.0743045787282905,380,凝眼怜花花亦友,1.0776640577965086,458,古明地观光无尽之旅,1.0743045787282905,390,异变神社,2.2779369331104937
1096,幽谷響子,幽谷响子,L1,干扰,380,凝眼怜花花亦友,1.0959107806691448,380,凝眼怜花花亦友,1.095910780669145,380,凝眼怜花花亦友,1.0959107806691448,380,凝眼怜花花亦友,1.095910780669145,636,爱丽丝的维护工作,2.1298872315763977
1097,ミスティア・ローレライ,米斯蒂娅·萝蕾拉,L1,干扰,390,异变神社,1.0951672862453534,390,异变神社,1.095167286245353,390,异变神社,1.0951672862453534,390,异变神社,1.095167286245353,383,狂气的赤瞳,2.200333811857976
1098,リグル・ナイトバグ,莉格露·奈特巴格,L1,干扰,663,○か×かそんなの嫌（やー）よ,1.0891223621048822,663,○か×かそんなの嫌（やー）よ,1.089663760896637,663,○か×かそんなの嫌（やー）よ,1.0891223621048822,663,○か×かそんなの嫌（やー）よ,1.089663760896637,625,欠損Ride on,2.146966179848764
1099,水橋パルスィ,水桥帕露西,L1,攻击,390,异变神社,1.0856187290969896,390,异变神社,1.0856187290969894,390,异变神社,1.0856187290969896,390,异变神社,1.0856187290969894,490,PHANTOM PAIN,2.214548494983276
1100,黒谷ヤマメ,黑谷山女,L1,速攻,663,○か×かそんなの嫌（やー）よ,1.0942121599415735,663,○か×かそんなの嫌（やー）よ,1.0945483018498583,663,○か×かそんなの嫌（やー）よ,1.0942121599415735,663,○か×かそんなの嫌（やー）よ,1.0945483018498583,490,PHANTOM PAIN,1.5967246543715015
1101,キスメ,琪斯美,L1,破坏,663,○か×かそんなの嫌（やー）よ,1.0871900173748226,663,○か×かそんなの嫌（やー）よ,1.0871900173748228,663,○か×かそんなの嫌（やー）よ,1.0871900173748226,663,○か×かそんなの嫌（やー）よ,1.0871900173748228,622,追忆之爱,2.396004662812138
1102,ナズーリン,纳兹琳,L1,支援,664,想いを手紙に託して,1.0735198821796765,454,南国冥界海鲜美食家,1.074988905956648,664,想いを手紙に託して,1.0735198821796765,454,南国冥界海鲜美食家,1.074988905956648,431,诚如天人所言,1.7082817117193396
1103,雲居一輪,云居一轮,L1,破坏,380,凝眼怜花花亦友,1.0777108433734939,458,古明地观光无尽之旅,1.0702412044860956,380,凝眼怜花花亦友,1.0777108433734939,458,古明地观光无尽之旅,1.0702412044860956,509,第二漂亮的石头,2.0595075376576477
1104,封獣ぬえ,封兽鵺,L1,攻击,390,异变神社,1.072031513787282,663,○か×かそんなの嫌（やー）よ,1.0692940666955393,390,异变神社,1.072031513787282,663,○か×かそんなの嫌（やー）よ,1.0692940666955393,485,メイド長代行の門番小娘,1.9801577774932546
1105,堀川雷鼓,堀川雷鼓,L1,速攻,664,想いを手紙に託して,1.084477296726504,664,想いを手紙に託して,1.086141575274177,664,想いを手紙に託して,1.084477296726504,664,想いを手紙に託して,1.086141575274177,371,砂糖点心和妹妹,1.9810374682412255
1106,矢田寺成美,矢田寺成美,L1,破坏,662,纵情起舞吧！,1.0741104421302872,458,古明地观光无尽之旅,1.0721949168134146,662,纵情起舞吧！,1.0741104421302872,458,古明地观光无尽之旅,1.0721949168134146,489,时间界限,1.6012440560993713
1107,エタニティラルバ,爱塔妮缇拉尔瓦,L1,支援,390,异变神社,1.0853333333333335,663,○か×かそんなの嫌（やー）よ,1.0867469879518072,390,异变神社,1.0853333333333335,663,○か×かそんなの嫌（やー）よ,1.0867469879518072,552,海滩管理者,2.055643627851851
1108,埴安神袿姫,埴安神袿姬,L1,技巧,380,凝眼怜花花亦友,1.0859999999999999,380,凝眼怜花花亦友,1.0859999999999996,380,凝眼怜花花亦友,1.0859999999999999,380,凝眼怜花花亦友,1.0859999999999996,493,失落的祟神,2.3667403684686037
1109,杖刀偶磨弓,杖刀偶磨弓,L1,攻击,662,纵情起舞吧！,1.0875756496974012,380,凝眼怜花花亦友,1.0889655172413797,662,纵情起舞吧！,1.0875756496974012,380,凝眼怜花花亦友,1.0889655172413797,312,黄泉有闲人,1.6768677340209255
1110,驪駒早鬼,骊驹早鬼,L1,速攻,663,○か×かそんなの嫌（やー）よ,1.0814220982920875,663,○か×かそんなの嫌（やー）よ,1.0818045112781955,663,○か×かそんなの嫌（やー）よ,1.0814220982920875,663,○か×かそんなの嫌（やー）よ,1.0818045112781955,425,星の人形たち,1.5999999999999994
1111,吉弔八千慧,吉吊八千慧,L1,技巧,660,轮回往复 伦理渐佚,1.097047086991221,663,○か×かそんなの嫌（やー）よ,1.0765832106038293,660,轮回往复 伦理渐佚,1.097047086991221,663,○か×かそんなの嫌（やー）よ,1.0765832106038293,555,アナザー剛欲同盟,2.3375193625505086
1112,庭渡久侘歌,庭渡久侘歌,L1,回复,380,凝眼怜花花亦友,1.0883561643835622,454,南国冥界海鲜美食家,1.0799999999999998,380,凝眼怜花花亦友,1.0883561643835622,454,南国冥界海鲜美食家,1.0799999999999998,10903001,狩猎者与猎物,1.6394351445559632
1113,牛崎潤美,牛崎润美,L1,破坏,390,异变神社,1.0898245614035091,390,异变神社,1.089824561403509,390,异变神社,1.0898245614035091,390,异变神社,1.089824561403509,505,魔賢者,2.015712577478766
1114,戎瓔花,戎璎花,L1,干扰,390,异变神社,1.0917562724014334,660,轮回往复 伦理渐佚,1.0862886092498765,390,异变神社,1.0917562724014334,660,轮回往复 伦理渐佚,1.0862886092498765,505,魔賢者,2.0219293519961608
1116,饕餮尤魔,饕餮尤魔,L1,攻击,660,轮回往复 伦理渐佚,1.0678331090174962,390,异变神社,1.0691891891891896,660,轮回往复 伦理渐佚,1.0678331090174962,390,异变神社,1.0691891891891896,505,魔賢者,2.083068168429067
1117,豪徳寺ミケ,豪德寺三花,L1,支援,458,古明地观光无尽之旅,1.0741110417966315,662,纵情起舞吧！,1.075124807171402,458,古明地观光无尽之旅,1.0741110417966315,662,纵情起舞吧！,1.075124807171402,427,女子二乐坊 Ver.ROCK★,2.140280399707586
1118,山城たかね,山城高岭,L1,技巧,664,想いを手紙に託して,1.0890225563909772,454,南国冥界海鲜美食家,1.0878446115288214,664,想いを手紙に託して,1.0890225563909772,454,南国冥界海鲜美食家,1.0878446115288214,362,道别淡染天青,2.1067140516236216
1119,駒草山如,驹草山如,L1,干扰,390,异变神社,1.0825806451612903,660,轮回往复 伦理渐佚,1.1050293925538863,390,异变神社,1.0825806451612903,660,轮回往复 伦理渐佚,1.1050293925538863,622,追忆之爱,2.387242492703616
1120,玉造魅須丸,玉造魅须丸,L1,技巧,458,古明地观光无尽之旅,1.070315929497838,660,轮回往复 伦理渐佚,1.0849652699977597,458,古明地观光无尽之旅,1.070315929497838,660,轮回往复 伦理渐佚,1.0849652699977597,390,异变神社,1.9465377410807736
1121,菅牧典,菅牧典,L1,干扰,390,异变神社,1.0799999999999998,663,○か×かそんなの嫌（やー）よ,1.0810414971521567,390,异变神社,1.0799999999999998,663,○か×かそんなの嫌（やー）よ,1.0810414971521567,390,异变神社,2.3971845625239925
1122,飯綱丸龍,饭纲丸龙,L1,速攻,664,想いを手紙に託して,1.0896637608966375,663,○か×かそんなの嫌（やー）よ,1.0881186664708467,664,想いを手紙に託して,1.0896637608966375,663,○か×かそんなの嫌（やー）よ,1.0881186664708467,10904064,结界异常,2.3843256733077967
1123,天弓千亦,天弓千亦,L1,攻击,380,凝眼怜花花亦友,1.0688000000000002,380,凝眼怜花花亦友,1.0688000000000004,380,凝眼怜花花亦友,1.0688000000000002,380,凝眼怜花花亦友,1.0688000000000004,10904062,结界异常,1.9041221544313596
1124,姫虫百々世,姬虫百百世,L1,破坏,390,异变神社,1.0680851063829782,380,凝眼怜花花亦友,1.0959107806691455,390,异变神社,1.0680851063829782,380,凝眼怜花花亦友,1.0959107806691455,312,黄泉有闲人,2.3013724876477304
1125,茨木童子の腕,茨木童子的手臂,L1,破坏,390,异变神社,1.0673684210526315,390,异变神社,1.067368421052631,390,异变神社,1.0673684210526315,390,异变神社,1.067368421052631,511,村中万物皆调畅,2.0812418755581357
1127,孫美天,孙美天,L1,技巧,390,异变神社,1.075294117647059,390,异变神社,1.0752941176470592,390,异变神社,1.075294117647059,390,异变神社,1.0752941176470592,566,海滨猎手,1.6378581101233896
1128,三頭慧ノ子,三头慧之子,L1,速攻,663,○か×かそんなの嫌（やー）よ,1.0751443064544337,663,○か×かそんなの嫌（やー）よ,1.0750770224894137,663,○か×かそんなの嫌（やー）よ,1.0751443064544337,663,○か×かそんなの嫌（やー）よ,1.0750770224894137,294,月战型日常训练,1.9008142360630547
1129,天火人ちやり,天火人血枪,L1,攻击,660,轮回往复 伦理渐佚,1.08212927756654,660,轮回往复 伦理渐佚,1.0821292775665408,660,轮回往复 伦理渐佚,1.08212927756654,660,轮回往复 伦理渐佚,1.0821292775665408,296,月战型午餐时间,2.0705716504179854
1130,豫母都日狭美,豫母都日狭美,L1,破坏,660,轮回往复 伦理渐佚,1.077037037037037,660,轮回往复 伦理渐佚,1.0766279455692,660,轮回往复 伦理渐佚,1.077037037037037,660,轮回往复 伦理渐佚,1.0766279455692,462,模拟二童子,2.0221067097773227
1131,日白残無,日白残无,L1,回复,663,○か×かそんなの嫌（やー）よ,1.0717047451669601,390,异变神社,1.0752941176470587,663,○か×かそんなの嫌（やー）よ,1.0717047451669601,390,异变神社,1.0752941176470587,364,I'm Alright!,2.0546582987176523
2001,博麗霊夢,博丽灵梦,F1,攻击,664,想いを手紙に託して,1.0674631061138438,660,轮回往复 伦理渐佚,1.0718529862174584,664,想いを手紙に託して,1.0674631061138438,660,轮回往复 伦理渐佚,1.0718529862174584,10904061,结界异常,2.380485592862383
2002,霧雨魔理沙,雾雨魔理沙,Z1,破坏,390,异变神社,1.0752941176470583,390,异变神社,1.0752941176470592,390,异变神社,1.0752941176470583,390,异变神社,1.0752941176470592,425,星の人形たち,2.0629238692937544
2003,レミリア・スカーレット,蕾米莉亚·斯卡雷特,E9,破坏,390,异变神社,1.0727272727272732,390,异变神社,1.0727272727272728,390,异变神社,1.0727272727272732,390,异变神社,1.0727272727272728,622,追忆之爱,2.094726017553354
2005,十六夜咲夜,十六夜咲夜,E1,破坏,380,凝眼怜花花亦友,1.0686170212765957,380,凝眼怜花花亦友,1.068617021276595,380,凝眼怜花花亦友,1.0686170212765957,380,凝眼怜花花亦友,1.068617021276595,553,アナザー鬼傑組,2.32590064593312
2006,パチュリー・ノーレッジ,帕秋莉·诺蕾姬,A6,破坏,390,异变神社,1.069189189189189,390,异变神社,1.0691891891891891,390,异变神社,1.069189189189189,390,异变神社,1.0691891891891891,625,欠損Ride on,1.9067880478519352
2007,紅美鈴,红美铃,E1,防御,660,轮回往复 伦理渐佚,1.0774193548387092,660,轮回往复 伦理渐佚,1.0774193548387097,660,轮回往复 伦理渐佚,1.0774193548387092,660,轮回往复 伦理渐佚,1.0774193548387097,296,月战型午餐时间,2.0994344935845337
2008,小悪魔,小恶魔,E1,回复,663,○か×かそんなの嫌（やー）よ,1.0753488372093025,660,轮回往复 伦理渐佚,1.0842590346834828,663,○か×かそんなの嫌（やー）よ,1.0753488372093025,660,轮回往复 伦理渐佚,1.0842590346834828,10901014,和报告内容一致,1.9984006815164017
2010,西行寺幽々子,西行寺幽幽子,R2,速攻,390,异变神社,1.072934472934473,390,异变神社,1.072934472934473,390,异变神社,1.072934472934473,390,异变神社,1.072934472934473,431,诚如天人所言,2.0314220687851585
2011,魂魄妖夢,魂魄妖梦,R8,速攻,454,南国冥界海鲜美食家,1.0719488242183988,663,○か×かそんなの嫌（やー）よ,1.0790294627383015,454,南国冥界海鲜美食家,1.0719488242183988,663,○か×かそんなの嫌（やー）よ,1.0790294627383015,312,黄泉有闲人,1.9842422816618164
2013,八雲藍,八云蓝,A7,支援,663,○か×かそんなの嫌（やー）よ,1.0723763570566949,663,○か×かそんなの嫌（やー）よ,1.0697498104624719,663,○か×かそんなの嫌（やー）よ,1.0723763570566949,663,○か×かそんなの嫌（やー）よ,1.0697498104624719,10901014,和报告内容一致,2.0052651839727287
2014,橙,橙,A7,技巧,663,○か×かそんなの嫌（やー）よ,1.085286783042394,390,异变神社,1.0711111111111105,663,○か×かそんなの嫌（やー）よ,1.085286783042394,390,异变神社,1.0711111111111105,505,魔賢者,1.659351909724918
2015,鈴仙・優曇華院・イナバ,铃仙·优昙华院·因幡,B5,防御,660,轮回往复 伦理渐佚,1.0739336492890996,660,轮回往复 伦理渐佚,1.0737631184407792,660,轮回往复 伦理渐佚,1.0739336492890996,660,轮回往复 伦理渐佚,1.0737631184407792,368,与你重逢的奇迹之日,2.0599978780751433
2016,綿月豊姫,绵月丰姬,B3,回复,662,纵情起舞吧！,1.0793926247288503,662,纵情起舞吧！,1.082258064516129,662,纵情起舞吧！,1.0793926247288503,662,纵情起舞吧！,1.082258064516129,420,命运交织！(Engage!),1.99254151992482
2017,綿月依姫,绵月依姬,B3,攻击,380,凝眼怜花花亦友,1.0716666666666668,380,凝眼怜花花亦友,1.0716666666666668,380,凝眼怜花花亦友,1.0716666666666668,380,凝眼怜花花亦友,1.0716666666666668,295,月战型战前简报,2.360465937627852
2018,八意永琳,八意永琳,○○,攻击,380,凝眼怜花花亦友,1.0716666666666668,380,凝眼怜花花亦友,1.0716666666666668,380,凝眼怜花花亦友,1.0716666666666668,380,凝眼怜花花亦友,1.0716666666666668,295,月战型战前简报,2.1735481283422478
2019,蓬莱山輝夜,蓬莱山辉夜,B3,速攻,380,凝眼怜花花亦友,1.0682539682539678,664,想いを手紙に託して,1.0722251725969192,380,凝眼怜花花亦友,1.0682539682539678,664,想いを手紙に託して,1.0722251725969192,420,命运交织！(Engage!),1.7217091261695723
2020,藤原妹紅,藤原妹红,B5,防御,662,纵情起舞吧！,1.0597209757689485,662,纵情起舞吧！,1.0688680520565792,662,纵情起舞吧！,1.0597209757689485,662,纵情起舞吧！,1.0688680520565792,575,地底大家庭,2.308027259163431
2021,清蘭,清兰,B3,速攻,664,想いを手紙に託して,1.0616940581542353,380,凝眼怜花花亦友,1.0724719101123594,664,想いを手紙に託して,1.0616940581542353,380,凝眼怜花花亦友,1.0724719101123594,510,安闲惬意的神秘竹林,2.465199602110868
2022,鈴瑚,铃瑚,B3,技巧,380,凝眼怜花花亦友,1.073295454545454,664,想いを手紙に託して,1.0761767876392383,380,凝眼怜花花亦友,1.073295454545454,664,想いを手紙に託して,1.0761767876392383,457,怪獣はなぜ滅んだのか,1.7688861444807134
2023,レイセン,铃仙,B3,支援,380,凝眼怜花花亦友,1.073504273504273,458,古明地观光无尽之旅,1.0612405880243811,380,凝眼怜花花亦友,1.073504273504273,458,古明地观光无尽之旅,1.0612405880243811,452,恐怖！只身南洋九人组,1.992605732972676
2024,聖白蓮,圣白莲,A12,攻击,663,○か×かそんなの嫌（やー）よ,1.07032967032967,390,异变神社,1.0731428571428574,663,○か×かそんなの嫌（やー）よ,1.07032967032967,390,异变神社,1.0731428571428574,486,光谱学,2.250000000000002
2025,茨木華扇,茨木华扇,C3,支援,664,想いを手紙に託して,1.0660639457244163,454,南国冥界海鲜美食家,1.062941410920686,664,想いを手紙に託して,1.0660639457244163,454,南国冥界海鲜美食家,1.062941410920686,552,海滩管理者,1.9583859410254267
2030,チルノ,琪露诺,A6,干扰,660,轮回往复 伦理渐佚,1.0770031217481797,660,轮回往复 伦理渐佚,1.0770877944325477,660,轮回往复 伦理渐佚,1.0770031217481797,660,轮回往复 伦理渐佚,1.0770877944325477,268,文艺少女美如画,2.2789863799481305
2031,大妖精,大妖精,A6,干扰,660,轮回往复 伦理渐佚,1.078688524590164,390,异变神社,1.0775757575757574,660,轮回往复 伦理渐佚,1.078688524590164,390,异变神社,1.0775757575757574,620,死者的慈悲(Dead man's Tolerance),2.236562982323886
2032,アリス・マーガトロイド,爱丽丝·玛格特罗依德,A7,速攻,663,○か×かそんなの嫌（やー）よ,1.0757396449704137,390,异变神社,1.0742028985507244,663,○か×かそんなの嫌（やー）よ,1.0757396449704137,390,异变神社,1.0742028985507244,623,世界第一,1.972639898066436
2033,サニーミルク,桑妮·米尔克,A6,干扰,458,古明地观光无尽之旅,1.061981651376147,380,凝眼怜花花亦友,1.0758823529411763,458,古明地观光无尽之旅,1.061981651376147,380,凝眼怜花花亦友,1.0758823529411763,486,光谱学,2.2574611232761654
2034,ルナチャイルド,露娜·切尔德,A7,干扰,662,纵情起舞吧！,1.0892153350053744,662,纵情起舞吧！,1.0790112359550565,662,纵情起舞吧！,1.0892153350053744,662,纵情起舞吧！,1.0790112359550565,202,不动的大图书馆,1.6678562259080922
2036,メディスン・メランコリー,梅蒂欣·梅兰可莉,B5,回复,380,凝眼怜花花亦友,1.0706849315068492,458,古明地观光无尽之旅,1.063225119744545,380,凝眼怜花花亦友,1.0706849315068492,458,古明地观光无尽之旅,1.063225119744545,312,黄泉有闲人,2.3637588247651746
2037,東風谷早苗,东风谷早苗,W5,攻击,664,想いを手紙に託して,1.0635114503816796,664,想いを手紙に託して,1.0652783680407987,664,想いを手紙に託して,1.0635114503816796,664,想いを手紙に託して,1.0652783680407987,623,世界第一,2.1116890628760467
2038,八坂神奈子,八坂神奈子,A10,攻击,660,轮回往复 伦理渐佚,1.0755646817248459,660,轮回往复 伦理渐佚,1.0724738675958188,660,轮回往复 伦理渐佚,1.0755646817248459,660,轮回往复 伦理渐佚,1.0724738675958188,476,钓而不纲,1.7050228019799265
2039,洩矢諏訪子,泄矢诹访子,A10,破坏,380,凝眼怜花花亦友,1.0688,380,凝眼怜花花亦友,1.0688000000000002,380,凝眼怜花花亦友,1.0688,380,凝眼怜花花亦友,1.0688000000000002,425,星の人形たち,1.640616889243355
2040,河城にとり,河城荷取,A10,技巧,660,轮回往复 伦理渐佚,1.0826003824091779,660,轮回往复 伦理渐佚,1.0755646817248457,660,轮回往复 伦理渐佚,1.0826003824091779,660,轮回往复 伦理渐佚,1.0755646817248457,416,火箭之夏,1.5771724928155535
2042,因幡てゐ,因幡帝,Y5,回复,664,想いを手紙に託して,1.073267284360088,380,凝眼怜花花亦友,1.069541778975741,664,想いを手紙に託して,1.073267284360088,380,凝眼怜花花亦友,1.069541778975741,509,第二漂亮的石头,2.109875783605798
2044,射命丸文,射命丸文,A9,干扰,380,凝眼怜花花亦友,1.0860000000000003,380,凝眼怜花花亦友,1.0859999999999994,380,凝眼怜花花亦友,1.0860000000000003,380,凝眼怜花花亦友,1.0859999999999994,510,安闲惬意的神秘竹林,2.0346807298116216
2048,伊吹萃香,伊吹萃香,W1,破坏,390,异变神社,1.067368421052632,390,异变神社,1.0673684210526313,390,异变神社,1.067368421052632,390,异变神社,1.0673684210526313,430,芙兰的睡床,1.7093638035565395
2050,古明地さとり,古明地觉,S2,回复,390,异变神社,1.0671916010498683,660,轮回往复 伦理渐佚,1.0722967403521917,390,异变神社,1.0671916010498683,660,轮回往复 伦理渐佚,1.0722967403521917,457,怪獣はなぜ滅んだのか,2.25
2051,古明地こいし,古明地恋,F1,技巧,662,纵情起舞吧！,1.0945413068274399,662,纵情起舞吧！,1.0760114903354592,662,纵情起舞吧！,1.0945413068274399,662,纵情起舞吧！,1.0760114903354592,371,砂糖点心和妹妹,2.250803110982128
2054,小野塚小町,小野冢小町,B3,速攻,664,想いを手紙に託して,1.066107784431138,380,凝眼怜花花亦友,1.0678947368421057,664,想いを手紙に託して,1.066107784431138,380,凝眼怜花花亦友,1.0678947368421057,10901014,和报告内容一致,1.827262548068057
2055,四季映姫・ヤマザナドゥ,四季映姬·夜摩仙那度,B3,干扰,380,凝眼怜花花亦友,1.0678947368421055,663,○か×かそんなの嫌（やー）よ,1.0768312533912094,380,凝眼怜花花亦友,1.0678947368421055,663,○か×かそんなの嫌（やー）よ,1.0768312533912094,510,安闲惬意的神秘竹林,2.0419745408590964
2057,純狐,纯狐,B2,攻击,390,异变神社,1.072112676056338,390,异变神社,1.0721126760563373,390,异变神社,1.072112676056338,390,异变神社,1.0721126760563373,490,PHANTOM PAIN,1.5801545310938296
2065,依神女苑,依神女苑,C3,技巧,380,凝眼怜花花亦友,1.06972972972973,662,纵情起舞吧！,1.0686868686868694,380,凝眼怜花花亦友,1.06972972972973,662,纵情起舞吧！,1.0686868686868694,583,红梦魔女的新年,2.0552997635979144
2066,依神紫苑,依神紫苑,C3,支援,390,异变神社,1.0691891891891896,660,轮回往复 伦理渐佚,1.0692714897907738,390,异变神社,1.0691891891891896,660,轮回往复 伦理渐佚,1.0692714897907738,566,海滨猎手,1.7699301942311805
2070,爾子田里乃,尔子田里乃,A16&,速攻,663,○か×かそんなの嫌（やー）よ,1.0660480000000003,663,○か×かそんなの嫌（やー）よ,1.0663809894818854,663,○か×かそんなの嫌（やー）よ,1.0660480000000003,663,○か×かそんなの嫌（やー）よ,1.0663809894818854,457,怪獣はなぜ滅んだのか,2.178378712102865
2071,丁礼田舞,丁礼田舞,A16&,技巧,662,纵情起舞吧！,1.0664237245539077,662,纵情起舞吧！,1.0610701347441946,662,纵情起舞吧！,1.0664237245539077,662,纵情起舞吧！,1.0610701347441946,503,繁星璀璨之夜的魔术师,2.1447535311906596
2072,上白沢慧音,上白泽慧音,H5,支援,390,异变神社,1.0673684210526315,660,轮回往复 伦理渐佚,1.0654173764906305,390,异变神社,1.0673684210526315,660,轮回往复 伦理渐佚,1.0654173764906305,457,怪獣はなぜ滅んだのか,2.028825743594435
2073,ルーミア,露米娅,A6,破坏,390,异变神社,1.0731428571428574,390,异变神社,1.0731428571428578,390,异变神社,1.0731428571428574,390,异变神社,1.0731428571428578,420,命运交织！(Engage!),2.1453964077805088
2074,寅丸星,寅丸星,A12&,速攻,663,○か×かそんなの嫌（やー）よ,1.058230311277428,663,○か×かそんなの嫌（やー）よ,1.0505680933852146,663,○か×かそんなの嫌（やー）よ,1.058230311277428,663,○か×かそんなの嫌（やー）よ,1.0505680933852146,457,怪獣はなぜ滅んだのか,2.1319993163948734
2075,村紗水蜜,村纱水蜜,A12&,攻击,660,轮回往复 伦理渐佚,1.0714965034965032,660,轮回往复 伦理渐佚,1.0708571428571425,660,轮回往复 伦理渐佚,1.0714965034965032,660,轮回往复 伦理渐佚,1.0708571428571425,510,安闲惬意的神秘竹林,2.4970638348878667
2076,多々良小傘,多多良小伞,C3,攻击,454,南国冥界海鲜美食家,1.0597725388649304,454,南国冥界海鲜美食家,1.0598113267477685,454,南国冥界海鲜美食家,1.0597725388649304,454,南国冥界海鲜美食家,1.0598113267477685,427,女子二乐坊 Ver.ROCK★,2.2481475512935525
2077,わかさぎ姫,若鹭姬,C3,回复,664,想いを手紙に託して,1.0731284475965328,664,想いを手紙に託して,1.0691776242478277,664,想いを手紙に託して,1.0731284475965328,664,想いを手紙に託して,1.0691776242478277,509,第二漂亮的石头,2.356444472930884
2079,赤蛮奇,赤蛮奇,C3,速攻,664,想いを手紙に託して,1.0807729651300217,664,想いを手紙に託して,1.0770346791919991,664,想いを手紙に託して,1.0807729651300217,664,想いを手紙に託して,1.0770346791919991,452,恐怖！只身南洋九人组,2.1988138524639957
2080,ドレミー・スイート,哆来咪·苏伊特,H5,干扰,380,凝眼怜花花亦友,1.0678947368421046,380,凝眼怜花花亦友,1.0678947368421052,380,凝眼怜花花亦友,1.0678947368421046,380,凝眼怜花花亦友,1.0678947368421052,431,诚如天人所言,2.06337198539948
2081,稀神サグメ,稀神探女,B3,支援,458,古明地观光无尽之旅,1.0645169314966263,380,凝眼怜花花亦友,1.0718662952646236,458,古明地观光无尽之旅,1.0645169314966263,380,凝眼怜花花亦友,1.0718662952646236,295,月战型战前简报,2.0120462452965096
2083,高麗野あうん,高丽野阿吽,A16&,防御,662,纵情起舞吧！,1.074402730375426,663,○か×かそんなの嫌（やー）よ,1.0730939208432906,662,纵情起舞吧！,1.074402730375426,663,○か×かそんなの嫌（やー）よ,1.0730939208432906,624,Spread your Wings,2.1221080835516593
2084,風見幽香,风见幽香,H5,技巧,390,异变神社,1.0664935064935064,390,异变神社,1.066493506493506,390,异变神社,1.0664935064935064,390,异变神社,1.066493506493506,503,繁星璀璨之夜的魔术师,2.1085640728659483
2086,宮古芳香,宫古芳香,C3~,破坏,0,,1.0,0,,1.0,0,,1.0,0,,1.0,505,魔賢者,1.4194647971431953
2087,秦こころ,秦心,C3,干扰,664,想いを手紙に託して,1.06740576496674,380,凝眼怜花花亦友,1.0781818181818177,664,想いを手紙に託して,1.06740576496674,380,凝眼怜花花亦友,1.0781818181818177,427,女子二乐坊 Ver.ROCK★,1.5534424138506255
2088,レティ・ホワイトロック,蕾迪·霍瓦特洛克,H5,防御,662,纵情起舞吧！,1.0707118834080724,662,纵情起舞吧！,1.0576923076923084,662,纵情起舞吧！,1.0707118834080724,662,纵情起舞吧！,1.0576923076923084,510,安闲惬意的神秘竹林,2.4625176375901305
2089,比那名居天子,比那名居天子,C3,破坏,664,想いを手紙に託して,1.0695783702023074,380,凝眼怜花花亦友,1.0649874055415613,664,想いを手紙に託して,1.0695783702023074,380,凝眼怜花花亦友,1.0649874055415613,431,诚如天人所言,2.0497285895668678
2091,豊聡耳神子,丰聪耳神子,A13,防御,662,纵情起舞吧！,1.0626648721399738,662,纵情起舞吧！,1.0795811518324605,662,纵情起舞吧！,1.0626648721399738,662,纵情起舞吧！,1.0795811518324605,603,花园的最高裁判长,2.1795633110990145
2096,幽谷響子,幽谷响子,C3,破坏,663,○か×かそんなの嫌（やー）よ,1.0657468506298737,663,○か×かそんなの嫌（やー）よ,1.0654545454545452,663,○か×かそんなの嫌（やー）よ,1.0657468506298737,663,○か×かそんなの嫌（やー）よ,1.0654545454545452,540,誓要守护之人,2.242276663897302
2097,ミスティア・ローレライ,米斯蒂娅·萝蕾拉,H5,破坏,390,异变神社,1.0671916010498683,660,轮回往复 伦理渐佚,1.071529946068692,390,异变神社,1.0671916010498683,660,轮回往复 伦理渐佚,1.071529946068692,358,斑驳木春菊,2.070136135717308
2098,リグル・ナイトバグ,莉格露·奈特巴格,H5,速攻,663,○か×かそんなの嫌（やー）よ,1.066976744186046,390,异变神社,1.0673684210526313,663,○か×かそんなの嫌（やー）よ,1.066976744186046,390,异变神社,1.0673684210526313,390,异变神社,1.7138035338517477
2114,戎瓔花,戎璎花,A17&,技巧,663,○か×かそんなの嫌（やー）よ,1.0694357600119102,663,○か×かそんなの嫌（やー）よ,1.0691099476439798,663,○か×かそんなの嫌（やー）よ,1.0694357600119102,663,○か×かそんなの嫌（やー）よ,1.0691099476439798,487,表里一体,2.221757178426665
2115,奥野田美宵,奥野田美宵,C3,技巧,380,凝眼怜花花亦友,1.0670129870129863,664,想いを手紙に託して,1.070796460176991,380,凝眼怜花花亦友,1.0670129870129863,664,想いを手紙に託して,1.070796460176991,430,芙兰的睡床,1.8356061952893543
2118,山城たかね,山城高岭,少女祈祷中,干扰,390,异变神社,1.1279999999999997,390,异变神社,1.1279999999999997,390,异变神社,1.1279999999999997,390,异变神社,1.1279999999999997,367,祭月夜 SIDE辉夜,2.2608674716181993
2121,菅牧典,菅牧典,C3~,速攻,663,○か×かそんなの嫌（やー）よ,1.0657963446475196,663,○か×かそんなの嫌（やー）よ,1.0654060066740823,663,○か×かそんなの嫌（やー）よ,1.0657963446475196,663,○か×かそんなの嫌（やー）よ,1.0654060066740823,485,メイド長代行の門番小娘,2.2686786865143747
2927,宇佐見蓮子,宇佐见莲子,LR1,技巧,663,○か×かそんなの嫌（やー）よ,1.0726668643382755,663,○か×かそんなの嫌（やー）よ,1.0760335814984954,663,○か×かそんなの嫌（やー）よ,1.0726668643382755,663,○か×かそんなの嫌（やー）よ,1.0760335814984954,530,凶恶绝顶之幻,2.3501844119210067
2937,宇佐見蓮子,宇佐见莲子,LR1,攻击,454,南国冥界海鲜美食家,1.0614043189921119,454,南国冥界海鲜美食家,1.061362425663459,454,南国冥界海鲜美食家,1.0614043189921119,454,南国冥界海鲜美食家,1.061362425663459,10904061,结界异常,2.3677441737990326
3001,博麗霊夢,博丽灵梦,B3,技巧,664,想いを手紙に託して,1.0725864453665284,662,纵情起舞吧！,1.0942857142857139,664,想いを手紙に託して,1.0725864453665284,662,纵情起舞吧！,1.0942857142857139,369,业速,2.1209302978492017
3002,霧雨魔理沙,雾雨魔理沙,B3,技巧,380,凝眼怜花花亦友,1.0758823529411767,380,凝眼怜花花亦友,1.0758823529411765,380,凝眼怜花花亦友,1.0758823529411767,380,凝眼怜花花亦友,1.0758823529411765,365,划破夜空的光,2.2151325208084764
3004,フランドール・スカーレット,芙兰朵露·斯卡雷特,E1,攻击,663,○か×かそんなの嫌（やー）よ,1.0746578183326416,663,○か×かそんなの嫌（やー）よ,1.0752503287144741,663,○か×かそんなの嫌（やー）よ,1.0746578183326416,663,○か×かそんなの嫌（やー）よ,1.0752503287144741,638,海彦的呼声,1.939996551775514
3005,十六夜咲夜,十六夜咲夜,B3,技巧,664,想いを手紙に託して,1.0693596059113302,454,南国冥界海鲜美食家,1.0644693536847125,664,想いを手紙に託して,1.0693596059113302,454,南国冥界海鲜美食家,1.0644693536847125,312,黄泉有闲人,1.8013634811618244
3006,パチュリー・ノーレッジ,帕秋莉·诺蕾姬,E1,攻击,660,轮回往复 伦理渐佚,1.0765957446808507,458,古明地观光无尽之旅,1.0613090182363227,660,轮回往复 伦理渐佚,1.0765957446808507,458,古明地观光无尽之旅,1.0613090182363227,493,失落的祟神,1.9025179065362305
3007,紅美鈴,红美铃,A6,速攻,663,○か×かそんなの嫌（やー）よ,1.0655698474424171,390,异变神社,1.071111111111111,663,○か×かそんなの嫌（やー）よ,1.0655698474424171,390,异变神社,1.071111111111111,432,当心道中落石,2.1200777087258893
3008,小悪魔,小恶魔,A6,支援,660,轮回往复 伦理渐佚,1.0779582366589335,663,○か×かそんなの嫌（やー）よ,1.0709716354858174,660,轮回往复 伦理渐佚,1.0779582366589335,663,○か×かそんなの嫌（やー）よ,1.0709716354858174,493,失落的祟神,2.1135853916183684
3009,八雲紫,八云紫,A7,技巧,660,轮回往复 伦理渐佚,1.0828613927591808,662,纵情起舞吧！,1.0914679124661917,660,轮回往复 伦理渐佚,1.0828613927591808,662,纵情起舞吧！,1.0914679124661917,510,安闲惬意的神秘竹林,2.4234721682781513
3010,西行寺幽々子,西行寺幽幽子,A7,支援,390,异变神社,1.07111111111111,390,异变神社,1.0711111111111116,390,异变神社,1.07111111111111,390,异变神社,1.0711111111111116,431,诚如天人所言,1.8042296770126378
3011,魂魄妖夢,魂魄妖梦,B3,技巧,662,纵情起舞吧！,1.1063874345549738,662,纵情起舞吧！,1.106387434554974,662,纵情起舞吧！,1.1063874345549738,662,纵情起舞吧！,1.106387434554974,553,アナザー鬼傑組,2.0984213235741067
3015,鈴仙・優曇華院・イナバ,铃仙·优昙华院·因幡,B3,技巧,458,古明地观光无尽之旅,1.0690513219284603,458,古明地观光无尽之旅,1.0684590163934424,458,古明地观光无尽之旅,1.0690513219284603,458,古明地观光无尽之旅,1.0684590163934424,624,Spread your Wings,1.5891175201246002
3018,八意永琳,八意永琳,A8,技巧,390,异变神社,1.0739884393063581,660,轮回往复 伦理渐佚,1.08041504539559,390,异变神社,1.0739884393063581,660,轮回往复 伦理渐佚,1.08041504539559,368,与你重逢的奇迹之日,1.6057403294142387
3019,蓬莱山輝夜,蓬莱山辉夜,L80,技巧,660,轮回往复 伦理渐佚,1.0685934489402702,660,轮回往复 伦理渐佚,1.0765865901756904,660,轮回往复 伦理渐佚,1.0685934489402702,660,轮回往复 伦理渐佚,1.0765865901756904,367,祭月夜 SIDE辉夜,2.2399814420551882
3020,藤原妹紅,藤原妹红,L80,回复,454,南国冥界海鲜美食家,1.0606992098711978,380,凝眼怜花花亦友,1.0677165354330709,454,南国冥界海鲜美食家,1.0606992098711978,380,凝眼怜花花亦友,1.0677165354330709,602,花园地狱的女神,2.330537823636499
3024,聖白蓮,圣白莲,C3,破坏,662,纵情起舞吧！,1.077804808168156,380,凝眼怜花花亦友,1.0697297297297295,662,纵情起舞吧！,1.077804808168156,380,凝眼怜花花亦友,1.0697297297297295,390,异变神社,2.0837260849293875
3030,チルノ,琪露诺,A7,攻击,663,○か×かそんなの嫌（やー）よ,1.073870333988212,663,○か×かそんなの嫌（やー）よ,1.0751020408163263,663,○か×かそんなの嫌（やー）よ,1.073870333988212,663,○か×かそんなの嫌（やー）よ,1.0751020408163263,431,诚如天人所言,1.662232691826838
3032,アリス・マーガトロイド,爱丽丝·玛格特罗依德,L80,攻击,663,○か×かそんなの嫌（やー）よ,1.0653471082359753,390,异变神社,1.067191601049869,663,○か×かそんなの嫌（やー）よ,1.0653471082359753,390,异变神社,1.067191601049869,358,斑驳木春菊,1.8206281503100585
3037,東風谷早苗,东风谷早苗,B3,技巧,454,南国冥界海鲜美食家,1.0686626746506984,454,南国冥界海鲜美食家,1.0693883161512028,454,南国冥界海鲜美食家,1.0686626746506984,454,南国冥界海鲜美食家,1.0693883161512028,296,月战型午餐时间,2.184334504462321
3038,八坂神奈子,八坂神奈子,L80,技巧,662,纵情起舞吧！,1.0672908735466615,380,凝眼怜花花亦友,1.0675392670157062,662,纵情起舞吧！,1.0672908735466615,380,凝眼怜花花亦友,1.0675392670157062,362,道别淡染天青,1.8529822648783572
3050,古明地さとり,古明地觉,A11,技巧,454,南国冥界海鲜美食家,1.0644237652111668,380,凝眼怜花花亦友,1.0686170212765955,454,南国冥界海鲜美食家,1.0644237652111668,380,凝眼怜花花亦友,1.0686170212765955,575,地底大家庭,2.007158886008448
3051,古明地こいし,古明地恋,A11,速攻,663,○か×かそんなの嫌（やー）よ,1.0727528336701522,390,异变神社,1.0680851063829793,663,○か×かそんなの嫌（やー）よ,1.0727528336701522,390,异变神社,1.0680851063829793,638,海彦的呼声,2.225216141126041
3054,小野塚小町,小野冢小町,C3,攻击,454,南国冥界海鲜美食家,1.0559105723249362,664,想いを手紙に託して,1.061420345489443,454,南国冥界海鲜美食家,1.0559105723249362,664,想いを手紙に託して,1.061420345489443,430,芙兰的睡床,2.2499999999999996
3072,上白沢慧音,上白泽慧音,L1A,攻击,663,○か×かそんなの嫌（やー）よ,1.0759942582116016,663,○か×かそんなの嫌（やー）よ,1.078473782929756,663,○か×かそんなの嫌（やー）よ,1.0759942582116016,663,○か×かそんなの嫌（やー）よ,1.078473782929756,10904063,结界异常,2.280123091498696
3084,風見幽香,风见幽香,A6,回复,380,凝眼怜花花亦友,1.0646616541353386,662,纵情起舞吧！,1.0760454024475916,380,凝眼怜花花亦友,1.0646616541353386,662,纵情起舞吧！,1.0760454024475916,486,光谱学,2.1885685614939794
3091,豊聡耳神子,丰聪耳神子,C3,速攻,663,○か×かそんなの嫌（やー）よ,1.0647138700290975,664,想いを手紙に託して,1.0591947769314471,663,○か×かそんなの嫌（やー）よ,1.0647138700290975,664,想いを手紙に託して,1.0591947769314471,486,光谱学,1.9082603887950462
3097,ミスティア・ローレライ,米斯蒂娅·萝蕾拉,C3,速攻,663,○か×かそんなの嫌（やー）よ,1.0679494227597586,664,想いを手紙に託して,1.0678613994810113,663,○か×かそんなの嫌（やー）よ,1.0679494227597586,664,想いを手紙に託して,1.0678613994810113,637,海雀的歌声,2.2160330260523717
3905,マエリベリー・ハーン,梅莉·霍瓦特,LM1,破坏,390,异变神社,1.0647445624683862,390,异变神社,1.0647445624683867,390,异变神社,1.0647445624683862,390,异变神社,1.0647445624683867,10904063,结界异常,2.357817800982458
3926,マエリベリー・ハーン,梅莉·霍瓦特,LM1,速攻,664,想いを手紙に託して,1.0689653044030187,664,想いを手紙に託して,1.0630846465935495,664,想いを手紙に託して,1.0689653044030187,664,想いを手紙に託して,1.0630846465935495,10904064,结界异常,2.3553460988937633
4001,博麗霊夢,博丽灵梦,A6,攻击,380,凝眼怜花花亦友,1.080124223602485,662,纵情起舞吧！,1.08142961420963,380,凝眼怜花花亦友,1.080124223602485,662,纵情起舞吧！,1.08142961420963,367,祭月夜 SIDE辉夜,1.8911049687389687
4002,霧雨魔理沙,雾雨魔理沙,A6,速攻,664,想いを手紙に託して,1.078994614003591,664,想いを手紙に託して,1.0755905511811024,664,想いを手紙に託して,1.078994614003591,664,想いを手紙に託して,1.0755905511811024,509,第二漂亮的石头,2.2606843171567945
4003,レミリア・スカーレット,蕾米莉亚·斯卡雷特,A6,速攻,390,异变神社,1.0673684210526315,663,○か×かそんなの嫌（やー）よ,1.06824644549763,390,异变神社,1.0673684210526315,663,○か×かそんなの嫌（やー）よ,1.06824644549763,10904063,结界异常,1.5566668256412637
4004,フランドール・スカーレット,芙兰朵露·斯卡雷特,A6,速攻,390,异变神社,1.0673684210526315,390,异变神社,1.067368421052631,390,异变神社,1.0673684210526315,390,异变神社,1.067368421052631,10903007,狩猎者与猎物,2.236250815446435
4005,十六夜咲夜,十六夜咲夜,A6,攻击,390,异变神社,1.083934426229508,390,异变神社,1.0839344262295079,390,异变神社,1.083934426229508,390,异变神社,1.0839344262295079,194,血之羁绊,1.6229508196721312
4007,紅美鈴,红美铃,L80,技巧,380,凝眼怜花花亦友,1.075882352941177,380,凝眼怜花花亦友,1.0758823529411763,380,凝眼怜花花亦友,1.075882352941177,380,凝眼怜花花亦友,1.0758823529411763,583,红梦魔女的新年,1.6188271126879492
4009,八雲紫,八云紫,C3,回复,662,纵情起舞吧！,1.064495731900095,662,纵情起舞吧！,1.0634479942839647,662,纵情起舞吧！,1.064495731900095,662,纵情起舞吧！,1.0634479942839647,430,芙兰的睡床,2.250000000000001
4010,西行寺幽々子,西行寺幽幽子,L80,技巧,662,纵情起舞吧！,1.113835736460103,380,凝眼怜花花亦友,1.068253968253969,662,纵情起舞吧！,1.113835736460103,380,凝眼怜花花亦友,1.068253968253969,489,时间界限,2.2024216739962696
4011,魂魄妖夢,魂魄妖梦,A7,破坏,380,凝眼怜花花亦友,1.0883561643835615,390,异变神社,1.0876712328767129,380,凝眼怜花花亦友,1.0883561643835615,390,异变神社,1.0876712328767129,489,时间界限,1.9609502306638305
4013,八雲藍,八云蓝,A19,速攻,660,轮回往复 伦理渐佚,1.0543952061083457,660,轮回往复 伦理渐佚,1.060386029411765,660,轮回往复 伦理渐佚,1.0543952061083457,660,轮回往复 伦理渐佚,1.060386029411765,636,爱丽丝的维护工作,1.6506840048753888
4015,鈴仙・優曇華院・イナバ,铃仙·优昙华院·因幡,A8,速攻,663,○か×かそんなの嫌（やー）よ,1.0788937126371412,663,○か×かそんなの嫌（やー）よ,1.0793097403735665,663,○か×かそんなの嫌（やー）よ,1.0788937126371412,663,○か×かそんなの嫌（やー）よ,1.0793097403735665,10904063,结界异常,2.2433278573454536
4020,藤原妹紅,藤原妹红,A8,速攻,663,○か×かそんなの嫌（やー）よ,1.0754716981132075,663,○か×かそんなの嫌（やー）よ,1.076474576271187,663,○か×かそんなの嫌（やー）よ,1.0754716981132075,663,○か×かそんなの嫌（やー）よ,1.076474576271187,364,I'm Alright!,1.5473928292723138
4030,チルノ,琪露诺,C3,速攻,454,南国冥界海鲜美食家,1.060474934036939,664,想いを手紙に託して,1.066679559079482,454,南国冥界海鲜美食家,1.060474934036939,664,想いを手紙に託して,1.066679559079482,510,安闲惬意的神秘竹林,2.443115658886567
4031,大妖精,大妖精,A12.8&,破坏,454,南国冥界海鲜美食家,1.0620264317180617,380,凝眼怜花花亦友,1.0697297297297295,454,南国冥界海鲜美食家,1.0620264317180617,380,凝眼怜花花亦友,1.0697297297297295,294,月战型日常训练,2.436935792596535
4032,アリス・マーガトロイド,爱丽丝·玛格特罗依德,B5,支援,454,南国冥界海鲜美食家,1.063652173913043,380,凝眼怜花花亦友,1.067894736842106,454,南国冥界海鲜美食家,1.063652173913043,380,凝眼怜花花亦友,1.067894736842106,566,海滨猎手,2.0573614404869724
4037,東風谷早苗,东风谷早苗,A10,速攻,664,想いを手紙に託して,1.0643924875431199,664,想いを手紙に託して,1.0681051835326996,664,想いを手紙に託して,1.0643924875431199,664,想いを手紙に託して,1.0681051835326996,510,安闲惬意的神秘竹林,2.054002896772031
4050,古明地さとり,古明地觉,L80,破坏,380,凝眼怜花花亦友,1.0677165354330709,390,异变神社,1.06900269541779,380,凝眼怜花花亦友,1.0677165354330709,390,异变神社,1.06900269541779,540,誓要守护之人,1.9712465276945212
4051,古明地こいし,古明地恋,C3,攻击,380,凝眼怜花花亦友,1.0626795284030004,380,凝眼怜花花亦友,1.0661538461538462,380,凝眼怜花花亦友,1.0626795284030004,380,凝眼怜花花亦友,1.0661538461538462,390,异变神社,1.947775223147659
4091,豊聡耳神子,丰聪耳神子,L80,技巧,664,想いを手紙に託して,1.0737752161383283,664,想いを手紙に託して,1.0690328100071678,664,想いを手紙に託して,1.0737752161383283,664,想いを手紙に託して,1.0690328100071678,498,感伤的信号,1.89416195528343
5001,博麗霊夢,博丽灵梦,A7A,技巧,662,纵情起舞吧！,1.0773849232821888,380,凝眼怜花花亦友,1.0689839572192508,662,纵情起舞吧！,1.0773849232821888,380,凝眼怜花花亦友,1.0689839572192508,636,爱丽丝的维护工作,1.5999999999999996
5002,霧雨魔理沙,雾雨魔理沙,A7A,攻击,454,南国冥界海鲜美食家,1.0645988744928676,380,凝眼怜花花亦友,1.0680738786279689,454,南国冥界海鲜美食家,1.0645988744928676,380,凝眼怜花花亦友,1.0680738786279689,583,红梦魔女的新年,2.1816487954256387
5003,レミリア・スカーレット,蕾米莉亚·斯卡雷特,L80,攻击,390,异变神社,1.0671916010498683,390,异变神社,1.0671916010498694,390,异变神社,1.0671916010498683,390,异变神社,1.0671916010498694,357,暖热的指尖,2.2905869946593755
5004,フランドール・スカーレット,芙兰朵露·斯卡雷特,L80,防御,390,异变神社,1.0691891891891891,660,轮回往复 伦理渐佚,1.0639434406912807,390,异变神社,1.0691891891891891,660,轮回往复 伦理渐佚,1.0639434406912807,364,I'm Alright!,2.2605873952700515
5010,西行寺幽々子,西行寺幽幽子,C3,破坏,664,想いを手紙に託して,1.0634703196347028,664,想いを手紙に託して,1.063470319634703,664,想いを手紙に託して,1.0634703196347028,664,想いを手紙に託して,1.063470319634703,380,凝眼怜花花亦友,2.070999236571151
5011,魂魄妖夢,魂魄妖梦,L80,支援,454,南国冥界海鲜美食家,1.0599820510728566,390,异变神社,1.067724867724868,454,南国冥界海鲜美食家,1.0599820510728566,390,异变神社,1.067724867724868,312,黄泉有闲人,2.190213294701308
5015,鈴仙・優曇華院・イナバ,铃仙·优昙华院·因幡,L80,攻击,660,轮回往复 伦理渐佚,1.060424001418404,660,轮回往复 伦理渐佚,1.0648105181747871,660,轮回往复 伦理渐佚,1.060424001418404,660,轮回往复 伦理渐佚,1.0648105181747871,10904063,结界异常,2.1697962934202337
5025,茨木華扇,茨木华扇,W5,速攻,663,○か×かそんなの嫌（やー）よ,1.073024390243902,390,异变神社,1.0701369863013703,663,○か×かそんなの嫌（やー）よ,1.073024390243902,390,异变神社,1.0701369863013703,511,村中万物皆调畅,1.5693931957260958
5026,本居小鈴,本居小铃,A16.3&,攻击,454,南国冥界海鲜美食家,1.063790849673202,663,○か×かそんなの嫌（やー）よ,1.074418604651163,454,南国冥界海鲜美食家,1.063790849673202,663,○か×かそんなの嫌（やー）よ,1.074418604651163,10903002,狩猎者与猎物,2.1225739108831982
5029,稗田阿求,稗田阿求,A9.7,防御,662,纵情起舞吧！,1.0805510772387508,662,纵情起舞吧！,1.082263630089717,662,纵情起舞吧！,1.0805510772387508,662,纵情起舞吧！,1.082263630089717,367,祭月夜 SIDE辉夜,1.8806893203434352
5031,大妖精,大妖精,E7,回复,662,纵情起舞吧！,1.0636213102237915,133,迫击！ 三妖精,1.0,662,纵情起舞吧！,1.0636213102237915,133,迫击！ 三妖精,1.0,202,不动的大图书馆,1.5761640193955813
5037,東風谷早苗,东风谷早苗,L80,攻击,454,南国冥界海鲜美食家,1.0598395772388411,454,南国冥界海鲜美食家,1.0590868924889552,454,南国冥界海鲜美食家,1.0598395772388411,454,南国冥界海鲜美食家,1.0590868924889552,368,与你重逢的奇迹之日,1.9374030788295165
5046,犬走椛,犬走椛,W3,速攻,663,○か×かそんなの嫌（やー）よ,1.0721600941730427,663,○か×かそんなの嫌（やー）よ,1.0726747783048045,663,○か×かそんなの嫌（やー）よ,1.0721600941730427,663,○か×かそんなの嫌（やー）よ,1.0726747783048045,620,死者的慈悲(Dead man's Tolerance),1.69165586366505
5050,古明地さとり,古明地觉,C3,防御,662,纵情起舞吧！,1.059160619435924,458,古明地观光无尽之旅,1.0533840304182516,662,纵情起舞吧！,1.059160619435924,458,古明地观光无尽之旅,1.0533840304182516,636,爱丽丝的维护工作,1.5999999999999999
5051,古明地こいし,古明地恋,L80,干扰,390,异变神社,1.0556521739130436,390,异变神社,1.0556521739130431,390,异变神社,1.0556521739130436,390,异变神社,1.0556521739130431,492,举头思月,2.107312844219297
5052,火焔猫燐,火焰猫燐,S5,速攻,663,○か×かそんなの嫌（やー）よ,1.075261324041812,663,○か×かそんなの嫌（やー）よ,1.0616497829233,663,○か×かそんなの嫌（やー）よ,1.075261324041812,663,○か×かそんなの嫌（やー）よ,1.0616497829233,505,魔賢者,1.9240951647142963
5053,霊烏路空,灵乌路空,S5,攻击,380,凝眼怜花花亦友,1.067012987012987,454,南国冥界海鲜美食家,1.06228150015758,380,凝眼怜花花亦友,1.067012987012987,454,南国冥界海鲜美食家,1.06228150015758,575,地底大家庭,2.073172030202299
5056,ヘカーティア・ラピスラズリ,赫卡提亚·拉碧斯拉祖利,B3,支援,390,异变神社,1.0664935064935066,660,轮回往复 伦理渐佚,1.0674209910261414,390,异变神社,1.0664935064935066,660,轮回往复 伦理渐佚,1.0674209910261414,383,狂气的赤瞳,2.131054203043406
5067,九十九弁々,九十九弁弁,B3,干扰,662,纵情起舞吧！,1.0739130434782607,662,纵情起舞吧！,1.0785714285714287,662,纵情起舞吧！,1.0739130434782607,662,纵情起舞吧！,1.0785714285714287,462,模拟二童子,2.0848879873263404
5068,九十九八橋,九十九八桥,B3,支援,662,纵情起舞吧！,1.073689814267124,662,纵情起舞吧！,1.085722444317533,662,纵情起舞吧！,1.073689814267124,662,纵情起舞吧！,1.085722444317533,462,模拟二童子,2.1255230407604837
5087,秦こころ,秦心,B3,速攻,380,凝眼怜花花亦友,1.0758823529411767,664,想いを手紙に託して,1.0659619450317126,380,凝眼怜花花亦友,1.0758823529411767,664,想いを手紙に託して,1.0659619450317126,462,模拟二童子,2.1122405882793025
5089,比那名居天子,比那名居天子,A6,攻击,660,轮回往复 伦理渐佚,1.1068921775898521,660,轮回往复 伦理渐佚,1.1068921775898517,660,轮回往复 伦理渐佚,1.1068921775898521,660,轮回往复 伦理渐佚,1.1068921775898517,431,诚如天人所言,1.6073212083586172
5094,鬼人正邪,鬼人正邪,B3,破坏,662,纵情起舞吧！,1.0909090909090913,662,纵情起舞吧！,1.090909090909091,662,纵情起舞吧！,1.0909090909090913,662,纵情起舞吧！,1.090909090909091,295,月战型战前简报,2.2086848193615354
5102,ナズーリン,纳兹琳,A12&,攻击,660,轮回往复 伦理渐佚,1.0548278539994826,660,轮回往复 伦理渐佚,1.0537150922472025,660,轮回往复 伦理渐佚,1.0548278539994826,660,轮回往复 伦理渐佚,1.0537150922472025,495,(TT)钟情言语,2.152684354492423
5105,堀川雷鼓,堀川雷鼓,B3,技巧,454,南国冥界海鲜美食家,1.063107071854586,664,想いを手紙に託して,1.0621963070942668,454,南国冥界海鲜美食家,1.063107071854586,664,想いを手紙に託して,1.0621963070942668,623,世界第一,2.06238833204602
5125,茨木童子の腕,茨木童子的手臂,Lr,支援,663,○か×かそんなの嫌（やー）よ,1.072727272727273,663,○か×かそんなの嫌（やー）よ,1.0727272727272725,663,○か×かそんなの嫌（やー）よ,1.072727272727273,663,○か×かそんなの嫌（やー）よ,1.0727272727272725,469,失落之山,2.1893354914986505
5131,日白残無,日白残无,C5>,速攻,664,想いを手紙に託して,1.067238692219425,664,想いを手紙に託して,1.0672386922194246,664,想いを手紙に託して,1.067238692219425,664,想いを手紙に託して,1.0672386922194246,604,新花园的管理员,2.2783375831874664
6001,博麗霊夢,博丽灵梦,A7B,速攻,380,凝眼怜花花亦友,1.0716666666666663,664,想いを手紙に託して,1.0713462190573078,380,凝眼怜花花亦友,1.0716666666666663,664,想いを手紙に託して,1.0713462190573078,636,爱丽丝的维护工作,1.6318318593923746
6002,霧雨魔理沙,雾雨魔理沙,A7B,破坏,380,凝眼怜花花亦友,1.0697297297297295,454,南国冥界海鲜美食家,1.0663174114021574,380,凝眼怜花花亦友,1.0697297297297295,454,南国冥界海鲜美食家,1.0663174114021574,457,怪獣はなぜ滅んだのか,2.1360521702348976
6003,レミリア・スカーレット,蕾米莉亚·斯卡雷特,C3,防御,660,轮回往复 伦理渐佚,1.0624888440495137,660,轮回往复 伦理渐佚,1.0625208661509888,660,轮回往复 伦理渐佚,1.0624888440495137,660,轮回往复 伦理渐佚,1.0625208661509888,416,火箭之夏,1.698026444807667
6004,フランドール・スカーレット,芙兰朵露·斯卡雷特,C3,干扰,663,○か×かそんなの嫌（やー）よ,1.0670391061452515,390,异变神社,1.0648101265822787,663,○か×かそんなの嫌（やー）よ,1.0670391061452515,390,异变神社,1.0648101265822787,430,芙兰的睡床,2.253119252980026
6005,十六夜咲夜,十六夜咲夜,L80,干扰,380,凝眼怜花花亦友,1.0677165354330707,454,南国冥界海鲜美食家,1.06136312849162,380,凝眼怜花花亦友,1.0677165354330707,454,南国冥界海鲜美食家,1.06136312849162,485,メイド長代行の門番小娘,2.0900004127435032
6010,西行寺幽々子,西行寺幽幽子,A6,回复,458,古明地观光无尽之旅,1.0633064233064224,458,古明地观光无尽之旅,1.0636319612590799,458,古明地观光无尽之旅,1.0633064233064224,458,古明地观光无尽之旅,1.0636319612590799,487,表里一体,2.060652954513902
6011,魂魄妖夢,魂魄妖梦,C3,技巧,664,想いを手紙に託して,1.0682617874736102,664,想いを手紙に託して,1.0750808110490742,664,想いを手紙に託して,1.0682617874736102,664,想いを手紙に託して,1.0750808110490742,312,黄泉有闲人,2.158411463199893
6012,リリーホワイト,莉莉白,A7&,破坏,662,纵情起舞吧！,1.0574162679425838,380,凝眼怜花花亦友,1.0678947368421055,662,纵情起舞吧！,1.0574162679425838,380,凝眼怜花花亦友,1.0678947368421055,498,感伤的信号,2.480409636323808
6020,藤原妹紅,藤原妹红,C5=,攻击,663,○か×かそんなの嫌（やー）よ,1.065454545454545,663,○か×かそんなの嫌（やー）よ,1.0667102770519878,663,○か×かそんなの嫌（やー）よ,1.065454545454545,663,○か×かそんなの嫌（やー）よ,1.0667102770519878,540,誓要守护之人,1.8301440564839773
6022,鈴瑚,铃瑚,A10.3,回复,660,轮回往复 伦理渐佚,1.082141646899356,660,轮回往复 伦理渐佚,1.0796123742079762,660,轮回往复 伦理渐佚,1.082141646899356,660,轮回往复 伦理渐佚,1.0796123742079762,294,月战型日常训练,2.348660682462478
6024,聖白蓮,圣白莲,T5,速攻,664,想いを手紙に託して,1.0668538694821972,664,想いを手紙に託して,1.066853869482197,664,想いを手紙に託して,1.0668538694821972,664,想いを手紙に託して,1.066853869482197,486,光谱学,1.787141895700698
6025,茨木華扇,茨木华扇,L80,攻击,660,轮回往复 伦理渐佚,1.0680323695414315,390,异变神社,1.0662868979803213,660,轮回往复 伦理渐佚,1.0680323695414315,390,异变神社,1.0662868979803213,490,PHANTOM PAIN,2.161899248980703
6037,東風谷早苗,东风谷早苗,C3,干扰,664,想いを手紙に託して,1.077718360071301,664,想いを手紙に託して,1.072406181015453,664,想いを手紙に託して,1.077718360071301,664,想いを手紙に託して,1.072406181015453,565,常夏乡的巫女们,2.252574292443522
6039,洩矢諏訪子,泄矢诹访子,L80,支援,662,纵情起舞吧！,1.0686567164179108,458,古明地观光无尽之旅,1.065665722379603,662,纵情起舞吧！,1.0686567164179108,458,古明地观光无尽之旅,1.065665722379603,493,失落的祟神,2.3429383647685946
6040,河城にとり,河城荷取,Lr,攻击,663,○か×かそんなの嫌（やー）よ,1.0685714285714287,390,异变神社,1.0691891891891887,663,○か×かそんなの嫌（やー）よ,1.0685714285714287,390,异变神社,1.0691891891891887,636,爱丽丝的维护工作,1.6624841966613004
6049,星熊勇儀,星熊勇仪,W5,技巧,663,○か×かそんなの嫌（やー）よ,1.071840061684199,390,异变神社,1.0682666666666667,663,○か×かそんなの嫌（やー）よ,1.071840061684199,390,异变神社,1.0682666666666667,476,钓而不纲,2.1127118406371768
6056,ヘカーティア・ラピスラズリ,赫卡提亚·拉碧斯拉祖利,C3,干扰,380,凝眼怜花花亦友,1.066839378238342,458,古明地观光无尽之旅,1.0588500563697862,380,凝眼怜花花亦友,1.066839378238342,458,古明地观光无尽之旅,1.0588500563697862,510,安闲惬意的神秘竹林,2.246174350173752
6062,ルナサ・プリズムリバー,露娜萨·普莉兹姆利巴,B5,攻击,380,凝眼怜花花亦友,1.0688000000000004,454,南国冥界海鲜美食家,1.0636544726798853,380,凝眼怜花花亦友,1.0688000000000004,454,南国冥界海鲜美食家,1.0636544726798853,623,世界第一,2.1710496865485887
6063,メルラン・プリズムリバー,梅露兰·普莉兹姆利巴,B5,速攻,380,凝眼怜花花亦友,1.0688,664,想いを手紙に託して,1.0675105485232073,380,凝眼怜花花亦友,1.0688,664,想いを手紙に託して,1.0675105485232073,511,村中万物皆调畅,2.1085267819484965
6064,リリカ・プリズムリバー,莉莉卡·普莉兹姆利巴,B5,破坏,380,凝眼怜花花亦友,1.0687999999999998,380,凝眼怜花花亦友,1.0688000000000002,380,凝眼怜花花亦友,1.0687999999999998,380,凝眼怜花花亦友,1.0688000000000002,462,模拟二童子,2.102191682308732
6084,風見幽香,风见幽香,A9&,破坏,458,古明地观光无尽之旅,1.0598170810253764,662,纵情起舞吧！,1.0887016468785904,458,古明地观光无尽之旅,1.0598170810253764,662,纵情起舞吧！,1.0887016468785904,503,繁星璀璨之夜的魔术师,2.019317954199709
6086,宮古芳香,宫古芳香,A13,干扰,660,轮回往复 伦理渐佚,1.097058823529411,660,轮回往复 伦理渐佚,1.0970588235294114,660,轮回往复 伦理渐佚,1.097058823529411,660,轮回往复 伦理渐佚,1.0970588235294114,357,暖热的指尖,2.0597303576726436
6087,秦こころ,秦心,Lr,破坏,663,○か×かそんなの嫌（やー）よ,1.0692962709210143,390,异变神社,1.0690026954177902,663,○か×かそんなの嫌（やー）よ,1.0692962709210143,390,异变神社,1.0690026954177902,485,メイド長代行の門番小娘,2.0897201647491457
6089,比那名居天子,比那名居天子,T5,速攻,664,想いを手紙に託して,1.0710124826629681,664,想いを手紙に託して,1.0657799274486088,664,想いを手紙に託して,1.0710124826629681,664,想いを手紙に託して,1.0657799274486088,457,怪獣はなぜ滅んだのか,2.078205323685292
6092,物部布都,物部布都,A13,回复,454,南国冥界海鲜美食家,1.070998593530239,454,南国冥界海鲜美食家,1.067723270440252,454,南国冥界海鲜美食家,1.070998593530239,454,南国冥界海鲜美食家,1.067723270440252,626,ラブレター,2.1190275302981223
6093,蘇我屠自古,苏我屠自古,A13&,速攻,663,○か×かそんなの嫌（やー）よ,1.0772090363168432,663,○か×かそんなの嫌（やー）よ,1.0772190255694392,663,○か×かそんなの嫌（やー）よ,1.0772090363168432,663,○か×かそんなの嫌（やー）よ,1.0772190255694392,358,斑驳木春菊,2.0830916077253563
6094,鬼人正邪,鬼人正邪,A14,干扰,458,古明地观光无尽之旅,1.107447266465777,458,古明地观光无尽之旅,1.10658124635993,458,古明地观光无尽之旅,1.107447266465777,458,古明地观光无尽之旅,1.10658124635993,371,砂糖点心和妹妹,2.189503006060676
6095,少名針妙丸,少名针妙丸,B3,技巧,664,想いを手紙に託して,1.0691029900332227,454,南国冥界海鲜美食家,1.0649883102361675,664,想いを手紙に託して,1.0691029900332227,454,南国冥界海鲜美食家,1.0649883102361675,522,超越幻想,2.179455828921573
6112,庭渡久侘歌,庭渡久侘歌,B3,技巧,390,异变神社,1.0673684210526315,663,○か×かそんなの嫌（やー）よ,1.067735191637631,390,异变神社,1.0673684210526315,663,○か×かそんなの嫌（やー）よ,1.067735191637631,10901004,和报告内容一致,1.5835998768259067
6123,天弓千亦,天弓千亦,C3<,支援,663,○か×かそんなの嫌（やー）よ,1.0713640737177113,663,○か×かそんなの嫌（やー）よ,1.0722380012516237,663,○か×かそんなの嫌（やー）よ,1.0713640737177113,663,○か×かそんなの嫌（やー）よ,1.0722380012516237,636,爱丽丝的维护工作,2.3192581511922628
7005,十六夜咲夜,十六夜咲夜,C3,支援,454,南国冥界海鲜美食家,1.0618296529968452,664,想いを手紙に託して,1.0712550607287443,454,南国冥界海鲜美食家,1.0618296529968452,664,想いを手紙に託して,1.0712550607287443,566,海滨猎手,2.2524262524625547
7011,魂魄妖夢,魂魄妖梦,A6,防御,662,纵情起舞吧！,1.0859622867404968,662,纵情起舞吧！,1.089998612845055,662,纵情起舞吧！,1.0859622867404968,662,纵情起舞吧！,1.089998612845055,312,黄泉有闲人,2.1109010421496683
7020,藤原妹紅,藤原妹红,T5,技巧,663,○か×かそんなの嫌（やー）よ,1.0685714285714283,663,○か×かそんなの嫌（やー）よ,1.0685714285714283,663,○か×かそんなの嫌（やー）よ,1.0685714285714283,663,○か×かそんなの嫌（やー）よ,1.0685714285714283,432,当心道中落石,2.239384493179472
7024,聖白蓮,圣白莲,L80,技巧,380,凝眼怜花花亦友,1.0688000000000006,664,想いを手紙に託して,1.0855614973262024,380,凝眼怜花花亦友,1.0688000000000006,664,想いを手紙に託して,1.0855614973262024,497,Holy Again,1.9299807059968925
7036,メディスン・メランコリー,梅蒂欣·梅兰可莉,A9&,干扰,660,轮回往复 伦理渐佚,1.0716814159292034,660,轮回往复 伦理渐佚,1.0702290076335887,660,轮回往复 伦理渐佚,1.0716814159292034,660,轮回往复 伦理渐佚,1.0702290076335887,367,祭月夜 SIDE辉夜,1.9353331899677513
7037,東風谷早苗,东风谷早苗,L0g,回复,0,,1.0,0,,1.0,0,,1.0,0,,1.0,10904064,结界异常,1.7984209572686423
7038,八坂神奈子,八坂神奈子,L0g,防御,0,,1.0,0,,1.0,0,,1.0,0,,1.0,469,失落之山,1.7717270234043205
7039,洩矢諏訪子,泄矢诹访子,L0g,攻击,664,想いを手紙に託して,1.0554041682373845,664,想いを手紙に託して,1.0494369973190345,664,想いを手紙に託して,1.0554041682373845,664,想いを手紙に託して,1.0494369973190345,487,表里一体,2.155139162760075
7042,因幡てゐ,因幡帝,A8,破坏,663,○か×かそんなの嫌（やー）よ,1.0743681279451667,663,○か×かそんなの嫌（やー）よ,1.0702619414483825,663,○か×かそんなの嫌（やー）よ,1.0743681279451667,663,○か×かそんなの嫌（やー）よ,1.0702619414483825,367,祭月夜 SIDE辉夜,1.7145254496626503
7044,射命丸文,射命丸文,Lr,技巧,663,○か×かそんなの嫌（やー）よ,1.0744524393136705,663,○か×かそんなの嫌（やー）よ,1.072402234636872,663,○か×かそんなの嫌（やー）よ,1.0744524393136705,663,○か×かそんなの嫌（やー）よ,1.072402234636872,636,爱丽丝的维护工作,1.6904058837672449
7060,秋穣子,秋穣子,A10&,技巧,660,轮回往复 伦理渐佚,1.0769519050593386,660,轮回往复 伦理渐佚,1.0754001185536455,660,轮回往复 伦理渐佚,1.0769519050593386,660,轮回往复 伦理渐佚,1.0754001185536455,294,月战型日常训练,2.3846954062366876
7061,鍵山雛,键山雏,C3≧,攻击,662,纵情起舞吧！,1.0621285073883446,662,纵情起舞吧！,1.0575342465753423,662,纵情起舞吧！,1.0621285073883446,662,纵情起舞吧！,1.0575342465753423,457,怪獣はなぜ滅んだのか,2.098226976199712
7062,ルナサ・プリズムリバー,露娜萨·普莉兹姆利巴,A6,技巧,662,纵情起舞吧！,1.0781211372064277,662,纵情起舞吧！,1.0825416409623692,662,纵情起舞吧！,1.0781211372064277,662,纵情起舞吧！,1.0825416409623692,626,ラブレター,1.9844171061742806
7063,メルラン・プリズムリバー,梅露兰·普莉兹姆利巴,A6,攻击,662,纵情起舞吧！,1.068571428571428,662,纵情起舞吧！,1.0685714285714285,662,纵情起舞吧！,1.068571428571428,662,纵情起舞吧！,1.0685714285714285,626,ラブレター,1.9910860393429848
7064,リリカ・プリズムリバー,莉莉卡·普莉兹姆利巴,A6,速攻,664,想いを手紙に託して,1.075162418790605,664,想いを手紙に託して,1.0766114180478825,664,想いを手紙に託して,1.075162418790605,664,想いを手紙に託して,1.0766114180478825,487,表里一体,1.985104288915485
7073,ルーミア,露米娅,A6&,破坏,663,○か×かそんなの嫌（やー）よ,1.0752255378209583,390,异变神社,1.0711111111111113,663,○か×かそんなの嫌（やー）よ,1.0752255378209583,390,异变神社,1.0711111111111113,10904063,结界异常,2.3445971476957648
7080,ドレミー・スイート,哆来咪·苏伊特,A15.3&,防御,660,轮回往复 伦理渐佚,1.0730395251925748,660,轮回往复 伦理渐佚,1.0726411821131905,660,轮回往复 伦理渐佚,1.0730395251925748,660,轮回往复 伦理渐佚,1.0726411821131905,476,钓而不纲,2.224609151439858
7084,風見幽香,风见幽香,H5;7,技巧,663,○か×かそんなの嫌（やー）よ,1.0022548845400416,663,○か×かそんなの嫌（やー）よ,1.0146370516735619,663,○か×かそんなの嫌（やー）よ,1.0022548845400416,663,○か×かそんなの嫌（やー）よ,1.0146370516735619,555,アナザー剛欲同盟,1.4262416976355203
7085,霍青娥,霍青娥,A13,破坏,390,异变神社,1.0673684210526315,660,轮回往复 伦理渐佚,1.0790814988195885,390,异变神社,1.0673684210526315,660,轮回往复 伦理渐佚,1.0790814988195885,368,与你重逢的奇迹之日,2.195203917004149
7089,比那名居天子,比那名居天子,Lr,干扰,663,○か×かそんなの嫌（やー）よ,1.0737794499686457,663,○か×かそんなの嫌（やー）よ,1.0739726027397263,663,○か×かそんなの嫌（やー）よ,1.0737794499686457,663,○か×かそんなの嫌（やー）よ,1.0739726027397263,624,Spread your Wings,2.1624492950037615
7092,物部布都,物部布都,A13&,回复,663,○か×かそんなの嫌（やー）よ,1.07248322147651,663,○か×かそんなの嫌（やー）よ,1.072955869102067,663,○か×かそんなの嫌（やー）よ,1.07248322147651,663,○か×かそんなの嫌（やー）よ,1.072955869102067,367,祭月夜 SIDE辉夜,1.7699829948948549
7095,少名針妙丸,少名针妙丸,A14,破坏,380,凝眼怜花花亦友,1.0716666666666672,458,古明地观光无尽之旅,1.0644897041464467,380,凝眼怜花花亦友,1.0716666666666672,458,古明地观光无尽之旅,1.0644897041464467,566,海滨猎手,1.965504210307521
7112,庭渡久侘歌,庭渡久侘歌,A17.5&,速攻,664,想いを手紙に託して,1.0660118178260165,664,想いを手紙に託して,1.060309876077511,664,想いを手紙に託して,1.0660118178260165,664,想いを手紙に託して,1.060309876077511,469,失落之山,2.187168885081623
8001,博麗霊夢,博丽灵梦,L80,速攻,664,想いを手紙に託して,1.0682221457136043,664,想いを手紙に託して,1.0682221457136047,664,想いを手紙に託して,1.0682221457136043,664,想いを手紙に託して,1.0682221457136047,582,降神祈祷师的新年,2.0760875728269106
8002,霧雨魔理沙,雾雨魔理沙,L80,速攻,664,想いを手紙に託して,1.068093005986912,664,想いを手紙に託して,1.063311809594962,664,想いを手紙に託して,1.068093005986912,664,想いを手紙に託して,1.063311809594962,368,与你重逢的奇迹之日,2.146117857570687
8018,八意永琳,八意永琳,B3;6,攻击,0,,1.0,0,,1.0,0,,1.0,0,,1.0,295,月战型战前简报,1.7729988969081267
8021,清蘭,清兰,A15&,破坏,663,○か×かそんなの嫌（やー）よ,1.071622701838529,663,○か×かそんなの嫌（やー）よ,1.0721442885771546,663,○か×かそんなの嫌（やー）よ,1.071622701838529,663,○か×かそんなの嫌（やー）よ,1.0721442885771546,263,无限的花园,1.5626920727798348
8032,アリス・マーガトロイド,爱丽丝·玛格特罗依德,Z3,防御,660,轮回往复 伦理渐佚,1.0659574468085113,660,轮回往复 伦理渐佚,1.065859564164649,660,轮回往复 伦理渐佚,1.0659574468085113,660,轮回往复 伦理渐佚,1.065859564164649,10904064,结界异常,2.2315460953701405
8038,八坂神奈子,八坂神奈子,W2,支援,458,古明地观光无尽之旅,1.0605660377358492,380,凝眼怜花花亦友,1.0678947368421043,458,古明地观光无尽之旅,1.0605660377358492,380,凝眼怜花花亦友,1.0678947368421043,367,祭月夜 SIDE辉夜,1.8668449983133761
8039,洩矢諏訪子,泄矢诹访子,W2,干扰,458,古明地观光无尽之旅,1.063644171779141,380,凝眼怜花花亦友,1.0716666666666665,458,古明地观光无尽之旅,1.063644171779141,380,凝眼怜花花亦友,1.0716666666666665,620,死者的慈悲(Dead man's Tolerance),1.782293724017441
8054,小野塚小町,小野冢小町,C3≦,支援,0,,1.0,0,,1.0,0,,1.0,0,,1.0,511,村中万物皆调畅,1.6794791180822217
8055,四季映姫・ヤマザナドゥ,四季映姬·夜摩仙那度,C5>,技巧,458,古明地观光无尽之旅,1.0522254335260117,458,古明地观光无尽之旅,1.052423038728898,458,古明地观光无尽之旅,1.0522254335260117,458,古明地观光无尽之旅,1.052423038728898,603,花园的最高裁判长,2.1663856885280164
8057,純狐,纯狐,L80,技巧,454,南国冥界海鲜美食家,1.0726586228618498,663,○か×かそんなの嫌（やー）よ,1.0774803149606296,454,南国冥界海鲜美食家,1.0726586228618498,663,○か×かそんなの嫌（やー）よ,1.0774803149606296,619,慈爱黑寡妇(Maternal onyx widow),2.4509976749552185
8058,クラウンピース,克劳恩皮丝,A15&,技巧,660,轮回往复 伦理渐佚,1.0728129910948137,663,○か×かそんなの嫌（やー）よ,1.075191459735438,660,轮回往复 伦理渐佚,1.0728129910948137,663,○か×かそんなの嫌（やー）よ,1.075191459735438,10904064,结界异常,2.043754789246732
8059,秋静葉,秋静叶,A10&,破坏,660,轮回往复 伦理渐佚,1.071340437464947,660,轮回往复 伦理渐佚,1.0680606377417672,660,轮回往复 伦理渐佚,1.071340437464947,660,轮回往复 伦理渐佚,1.0680606377417672,294,月战型日常训练,1.6271814445556252
8076,多々良小傘,多多良小伞,A12,干扰,663,○か×かそんなの嫌（やー）よ,1.0789727126805784,663,○か×かそんなの嫌（やー）よ,1.078770949720671,663,○か×かそんなの嫌（やー）よ,1.0789727126805784,663,○か×かそんなの嫌（やー）よ,1.078770949720671,469,失落之山,2.1732501936507393
8081,稀神サグメ,稀神探女,C3∫,回复,458,古明地观光无尽之旅,1.0565004061738423,458,古明地观光无尽之旅,1.0579949824623507,458,古明地观光无尽之旅,1.0565004061738423,458,古明地观光无尽之旅,1.0579949824623507,402,月战型领袖团队,2.1856662609186728
8082,二ッ岩マミゾウ,二岩猯藏,A14.5&,干扰,662,纵情起舞吧！,1.0603888956830128,662,纵情起舞吧！,1.0661651873025426,662,纵情起舞吧！,1.0603888956830128,662,纵情起舞吧！,1.0661651873025426,493,失落的祟神,2.1610002386782043
8085,霍青娥,霍青娥,C3',技巧,664,想いを手紙に託して,1.0609622886866061,454,南国冥界海鲜美食家,1.0566393762183233,664,想いを手紙に託して,1.0609622886866061,454,南国冥界海鲜美食家,1.0566393762183233,620,死者的慈悲(Dead man's Tolerance),2.223572708763383
8092,物部布都,物部布都,Y5,攻击,662,纵情起舞吧！,1.0735795454545454,458,古明地观光无尽之旅,1.0566143106457244,662,纵情起舞吧！,1.0735795454545454,458,古明地观光无尽之旅,1.0566143106457244,603,花园的最高裁判长,1.6715491899264239
8099,水橋パルスィ,水桥帕露西,W3,技巧,663,○か×かそんなの嫌（やー）よ,1.0718562874251496,663,○か×かそんなの嫌（やー）よ,1.0757778289928561,663,○か×かそんなの嫌（やー）よ,1.0718562874251496,663,○か×かそんなの嫌（やー）よ,1.0757778289928561,625,欠損Ride on,2.0647178899590535
10002,霧雨魔理沙,雾雨魔理沙,D8,攻击,248,偶遇幕后黑手？,1.0,13,不死的激斗,1.0,248,偶遇幕后黑手？,1.0,13,不死的激斗,1.0,282,小小的乐团成员,1.0
10003,レミリア・スカーレット,蕾米莉亚·斯卡雷特,Ce9,攻击,660,轮回往复 伦理渐佚,1.0673229018492179,660,轮回往复 伦理渐佚,1.0668011294876962,660,轮回往复 伦理渐佚,1.0673229018492179,660,轮回往复 伦理渐佚,1.0668011294876962,420,命运交织！(Engage!),2.1881518562059923
10004,フランドール・スカーレット,芙兰朵露·斯卡雷特,Ce1,速攻,660,轮回往复 伦理渐佚,1.0705882352941178,660,轮回往复 伦理渐佚,1.0705882352941178,660,轮回往复 伦理渐佚,1.0705882352941178,660,轮回往复 伦理渐佚,1.0705882352941178,430,芙兰的睡床,1.985180900131913
10030,チルノ,琪露诺,E7,攻击,380,凝眼怜花花亦友,1.0758823529411765,662,纵情起舞吧！,1.0610864366245307,380,凝眼怜花花亦友,1.0758823529411765,662,纵情起舞吧！,1.0610864366245307,505,魔賢者,2.120791095006075
10039,洩矢諏訪子,泄矢诹访子,W2.-5,干扰,0,,1.0,663,○か×かそんなの嫌（やー）よ,1.0045221843003411,0,,1.0,663,○か×かそんなの嫌（やー）よ,1.0045221843003411,10903002,狩猎者与猎物,2.097025586258253
10043,宇佐見菫子,宇佐见堇子,A14.5&,破坏,458,古明地观光无尽之旅,1.0587456999206144,380,凝眼怜花花亦友,1.0646277867601854,458,古明地观光无尽之旅,1.0587456999206144,380,凝眼怜花花亦友,1.0646277867601854,493,失落的祟神,1.9000419596901645
10045,姫海棠はたて,姬海棠果,A12.5&,破坏,663,○か×かそんなの嫌（やー）よ,1.0690885914595285,663,○か×かそんなの嫌（やー）よ,1.0682274247491634,663,○か×かそんなの嫌（やー）よ,1.0690885914595285,663,○か×かそんなの嫌（やー）よ,1.0682274247491634,367,祭月夜 SIDE辉夜,1.9398613846969561
10048,伊吹萃香,伊吹萃香,○○,破坏,390,异变神社,1.1279999999999992,390,异变神社,1.1280000000000001,390,异变神社,1.1279999999999992,390,异变神社,1.1280000000000001,464,幻想落语压轴登场,1.755
10057,純狐,纯狐,C3',速攻,662,纵情起舞吧！,1.046728560015428,664,想いを手紙に託して,1.0489641292766663,662,纵情起舞吧！,1.046728560015428,664,想いを手紙に託して,1.0489641292766663,619,慈爱黑寡妇(Maternal onyx widow),2.478645526165668
10058,クラウンピース,克劳恩皮丝,C3≦,干扰,663,○か×かそんなの嫌（やー）よ,1.0662790697674418,663,○か×かそんなの嫌（やー）よ,1.065849954439607,663,○か×かそんなの嫌（やー）よ,1.0662790697674418,663,○か×かそんなの嫌（やー）よ,1.065849954439607,432,当心道中落石,2.197749927443204
10066,依神紫苑,依神紫苑,L80,破坏,660,轮回往复 伦理渐佚,1.0655086848635231,660,轮回往复 伦理渐佚,1.065866209262435,660,轮回往复 伦理渐佚,1.0655086848635231,660,轮回往复 伦理渐佚,1.065866209262435,622,追忆之爱,2.1901064990090298
10069,摩多羅隠岐奈,摩多罗隐岐奈,L80,回复,660,轮回往复 伦理渐佚,1.0764086120018321,660,轮回往复 伦理渐佚,1.076942380623423,660,轮回往复 伦理渐佚,1.0764086120018321,660,轮回往复 伦理渐佚,1.076942380623423,494,悲伤的出口,2.081547094359924
10085,霍青娥,霍青娥,少女祈祷中,破坏,390,异变神社,1.1280000000000001,390,异变神社,1.1279999999999997,390,异变神社,1.1280000000000001,390,异变神社,1.1279999999999997,10904064,结界异常,2.1093175179314847
10099,水橋パルスィ,水桥帕露西,L80,干扰,663,○か×かそんなの嫌（やー）よ,1.0697702785118932,663,○か×かそんなの嫌（やー）よ,1.069884698065273,663,○か×かそんなの嫌（やー）よ,1.0697702785118932,663,○か×かそんなの嫌（やー）よ,1.069884698065273,625,欠損Ride on,2.00968768429186
10107,エタニティラルバ,爱塔妮缇拉尔瓦,A16&,回复,660,轮回往复 伦理渐佚,1.074826789838337,660,轮回往复 伦理渐佚,1.0768942937324604,660,轮回往复 伦理渐佚,1.074826789838337,660,轮回往复 伦理渐佚,1.0768942937324604,625,欠損Ride on,2.2704550725887693
11003,レミリア・スカーレット,蕾米莉亚·斯卡雷特,Z3,回复,660,轮回往复 伦理渐佚,1.0689724310776942,390,异变神社,1.0682666666666665,660,轮回往复 伦理渐佚,1.0689724310776942,390,异变神社,1.0682666666666665,622,追忆之爱,2.210325148568811
11009,八雲紫,八云紫,L50ws,攻击,0,,1.0,0,,1.0,0,,1.0,0,,1.0,489,时间界限,1.6958594346893159
11010,西行寺幽々子,西行寺幽幽子,B5,干扰,664,想いを手紙に託して,1.0770090244950579,380,凝眼怜花花亦友,1.0781818181818188,664,想いを手紙に託して,1.0770090244950579,380,凝眼怜花花亦友,1.0781818181818188,637,海雀的歌声,2.0560332883686514
11032,アリス・マーガトロイド,爱丽丝·玛格特罗依德,C3<,回复,660,轮回往复 伦理渐佚,1.0757894736842106,660,轮回往复 伦理渐佚,1.0757894736842109,660,轮回往复 伦理渐佚,1.0757894736842106,660,轮回往复 伦理渐佚,1.0757894736842109,312,黄泉有闲人,2.203568363006238
11040,河城にとり,河城荷取,A18.5,破坏,454,南国冥界海鲜美食家,1.0669606903163946,454,南国冥界海鲜美食家,1.066684320030263,454,南国冥界海鲜美食家,1.0669606903163946,454,南国冥界海鲜美食家,1.066684320030263,427,女子二乐坊 Ver.ROCK★,1.4762007295714847
11044,射命丸文,射命丸文,C3<,攻击,663,○か×かそんなの嫌（やー）よ,1.075,390,异变神社,1.0799999999999996,663,○か×かそんなの嫌（やー）よ,1.075,390,异变神社,1.0799999999999996,469,失落之山,2.2353609986911875
11048,伊吹萃香,伊吹萃香,A7.5&,攻击,660,轮回往复 伦理渐佚,1.067812526201056,660,轮回往复 伦理渐佚,1.0719547304675865,660,轮回往复 伦理渐佚,1.067812526201056,660,轮回往复 伦理渐佚,1.0719547304675865,469,失落之山,2.25
11050,古明地さとり,古明地觉,Z3,支援,663,○か×かそんなの嫌（やー）よ,1.0849628121494157,663,○か×かそんなの嫌（やー）よ,1.0781137878011278,663,○か×かそんなの嫌（やー）よ,1.0849628121494157,663,○か×かそんなの嫌（やー）よ,1.0781137878011278,529,凶险至极之梦,2.105097566071653
11087,秦こころ,秦心,C8≪,技巧,663,○か×かそんなの嫌（やー）よ,1.0631578947368419,663,○か×かそんなの嫌（やー）よ,1.063157894736842,663,○か×かそんなの嫌（やー）よ,1.0631578947368419,663,○か×かそんなの嫌（やー）よ,1.063157894736842,462,模拟二童子,2.2386657142135236
11103,雲居一輪,云居一轮,A12&,技巧,660,轮回往复 伦理渐佚,1.0705882352941176,660,轮回往复 伦理渐佚,1.070315288518739,660,轮回往复 伦理渐佚,1.0705882352941176,660,轮回往复 伦理渐佚,1.070315288518739,476,钓而不纲,1.8867598032446224
12002,霧雨魔理沙,雾雨魔理沙,F1,破坏,660,轮回往复 伦理渐佚,1.0654213366542133,660,轮回往复 伦理渐佚,1.0654213366542138,660,轮回往复 伦理渐佚,1.0654213366542133,660,轮回往复 伦理渐佚,1.0654213366542138,503,繁星璀璨之夜的魔术师,2.0865034540524134
12004,フランドール・スカーレット,芙兰朵露·斯卡雷特,Lr,速攻,663,○か×かそんなの嫌（やー）よ,1.0682156553124298,663,○か×かそんなの嫌（やー）よ,1.0596685082872925,663,○か×かそんなの嫌（やー）よ,1.0682156553124298,663,○か×かそんなの嫌（やー）よ,1.0596685082872925,604,新花园的管理员,1.6822117684430595
12008,小悪魔,小恶魔,A6&,支援,660,轮回往复 伦理渐佚,1.0780395852968896,660,轮回往复 伦理渐佚,1.0756349952963313,660,轮回往复 伦理渐佚,1.0780395852968896,660,轮回往复 伦理渐佚,1.0756349952963313,368,与你重逢的奇迹之日,2.1962890717617296
12015,鈴仙・優曇華院・イナバ,铃仙·优昙华院·因幡,B1,攻击,662,纵情起舞吧！,1.0733624454148474,662,纵情起舞吧！,1.0727870218231466,662,纵情起舞吧！,1.0733624454148474,662,纵情起舞吧！,1.0727870218231466,486,光谱学,2.35982105785844
12040,河城にとり,河城荷取,L80,速攻,663,○か×かそんなの嫌（やー）よ,1.0697243023451406,664,想いを手紙に託して,1.0695652173913046,663,○か×かそんなの嫌（やー）よ,1.0697243023451406,664,想いを手紙に託して,1.0695652173913046,623,世界第一,2.3040245152399477
12044,射命丸文,射命丸文,L80,速攻,664,想いを手紙に託して,1.0587341772151897,664,想いを手紙に託して,1.0592592592592593,664,想いを手紙に託して,1.0587341772151897,664,想いを手紙に託して,1.0592592592592593,626,ラブレター,2.454155104171056
12050,古明地さとり,古明地觉,L0o,干扰,664,想いを手紙に託して,1.0622871046228712,664,想いを手紙に託して,1.0669575052512517,664,想いを手紙に託して,1.0622871046228712,664,想いを手紙に託して,1.0669575052512517,432,当心道中落石,2.093232458059802
12087,秦こころ,秦心,L80,攻击,662,纵情起舞吧！,1.0619286121853801,662,纵情起舞吧！,1.065126199786704,662,纵情起舞吧！,1.0619286121853801,662,纵情起舞吧！,1.065126199786704,624,Spread your Wings,2.2025883946057165
12104,封獣ぬえ,封兽鵺,A12&,破坏,663,○か×かそんなの嫌（やー）よ,1.0751446802196172,663,○か×かそんなの嫌（やー）よ,1.0743803506673142,663,○か×かそんなの嫌（やー）よ,1.0751446802196172,663,○か×かそんなの嫌（やー）よ,1.0743803506673142,522,超越幻想,2.07337404144191
13002,霧雨魔理沙,雾雨魔理沙,Cz1,速攻,664,想いを手紙に託して,1.0789712789712795,664,想いを手紙に託して,1.0744539411206078,664,想いを手紙に託して,1.0789712789712795,664,想いを手紙に託して,1.0744539411206078,457,怪獣はなぜ滅んだのか,2.2795256789002787
13005,十六夜咲夜,十六夜咲夜,D8,速攻,390,异变神社,1.0556521739130431,390,异变神社,1.0556521739130436,390,异变神社,1.0556521739130431,390,异变神社,1.0556521739130436,532,ダイブ·トゥ·ツリー,1.9271590234040548
13007,紅美鈴,红美铃,A12.3,技巧,454,南国冥界海鲜美食家,1.0643711843711847,454,南国冥界海鲜美食家,1.0636406619385348,454,南国冥界海鲜美食家,1.0643711843711847,454,南国冥界海鲜美食家,1.0636406619385348,583,红梦魔女的新年,1.9373508872004834
13037,東風谷早苗,东风谷早苗,A19&,干扰,664,想いを手紙に託して,1.065710560625815,664,想いを手紙に託して,1.0657105606258148,664,想いを手紙に託して,1.065710560625815,664,想いを手紙に託して,1.0657105606258148,604,新花园的管理员,2.028785804878754
13040,河城にとり,河城荷取,C3<,技巧,660,轮回往复 伦理渐佚,1.0623323442877415,660,轮回往复 伦理渐佚,1.06218873094708,660,轮回往复 伦理渐佚,1.0623323442877415,660,轮回往复 伦理渐佚,1.06218873094708,510,安闲惬意的神秘竹林,2.3307911672587656
13050,古明地さとり,古明地觉,Cs2#,支援,663,○か×かそんなの嫌（やー）よ,1.0680658539650623,663,○か×かそんなの嫌（やー）よ,1.068106044538706,663,○か×かそんなの嫌（やー）よ,1.0680658539650623,663,○か×かそんなの嫌（やー）よ,1.068106044538706,637,海雀的歌声,2.344342565189738
13056,ヘカーティア・ラピスラズリ,赫卡提亚·拉碧斯拉祖利,C5>,攻击,0,,1.0,0,,1.0,0,,1.0,0,,1.0,602,花园地狱的女神,1.6856996493129182
14006,パチュリー・ノーレッジ,帕秋莉·诺蕾姬,A10.5,技巧,380,凝眼怜花花亦友,1.080625,664,想いを手紙に託して,1.0688172043010753,380,凝眼怜花花亦友,1.080625,664,想いを手紙に託して,1.0688172043010753,486,光谱学,1.9711853143061753
14010,西行寺幽々子,西行寺幽幽子,R2.-5,速攻,0,,1.0,0,,1.0,0,,1.0,0,,1.0,554,アナザー勁牙組,1.676679672470474
14015,鈴仙・優曇華院・イナバ,铃仙·优昙华院·因幡,T5,破坏,662,纵情起舞吧！,1.0714975845410628,662,纵情起舞吧！,1.076401869158879,662,纵情起舞吧！,1.0714975845410628,662,纵情起舞吧！,1.076401869158879,532,ダイブ·トゥ·ツリー,1.7354703965037703
14040,河城にとり,河城荷取,C3≧,支援,662,纵情起舞吧！,1.0520640269587185,662,纵情起舞吧！,1.0555555555555554,662,纵情起舞吧！,1.0520640269587185,662,纵情起舞吧！,1.0555555555555554,425,星の人形たち,2.5796801967583822
15004,フランドール・スカーレット,芙兰朵露·斯卡雷特,C5>,破坏,458,古明地观光无尽之旅,1.0567885385547409,380,凝眼怜花花亦友,1.0648241206030153,458,古明地观光无尽之旅,1.0567885385547409,380,凝眼怜花花亦友,1.0648241206030153,410,密室少女,2.1875255650780603
15011,魂魄妖夢,魂魄妖梦,L10.1,速攻,664,想いを手紙に託して,1.0613670097574033,664,想いを手紙に託して,1.0659015179563116,664,想いを手紙に託して,1.0613670097574033,664,想いを手紙に託して,1.0659015179563116,296,月战型午餐时间,2.2158650988553172
15015,鈴仙・優曇華院・イナバ,铃仙·优昙华院·因幡,C3∫,支援,660,轮回往复 伦理渐佚,1.0719153936545238,663,○か×かそんなの嫌（やー）よ,1.0749785038693036,660,轮回往复 伦理渐佚,1.0719153936545238,663,○か×かそんなの嫌（やー）よ,1.0749785038693036,294,月战型日常训练,2.376163734016244
15037,東風谷早苗,东风谷早苗,F1.-5,支援,0,,1.0,0,,1.0,0,,1.0,0,,1.0,636,爱丽丝的维护工作,1.3645175223291546
15051,古明地こいし,古明地恋,C5>,破坏,454,南国冥界海鲜美食家,1.0591826522101753,454,南国冥界海鲜美食家,1.0581139896373053,454,南国冥界海鲜美食家,1.0591826522101753,454,南国冥界海鲜美食家,1.0581139896373053,493,失落的祟神,2.2079152390328085
16004,フランドール・スカーレット,芙兰朵露·斯卡雷特,A17&,回复,663,○か×かそんなの嫌（やー）よ,1.0559498956158664,663,○か×かそんなの嫌（やー）よ,1.062752293577981,663,○か×かそんなの嫌（やー）よ,1.0559498956158664,663,○か×かそんなの嫌（やー）よ,1.062752293577981,432,当心道中落石,2.2289274066614544
16006,パチュリー・ノーレッジ,帕秋莉·诺蕾姬,L80,防御,660,轮回往复 伦理渐佚,1.0686161879895562,660,轮回往复 伦理渐佚,1.0673496659242756,660,轮回往复 伦理渐佚,1.0686161879895562,660,轮回往复 伦理渐佚,1.0673496659242756,495,(TT)钟情言语,2.233909379571962
16011,魂魄妖夢,魂魄妖梦,R8.-5,速攻,663,○か×かそんなの嫌（やー）よ,1.010274435581993,0,,1.0,663,○か×かそんなの嫌（やー）よ,1.010274435581993,0,,1.0,312,黄泉有闲人,1.8990126659847397
16015,鈴仙・優曇華院・イナバ,铃仙·优昙华院·因幡,Cb3#,干扰,664,想いを手紙に託して,1.0623211446740857,664,想いを手紙に託して,1.0637797024206077,664,想いを手紙に託して,1.0623211446740857,664,想いを手紙に託して,1.0637797024206077,532,ダイブ·トゥ·ツリー,2.3524663553497693
16037,東風谷早苗,东风谷早苗,A15A&,技巧,662,纵情起舞吧！,1.0602767724079198,662,纵情起舞吧！,1.0625210084033623,662,纵情起舞吧！,1.0602767724079198,662,纵情起舞吧！,1.0625210084033623,296,月战型午餐时间,2.297466458201226
16051,古明地こいし,古明地恋,○○,破坏,380,凝眼怜花花亦友,1.1290000000000002,380,凝眼怜花花亦友,1.1290000000000004,380,凝眼怜花花亦友,1.1290000000000002,380,凝眼怜花花亦友,1.1290000000000004,638,海彦的呼声,2.0792768741224283
17004,フランドール・スカーレット,芙兰朵露·斯卡雷特,D8.-5,破坏,0,,1.0,0,,1.0,0,,1.0,0,,1.0,510,安闲惬意的神秘竹林,2.3301255942532713
17051,古明地こいし,古明地恋,S5,支援,660,轮回往复 伦理渐佚,1.0764247642476426,660,轮回往复 伦理渐佚,1.0760101929377501,660,轮回往复 伦理渐佚,1.0764247642476426,660,轮回往复 伦理渐佚,1.0760101929377501,622,追忆之爱,2.103413840200693
18005,十六夜咲夜,十六夜咲夜,A7A,速攻,380,凝眼怜花花亦友,1.06972972972973,454,南国冥界海鲜美食家,1.0602469135802468,380,凝眼怜花花亦友,1.06972972972973,454,南国冥界海鲜美食家,1.0602469135802468,312,黄泉有闲人,2.232753124632511
18011,魂魄妖夢,魂魄妖梦,Cb3#,破坏,664,想いを手紙に託して,1.0718662952646243,664,想いを手紙に託して,1.0687463213655095,664,想いを手紙に託して,1.0718662952646243,664,想いを手紙に託して,1.0687463213655095,553,アナザー鬼傑組,2.2162254789856997
18051,古明地こいし,古明地恋,C8≪,速攻,663,○か×かそんなの嫌（やー）よ,1.064864864864865,663,○か×かそんなの嫌（やー）よ,1.0648648648648653,663,○か×かそんなの嫌（やー）よ,1.064864864864865,663,○か×かそんなの嫌（やー）よ,1.0648648648648653,382,末那识的初梦枕,2.341216216216216
19001,博麗霊夢,博丽灵梦,C3,速攻,664,想いを手紙に託して,1.0795645317189806,664,想いを手紙に託して,1.0580252690687886,664,想いを手紙に託して,1.0795645317189806,664,想いを手紙に託して,1.0580252690687886,430,芙兰的睡床,1.9592840211670466
19002,霧雨魔理沙,雾雨魔理沙,C3,支援,454,南国冥界海鲜美食家,1.0615887243711917,664,想いを手紙に託して,1.0671680951548017,454,南国冥界海鲜美食家,1.0615887243711917,664,想いを手紙に託して,1.0671680951548017,583,红梦魔女的新年,2.1195866694017695
19003,レミリア・スカーレット,蕾米莉亚·斯卡雷特,E1,支援,390,异变神社,1.077575757575757,663,○か×かそんなの嫌（やー）よ,1.0717760440569064,390,异变神社,1.077575757575757,663,○か×かそんなの嫌（やー）よ,1.0717760440569064,357,暖热的指尖,1.6562707631852402
19005,十六夜咲夜,十六夜咲夜,A7B,技巧,380,凝眼怜花花亦友,1.077014925373134,454,南国冥界海鲜美食家,1.072158273381295,380,凝眼怜花花亦友,1.077014925373134,454,南国冥界海鲜美食家,1.072158273381295,489,时间界限,1.8197394316579745
19009,八雲紫,八云紫,A6,速攻,380,凝眼怜花花亦友,1.0687999999999995,380,凝眼怜花花亦友,1.0687999999999998,380,凝眼怜花花亦友,1.0687999999999995,380,凝眼怜花花亦友,1.0687999999999998,369,业速,1.6970455938398377
19032,アリス・マーガトロイド,爱丽丝·玛格特罗依德,A6,干扰,380,凝眼怜花花亦友,1.071666666666667,662,纵情起舞吧！,1.0662186927306052,380,凝眼怜花花亦友,1.071666666666667,662,纵情起舞吧！,1.0662186927306052,358,斑驳木春菊,1.661323827554387
19037,東風谷早苗,东风谷早苗,F1,支援,663,○か×かそんなの嫌（やー）よ,1.0646699621983131,390,异变神社,1.065641025641026,663,○か×かそんなの嫌（やー）よ,1.0646699621983131,390,异变神社,1.065641025641026,390,异变神社,2.1987710831234843
19051,古明地こいし,古明地恋,Cf1#,技巧,662,纵情起舞吧！,1.0835526315789479,662,纵情起舞吧！,1.0778491337283433,662,纵情起舞吧！,1.0835526315789479,662,纵情起舞吧！,1.0778491337283433,554,アナザー勁牙組,2.347471966658416
20003,レミリア・スカーレット,蕾米莉亚·斯卡雷特,D8.-5,技巧,0,,1.0,663,○か×かそんなの嫌（やー）よ,1.0016882900864934,0,,1.0,663,○か×かそんなの嫌（やー）よ,1.0016882900864934,457,怪獣はなぜ滅んだのか,2.0590897956319023
20005,十六夜咲夜,十六夜咲夜,A9.4&,攻击,663,○か×かそんなの嫌（やー）よ,1.0707528233409704,663,○か×かそんなの嫌（やー）よ,1.0702104887620405,663,○か×かそんなの嫌（やー）よ,1.0707528233409704,663,○か×かそんなの嫌（やー）よ,1.0702104887620405,490,PHANTOM PAIN,1.5661985521323867
21005,十六夜咲夜,十六夜咲夜,L10.1,破坏,454,南国冥界海鲜美食家,1.0579423868312756,664,想いを手紙に託して,1.0625407166123781,454,南国冥界海鲜美食家,1.0579423868312756,664,想いを手紙に託して,1.0625407166123781,295,月战型战前简报,2.2697560194705737
25001,博麗霊夢,博丽灵梦,L10.1,技巧,664,想いを手紙に託して,1.0682289832299314,664,想いを手紙に託して,1.0682522633113403,664,想いを手紙に託して,1.0682289832299314,664,想いを手紙に託して,1.0682522633113403,369,业速,1.6771762833757022
25002,霧雨魔理沙,雾雨魔理沙,L10.1,攻击,390,异变神社,1.073142857142857,390,异变神社,1.0731428571428565,390,异变神社,1.073142857142857,390,异变神社,1.0731428571428565,368,与你重逢的奇迹之日,2.23016042954032
26001,博麗霊夢,博丽灵梦,X1$,破坏,380,凝眼怜花花亦友,1.1290000000000002,380,凝眼怜花花亦友,1.1289999999999996,380,凝眼怜花花亦友,1.1290000000000002,380,凝眼怜花花亦友,1.1289999999999996,369,业速,1.9381153045966435
26002,霧雨魔理沙,雾雨魔理沙,Cz1#,攻击,664,想いを手紙に託して,1.0726011560693636,664,想いを手紙に託して,1.0639268195678118,664,想いを手紙に託して,1.0726011560693636,664,想いを手紙に託して,1.0639268195678118,583,红梦魔女的新年,2.1485950274107015
27001,博麗霊夢,博丽灵梦,Cf1#,速攻,663,○か×かそんなの嫌（やー）よ,1.0632432432432437,663,○か×かそんなの嫌（やー）よ,1.0616032492518181,663,○か×かそんなの嫌（やー）よ,1.0632432432432437,663,○か×かそんなの嫌（やー）よ,1.0616032492518181,582,降神祈祷师的新年,2.2271677999301307
27002,霧雨魔理沙,雾雨魔理沙,D8.-5,攻击,0,,1.0,0,,1.0,0,,1.0,0,,1.0,390,异变神社,2.048050253537067
28001,博麗霊夢,博丽灵梦,F1;4,攻击,0,,1.0,0,,1.0,0,,1.0,0,,1.0,369,业速,2.0443260377356745
50001,ゆっくりれいむ,油库里灵梦,AA,破坏,380,凝眼怜花花亦友,1.1289999999999996,390,异变神社,1.1505882352941175,380,凝眼怜花花亦友,1.1289999999999996,390,异变神社,1.1505882352941175,369,业速,2.164327146150537
50002,ゆっくりまりさ,油库里魔理沙,AA,支援,390,异变神社,1.1347368421052633,390,异变神社,1.1347368421052628,390,异变神社,1.1347368421052633,390,异变神社,1.1347368421052628,390,异变神社,2.2352479995432493
50003,ゆっくりレミリア,油库里蕾米莉亚,AA,攻击,390,异变神社,1.1340314136125655,390,异变神社,1.134031413612565,390,异变神社,1.1340314136125655,390,异变神社,1.134031413612565,622,追忆之爱,1.5402348461510909
50004,ゆっくりフラン,油库里芙兰,AA,速攻,390,异变神社,1.134736842105263,390,异变神社,1.1347368421052628,390,异变神社,1.134736842105263,390,异变神社,1.1347368421052628,622,追忆之爱,2.2778434624389656
50011,ゆっくりようむ,油库里妖梦,AA,技巧,390,异变神社,1.1422222222222222,380,凝眼怜花花亦友,1.1433333333333338,390,异变神社,1.1422222222222222,380,凝眼怜花花亦友,1.1433333333333338,489,时间界限,1.6430672520722127
50030,ゆっくりチルノ,油库里琪露诺,AA,攻击,380,凝眼怜花花亦友,1.129,380,凝眼怜花花亦友,1.129,380,凝眼怜花花亦友,1.129,380,凝眼怜花花亦友,1.129,510,安闲惬意的神秘竹林,2.5002110219116345
50032,ゆっくりアリス,油库里爱丽丝,AA,支援,390,异变神社,1.1347368421052635,390,异变神社,1.1347368421052635,390,异变神社,1.1347368421052635,390,异变神社,1.1347368421052635,383,狂气的赤瞳,1.6973684210526312
50037,ゆっくりさなえ,油库里早苗,AA,破坏,380,凝眼怜花花亦友,1.143333333333333,380,凝眼怜花花亦友,1.1433333333333335,380,凝眼怜花花亦友,1.143333333333333,380,凝眼怜花花亦友,1.1433333333333335,377,女神之夏，幻想之海,1.7083333333333321
51002,ゆっくりまりさ,油库里魔理沙,Az1,干扰,660,轮回往复 伦理渐佚,1.0745762711864406,660,轮回往复 伦理渐佚,1.078048780487805,660,轮回往复 伦理渐佚,1.0745762711864406,660,轮回往复 伦理渐佚,1.078048780487805,390,异变神社,2.203891444064073
